racer_no,date,races_prior,win_rate_prior,place_rate_prior,avg_st_prior,std_st_prior,recent5_races_prior,recent5_place_rate_prior,course1_races_prior,course1_place_rate_prior,course1_avg_st_prior,course2_races_prior,course2_place_rate_prior,course2_avg_st_prior,course3_races_prior,course3_place_rate_prior,course3_avg_st_prior,course4_races_prior,course4_place_rate_prior,course4_avg_st_prior,course5_races_prior,course5_place_rate_prior,course5_avg_st_prior,course6_races_prior,course6_place_rate_prior,course6_avg_st_prior
2014,20250227,325,0.0646153846153846,0.3384615384615385,0.1864506172839506,0.0780316928703431,5.0,0.2,57.0,0.5964912280701754,0.1540350877192982,49.0,0.3877551020408163,0.186734693877551,58.0,0.2586206896551724,0.1856140350877193,52.0,0.3461538461538461,0.1794230769230769,65.0,0.2307692307692307,0.1930769230769231,44.0,0.2045454545454545,0.2277272727272727
2538,20260802,616,0.0259740259740259,0.2597402597402597,0.2047222222222222,0.0889412376490166,5.0,0.0,94.0,0.4468085106382978,0.1960869565217391,121.0,0.2975206611570248,0.1945833333333333,122.0,0.2622950819672131,0.2160655737704918,113.0,0.2389380530973451,0.2005357142857143,102.0,0.1568627450980392,0.2024509803921568,64.0,0.109375,0.22546875
2878,20260727,815,0.1374233128834356,0.558282208588957,0.1780981595092024,0.0721429404837595,5.0,0.2,161.0,0.8198757763975155,0.1731055900621118,148.0,0.6756756756756757,0.1709459459459459,143.0,0.5104895104895105,0.1839160839160839,158.0,0.5822784810126582,0.1755696202531645,130.0,0.3384615384615385,0.1778461538461538,75.0,0.1866666666666666,0.1976
2903,20231029,117,0.0512820512820512,0.4102564102564102,0.1831623931623931,0.0800816845012851,5.0,0.2,14.0,0.5,0.1864285714285714,38.0,0.4736842105263157,0.175,25.0,0.52,0.1592,25.0,0.24,0.2012,13.0,0.2307692307692307,0.1915384615384615,2.0,0.5,0.3349999999999999
2930,20240425,117,0.1111111111111111,0.452991452991453,0.2032758620689655,0.0734585956810314,5.0,0.2,19.0,0.8421052631578947,0.2089473684210526,28.0,0.5357142857142857,0.1975,28.0,0.5357142857142857,0.1721428571428571,17.0,0.2941176470588235,0.230625,14.0,0.1428571428571428,0.2021428571428571,11.0,0.0,0.2490909090909091
3022,20231225,112,0.1428571428571428,0.5178571428571429,0.1534234234234234,0.0665967493118906,5.0,0.4,17.0,0.8823529411764706,0.1494117647058823,19.0,0.631578947368421,0.1589473684210526,22.0,0.4545454545454545,0.129047619047619,23.0,0.5652173913043478,0.1413043478260869,20.0,0.2,0.1695,11.0,0.3636363636363636,0.1927272727272727
3024,20260425,817,0.2949816401468788,0.6768665850673194,0.1609302325581395,0.0712237241227535,5.0,0.4,279.0,0.7992831541218638,0.1606093189964157,499.0,0.6192384769539078,0.1606613226452906,29.0,0.4827586206896552,0.1706896551724138,5.0,0.8,0.152,3.0,1.0,0.1866666666666666,2.0,0.0,0.1149999999999999
3044,20240408,183,0.0546448087431694,0.3989071038251366,0.1808333333333333,0.0574347455813987,5.0,0.8,28.0,0.6785714285714286,0.2028571428571428,35.0,0.4571428571428571,0.18,28.0,0.2857142857142857,0.1842857142857143,31.0,0.4838709677419355,0.1699999999999999,36.0,0.2222222222222222,0.1688571428571428,25.0,0.28,0.1832
3054,20260805,538,0.1951672862453531,0.5260223048327137,0.1733333333333333,0.0716594123910697,5.0,0.8,103.0,0.8058252427184466,0.1744117647058823,89.0,0.6404494382022472,0.1678651685393258,89.0,0.5955056179775281,0.1640449438202247,93.0,0.4623655913978494,0.1716129032258064,92.0,0.358695652173913,0.176195652173913,72.0,0.1944444444444444,0.1886111111111111
3065,20241012,275,0.04,0.3236363636363636,0.2066788321167883,0.0947273794276743,5.0,0.4,38.0,0.5,0.1963157894736842,53.0,0.3773584905660377,0.1971698113207547,46.0,0.3043478260869565,0.1934782608695652,51.0,0.2941176470588235,0.2007843137254902,49.0,0.2040816326530612,0.2153061224489796,38.0,0.2894736842105263,0.244054054054054
3070,20260617,424,0.1816037735849056,0.5660377358490566,0.1622966507177033,0.0661011841331623,5.0,0.2,81.0,0.8148148148148148,0.1438271604938271,153.0,0.5947712418300654,0.1747682119205298,101.0,0.396039603960396,0.1686,79.0,0.5316455696202531,0.1488311688311688,9.0,0.1111111111111111,0.17,1.0,0.0,0.12
3072,20260805,653,0.11791730474732,0.3981623277182236,0.1587748851454824,0.0697536675156086,5.0,0.0,142.0,0.6267605633802817,0.1528169014084507,454.0,0.3524229074889868,0.1580396475770925,49.0,0.2244897959183673,0.1828571428571428,7.0,0.0,0.1542857142857143,1.0,0.0,0.19,0.0,,
3075,20260805,686,0.1107871720116618,0.4256559766763848,0.1466812865497076,0.0710197909208296,5.0,0.2,108.0,0.6851851851851852,0.1414018691588785,122.0,0.4754098360655737,0.1561475409836065,129.0,0.3875968992248062,0.138828125,119.0,0.4957983193277311,0.1463025210084033,109.0,0.3302752293577982,0.1453211009174312,99.0,0.1515151515151515,0.1528282828282828
3081,20260531,494,0.1214574898785425,0.4919028340080971,0.170081466395112,0.069998497821301,5.0,0.0,77.0,0.7012987012987013,0.1739473684210526,90.0,0.6222222222222222,0.1592222222222222,87.0,0.5632183908045977,0.1603488372093023,85.0,0.4588235294117647,0.1729411764705882,88.0,0.3409090909090909,0.1683908045977011,67.0,0.2238805970149253,0.1913432835820895
3105,20260810,707,0.1301272984441301,0.5007072135785007,0.1682436260623229,0.0676960179378524,5.0,0.4,125.0,0.856,0.16432,120.0,0.5666666666666667,0.1639166666666666,129.0,0.5581395348837209,0.1751162790697674,120.0,0.3333333333333333,0.1601666666666666,108.0,0.3796296296296296,0.1704672897196261,105.0,0.2476190476190476,0.1763809523809524
3107,20260612,566,0.0689045936395759,0.3515901060070671,0.1836925795053003,0.0700451962728922,5.0,0.4,86.0,0.5697674418604651,0.1788372093023255,100.0,0.46,0.1945,101.0,0.3465346534653465,0.1784158415841584,100.0,0.34,0.1832,102.0,0.2058823529411764,0.1812745098039215,77.0,0.1818181818181818,0.1858441558441558
3141,20241204,281,0.0533807829181494,0.3238434163701068,0.1978291814946619,0.0816505835626861,5.0,0.2,46.0,0.5,0.173695652173913,46.0,0.4782608695652174,0.1719565217391304,52.0,0.3461538461538461,0.1965384615384615,46.0,0.2826086956521739,0.2128260869565217,53.0,0.2452830188679245,0.2166037735849056,38.0,0.0526315789473684,0.2157894736842105
3151,20231002,100,0.14,0.49,0.161,0.0731641988953613,5.0,0.6,20.0,0.75,0.172,24.0,0.4583333333333333,0.1595833333333333,20.0,0.5,0.1585,14.0,0.4285714285714285,0.1642857142857143,14.0,0.2857142857142857,0.1542857142857143,8.0,0.375,0.15
3156,20260727,656,0.0975609756097561,0.399390243902439,0.1689939024390244,0.0684490193903658,5.0,0.4,114.0,0.6929824561403509,0.1486842105263157,174.0,0.396551724137931,0.1782183908045977,156.0,0.4423076923076923,0.1614102564102564,132.0,0.2575757575757575,0.1699242424242424,40.0,0.15,0.18475,40.0,0.125,0.1975
3158,20260810,817,0.233782129742962,0.605875152998776,0.1540122699386503,0.0627838816924284,5.0,0.6,170.0,0.9294117647058824,0.1517058823529411,131.0,0.6564885496183206,0.1576744186046511,146.0,0.6506849315068494,0.149931506849315,132.0,0.5606060606060606,0.1488636363636364,131.0,0.4122137404580153,0.146412213740458,107.0,0.2616822429906542,0.1744859813084112
3159,20260506,652,0.3251533742331288,0.7193251533742331,0.1544923076923077,0.0652319230667182,5.0,0.6,218.0,0.8486238532110092,0.1543577981651376,431.0,0.6589327146171694,0.1546279069767441,2.0,0.0,0.14,1.0,0.0,,0.0,,,0.0,,
3161,20260808,820,0.124390243902439,0.5621951219512196,0.1792053789731051,0.0692571789887683,5.0,0.0,167.0,0.7784431137724551,0.1617964071856287,175.0,0.6342857142857142,0.1901714285714285,191.0,0.5340314136125655,0.1793157894736842,160.0,0.4625,0.18475,111.0,0.3783783783783784,0.1782882882882882,16.0,0.125,0.1913333333333333
3175,20260805,610,0.0672131147540983,0.4704918032786885,0.1725409836065573,0.0710063663205554,5.0,0.6,100.0,0.65,0.1759,114.0,0.6403508771929824,0.1690350877192982,107.0,0.514018691588785,0.1779439252336448,106.0,0.490566037735849,0.1538679245283018,102.0,0.3137254901960784,0.1707843137254902,81.0,0.1234567901234567,0.1928395061728395
3176,20260314,623,0.117174959871589,0.4093097913322632,0.1814767255216693,0.0693496666471955,5.0,0.0,99.0,0.7474747474747475,0.143030303030303,118.0,0.5338983050847458,0.1805084745762712,107.0,0.3644859813084112,0.1757943925233644,102.0,0.3627450980392157,0.1931372549019607,116.0,0.293103448275862,0.1838793103448276,81.0,0.0987654320987654,0.2192592592592592
3188,20250404,493,0.1764705882352941,0.6227180527383367,0.1690872210953347,0.0715418323206141,5.0,0.8,115.0,0.9130434782608696,0.1573913043478261,79.0,0.6329113924050633,0.1775949367088607,73.0,0.6438356164383562,0.1771232876712328,91.0,0.6043956043956044,0.1679120879120879,75.0,0.4266666666666667,0.1598666666666666,60.0,0.3,0.1838333333333333
3202,20260810,641,0.0811232449297972,0.4024960998439937,0.1893896713615023,0.0753153201679755,5.0,0.4,116.0,0.6637931034482759,0.1780172413793103,112.0,0.5089285714285714,0.17625,110.0,0.3909090909090909,0.1907339449541284,102.0,0.3725490196078431,0.1751960784313725,96.0,0.25,0.1949473684210526,105.0,0.1809523809523809,0.2233333333333333
3207,20260721,435,0.0413793103448275,0.2735632183908046,0.1845747126436781,0.079147705971491,5.0,0.0,70.0,0.4,0.1941428571428571,83.0,0.3493975903614458,0.1897590361445783,81.0,0.2962962962962963,0.2045679012345679,69.0,0.2898550724637681,0.1760869565217391,77.0,0.1948051948051948,0.1607792207792208,55.0,0.0545454545454545,0.179090909090909
3211,20260810,601,0.0415973377703826,0.3227953410981697,0.1742833333333333,0.0759044556589985,5.0,0.2,93.0,0.6236559139784946,0.1880645161290322,98.0,0.3469387755102041,0.1827551020408163,114.0,0.3421052631578947,0.1721052631578947,104.0,0.3269230769230769,0.1626923076923077,107.0,0.1962616822429906,0.1684905660377358,85.0,0.0941176470588235,0.1737647058823529
3212,20260808,564,0.076241134751773,0.3971631205673759,0.174331550802139,0.0794025634309951,5.0,0.0,91.0,0.7472527472527473,0.1589010989010988,160.0,0.39375,0.1859375,120.0,0.3333333333333333,0.1698319327731092,123.0,0.2682926829268293,0.1716393442622951,44.0,0.3181818181818182,0.1676744186046511,26.0,0.2307692307692307,0.2011538461538461
3224,20260810,665,0.0721804511278195,0.3684210526315789,0.1834736842105263,0.0686702460381342,5.0,0.4,89.0,0.6067415730337079,0.179438202247191,120.0,0.4416666666666666,0.1963333333333333,126.0,0.4444444444444444,0.1742063492063492,125.0,0.344,0.17696,127.0,0.2677165354330709,0.1747244094488189,78.0,0.0641025641025641,0.2079487179487179
3226,20260808,756,0.0833333333333333,0.4232804232804232,0.182476821192053,0.0784085779228391,5.0,0.4,119.0,0.7310924369747899,0.1877310924369747,149.0,0.4630872483221476,0.1735570469798658,134.0,0.4552238805970149,0.1791791044776119,138.0,0.3550724637681159,0.1739855072463768,134.0,0.2835820895522388,0.18796992481203,82.0,0.1951219512195122,0.2018292682926829
3227,20240122,155,0.1806451612903225,0.4967741935483871,0.1670967741935484,0.0689643923263955,5.0,0.4,25.0,0.8,0.1796,29.0,0.5172413793103449,0.186551724137931,27.0,0.5925925925925926,0.17,36.0,0.4166666666666667,0.1544444444444444,24.0,0.375,0.13875,14.0,0.1428571428571428,0.18
3232,20260810,647,0.1993817619783616,0.5996908809891809,0.1545595054095827,0.0638033282605842,5.0,0.0,141.0,0.8865248226950354,0.1313475177304964,111.0,0.6846846846846847,0.1616216216216216,103.0,0.5339805825242718,0.1562135922330097,113.0,0.6194690265486725,0.1501769911504424,104.0,0.3557692307692308,0.1621153846153846,75.0,0.3333333333333333,0.1815999999999999
3233,20260720,696,0.1005747126436781,0.4123563218390804,0.1620028818443804,0.0652761369498499,5.0,0.4,108.0,0.7962962962962963,0.1592592592592592,130.0,0.5,0.1476923076923076,121.0,0.4049586776859504,0.15575,109.0,0.3577981651376147,0.1690825688073394,119.0,0.2605042016806723,0.1645378151260504,109.0,0.1559633027522936,0.1789814814814815
3243,20240618,150,0.0533333333333333,0.2,0.1981879194630872,0.091108414593633,5.0,0.0,27.0,0.3333333333333333,0.2242307692307692,50.0,0.16,0.1866,33.0,0.1818181818181818,0.1942424242424242,26.0,0.2307692307692307,0.193076923076923,8.0,0.125,0.1625,6.0,0.0,0.2733333333333334
3246,20260601,469,0.0959488272921108,0.3432835820895522,0.1678678038379531,0.0780255794785234,5.0,0.2,69.0,0.6521739130434783,0.18,95.0,0.4631578947368421,0.1816842105263158,95.0,0.2736842105263158,0.1626315789473684,104.0,0.2980769230769231,0.1666346153846154,74.0,0.1486486486486486,0.1516216216216216,32.0,0.125,0.1578125
3251,20260810,965,0.1803108808290155,0.5927461139896373,0.193740932642487,0.0610664738727767,5.0,0.6,186.0,0.8924731182795699,0.1801075268817204,172.0,0.6104651162790697,0.1931395348837209,172.0,0.5581395348837209,0.190406976744186,154.0,0.5974025974025974,0.1975974025974026,155.0,0.4193548387096774,0.1910967741935484,126.0,0.3809523809523809,0.2177777777777778
3256,20260805,844,0.2523696682464455,0.6492890995260664,0.1429320619785458,0.063802689810815,5.0,0.6,178.0,0.898876404494382,0.127683615819209,150.0,0.66,0.1398657718120805,145.0,0.6758620689655173,0.1365277777777777,130.0,0.6307692307692307,0.1378461538461538,136.0,0.4558823529411764,0.1494029850746268,105.0,0.4476190476190476,0.1798095238095238
3257,20260807,614,0.3566775244299674,0.6693811074918566,0.1277631578947368,0.0720215370604794,5.0,0.6,143.0,0.93006993006993,0.1146153846153846,385.0,0.6025974025974026,0.1301041666666666,67.0,0.582089552238806,0.118,14.0,0.5,0.2292857142857143,4.0,0.0,0.225,1.0,0.0,
3265,20260802,637,0.2339089481946624,0.6640502354788069,0.1478740157480315,0.0614910520506761,5.0,0.8,200.0,0.815,0.1462814070351758,426.0,0.5915492957746479,0.1492018779342723,10.0,0.8,0.123,1.0,0.0,,0.0,,,0.0,,
3268,20260808,575,0.1165217391304347,0.4104347826086956,0.176591304347826,0.0650527405634875,5.0,1.0,81.0,0.8395061728395061,0.1502469135802469,133.0,0.4360902255639097,0.1693233082706766,123.0,0.4146341463414634,0.1782113821138211,136.0,0.3088235294117647,0.1813235294117647,82.0,0.1829268292682926,0.19,20.0,0.1,0.2345
3273,20250728,425,0.1176470588235294,0.3835294117647059,0.1763593380614657,0.0714522337200227,5.0,0.4,67.0,0.7313432835820896,0.1832835820895522,68.0,0.4117647058823529,0.1770588235294117,75.0,0.48,0.1690666666666666,63.0,0.3809523809523809,0.1706451612903226,74.0,0.1621621621621621,0.1724324324324324,78.0,0.1794871794871795,0.1851948051948052
3277,20260810,662,0.0906344410876132,0.3640483383685801,0.1748091603053435,0.0700332652151782,5.0,0.2,111.0,0.6576576576576577,0.1665765765765765,112.0,0.5178571428571429,0.1820535714285714,130.0,0.3769230769230769,0.163046875,109.0,0.2844036697247706,0.1785981308411215,118.0,0.1610169491525423,0.1728448275862069,82.0,0.1341463414634146,0.1924691358024691
3280,20241123,235,0.1106382978723404,0.3659574468085106,0.1948510638297872,0.0804685689196387,5.0,0.0,40.0,0.725,0.1992499999999999,38.0,0.4210526315789473,0.2089473684210526,40.0,0.4,0.17425,35.0,0.3142857142857143,0.164,45.0,0.3111111111111111,0.184,37.0,0.0,0.2402702702702703
3282,20260810,687,0.0858806404657933,0.3988355167394469,0.1867201166180758,0.0652793979705949,5.0,0.2,99.0,0.7474747474747475,0.1564646464646464,127.0,0.5118110236220472,0.1883464566929134,129.0,0.4108527131782946,0.1767441860465116,125.0,0.328,0.18192,126.0,0.246031746031746,0.1896031746031746,81.0,0.1234567901234567,0.240625
3284,20260810,708,0.1384180790960452,0.4731638418079096,0.1874504249291785,0.080065578334869,5.0,0.8,118.0,0.8135593220338984,0.1509322033898305,133.0,0.5263157894736842,0.1923308270676691,127.0,0.5196850393700787,0.185748031496063,137.0,0.3284671532846715,0.1997794117647059,147.0,0.3265306122448979,0.1882876712328767,46.0,0.217391304347826,0.2326086956521739
3286,20260808,570,0.1105263157894736,0.3964912280701754,0.1612522045855379,0.067502837287606,5.0,0.4,89.0,0.8089887640449438,0.1486363636363636,106.0,0.4622641509433962,0.1567924528301887,112.0,0.4285714285714285,0.1392792792792792,90.0,0.3222222222222222,0.158314606741573,87.0,0.1954022988505747,0.1732183908045977,86.0,0.127906976744186,0.198953488372093
3289,20260629,393,0.104325699745547,0.361323155216285,0.1936895674300254,0.0791646933284493,5.0,0.4,66.0,0.5454545454545454,0.1866666666666666,76.0,0.4736842105263157,0.1856578947368421,72.0,0.3055555555555556,0.1797222222222222,64.0,0.40625,0.18078125,67.0,0.2537313432835821,0.2046268656716418,48.0,0.1041666666666666,0.2389583333333333
3290,20241212,212,0.1179245283018868,0.419811320754717,0.175,0.0646726153005375,5.0,0.4,36.0,0.6666666666666666,0.1561111111111111,57.0,0.4210526315789473,0.1798245614035087,43.0,0.4651162790697674,0.1634883720930232,37.0,0.3783783783783784,0.1808108108108108,28.0,0.1428571428571428,0.1924999999999999,11.0,0.2727272727272727,0.1927272727272727
3293,20260803,614,0.0342019543973941,0.3127035830618892,0.1987868852459016,0.072470483478063,5.0,0.0,91.0,0.5274725274725275,0.1676666666666666,112.0,0.3839285714285714,0.1965178571428571,108.0,0.3055555555555556,0.202037037037037,102.0,0.284313725490196,0.2026732673267326,117.0,0.2307692307692307,0.208,84.0,0.1428571428571428,0.2136904761904761
3294,20260808,640,0.0828125,0.3859375,0.14796875,0.0606650560325917,5.0,0.6,96.0,0.6458333333333334,0.1682291666666666,107.0,0.4392523364485981,0.1667289719626168,103.0,0.3009708737864077,0.1550485436893204,109.0,0.3944954128440367,0.1355963302752293,119.0,0.2605042016806723,0.1347058823529411,106.0,0.3113207547169811,0.1314150943396226
3297,20260803,708,0.1087570621468926,0.4759887005649718,0.1948368794326241,0.0718351762064844,5.0,0.8,121.0,0.6859504132231405,0.1814166666666666,241.0,0.4481327800829875,0.2057676348547717,204.0,0.4852941176470588,0.1826470588235294,107.0,0.3271028037383177,0.206,27.0,0.3333333333333333,0.1977777777777777,8.0,0.375,0.22125
3300,20260709,868,0.2131336405529953,0.5956221198156681,0.1441013824884792,0.0604380998637401,5.0,0.6,182.0,0.8681318681318682,0.1536813186813187,151.0,0.6688741721854304,0.1423841059602649,139.0,0.6258992805755396,0.1414388489208633,129.0,0.5038759689922481,0.1316279069767442,141.0,0.4539007092198581,0.141418439716312,126.0,0.3333333333333333,0.151031746031746
3302,20260810,601,0.1963394342762063,0.480865224625624,0.1735773710482529,0.0729233711301261,5.0,0.6,106.0,0.8113207547169812,0.1768867924528301,108.0,0.5833333333333334,0.181574074074074,110.0,0.4727272727272727,0.1659090909090909,100.0,0.47,0.1475,105.0,0.3142857142857143,0.1726666666666667,72.0,0.1111111111111111,0.2059722222222222
3303,20260810,898,0.1458797327394209,0.5556792873051225,0.1890401785714285,0.0695053838611254,5.0,0.2,174.0,0.8333333333333334,0.1829885057471264,157.0,0.6369426751592356,0.1814012738853503,162.0,0.6049382716049383,0.1768944099378882,148.0,0.4527027027027027,0.1973648648648648,140.0,0.4571428571428571,0.193,117.0,0.2136752136752136,0.2099137931034483
3304,20260810,921,0.2193268186753528,0.5754614549402823,0.1681086956521739,0.0593782013364404,5.0,0.4,184.0,0.8858695652173914,0.1620108695652173,146.0,0.6164383561643836,0.1728767123287671,156.0,0.6346153846153846,0.1648717948717948,164.0,0.524390243902439,0.1637195121951219,148.0,0.3918918918918919,0.1678231292517007,123.0,0.2764227642276423,0.181869918699187
3305,20260810,638,0.1081504702194357,0.3244514106583072,0.1697174254317111,0.0598814781313797,5.0,0.0,101.0,0.693069306930693,0.1775247524752475,113.0,0.336283185840708,0.175929203539823,112.0,0.4375,0.1842857142857143,107.0,0.2242990654205607,0.1517757009345794,115.0,0.1826086956521739,0.158859649122807,90.0,0.0555555555555555,0.1701111111111111
3306,20260805,601,0.0698835274542429,0.3510815307820299,0.16755,0.0659305000233832,5.0,0.2,92.0,0.6086956521739131,0.1668478260869565,108.0,0.3796296296296296,0.1672222222222222,110.0,0.4,0.175,100.0,0.32,0.1599,106.0,0.2169811320754717,0.1593333333333333,85.0,0.1764705882352941,0.178235294117647
3307,20240625,217,0.2626728110599078,0.5622119815668203,0.1680465116279069,0.0709922869994527,5.0,0.8,69.0,0.7536231884057971,0.1617391304347826,117.0,0.4957264957264957,0.1764102564102564,12.0,0.3333333333333333,0.1727272727272727,13.0,0.3846153846153846,0.135,5.0,0.4,0.132,1.0,1.0,0.15
3313,20260810,629,0.0922098569157392,0.3481717011128776,0.1820063694267515,0.0712811779424075,5.0,0.4,97.0,0.6185567010309279,0.1811340206185567,109.0,0.4495412844036697,0.1644036697247706,106.0,0.3679245283018867,0.1747619047619047,115.0,0.3391304347826087,0.1853043478260869,107.0,0.2149532710280373,0.1838317757009346,95.0,0.0947368421052631,0.2050526315789473
3315,20260810,582,0.0979381443298969,0.4621993127147766,0.1696557659208261,0.0834758166633591,5.0,0.0,83.0,0.7228915662650602,0.1569879518072289,108.0,0.5833333333333334,0.1575700934579439,102.0,0.5294117647058824,0.1499019607843137,104.0,0.4519230769230769,0.1608653846153846,100.0,0.27,0.1905,85.0,0.2117647058823529,0.2071764705882353
3319,20260805,784,0.1466836734693877,0.5663265306122449,0.1526086956521739,0.0606600339579698,5.0,0.6,138.0,0.7971014492753623,0.1547445255474452,140.0,0.6142857142857143,0.1492857142857142,132.0,0.6363636363636364,0.1523484848484848,147.0,0.4829931972789115,0.1436301369863013,121.0,0.4545454545454545,0.142892561983471,106.0,0.3584905660377358,0.1780188679245283
3327,20260810,827,0.1801692865779927,0.6009673518742442,0.1651526251526251,0.069356504315823,5.0,0.8,159.0,0.8867924528301887,0.1417610062893081,181.0,0.6298342541436464,0.1615555555555555,180.0,0.5444444444444444,0.1567222222222222,211.0,0.5497630331753555,0.1738164251207729,60.0,0.3166666666666666,0.181551724137931,36.0,0.25,0.2548571428571428
3331,20230818,31,0.064516129032258,0.5161290322580645,0.196774193548387,0.0759196135469869,5.0,0.4,5.0,1.0,0.15,3.0,0.6666666666666666,0.1666666666666666,7.0,0.2857142857142857,0.1485714285714285,4.0,1.0,0.2075,9.0,0.3333333333333333,0.2433333333333333,3.0,0.0,0.2633333333333333
3333,20260810,840,0.2357142857142857,0.638095238095238,0.1471309523809524,0.0605607290171854,5.0,1.0,181.0,0.9337016574585636,0.1297237569060773,138.0,0.6594202898550725,0.1497101449275362,136.0,0.6544117647058824,0.144485294117647,148.0,0.5540540540540541,0.1408108108108108,141.0,0.475177304964539,0.1621985815602837,96.0,0.3958333333333333,0.1676041666666666
3334,20260805,808,0.1472772277227722,0.4975247524752475,0.2008787128712871,0.0666273450710335,5.0,0.8,150.0,0.74,0.1998666666666666,146.0,0.5,0.2061643835616438,148.0,0.6486486486486487,0.1959459459459459,135.0,0.5185185185185185,0.204,129.0,0.2790697674418604,0.1933333333333333,100.0,0.16,0.2075
3338,20240503,129,0.0155038759689922,0.1782945736434108,0.1737209302325581,0.0750407617133149,5.0,0.2,20.0,0.35,0.1995,22.0,0.4090909090909091,0.1759090909090909,20.0,0.05,0.1925,26.0,0.1153846153846153,0.1742307692307692,20.0,0.15,0.136,21.0,0.0,0.1642857142857142
3339,20260805,641,0.1170046801872074,0.4539781591263651,0.1619656786271451,0.0826635687150886,5.0,0.2,104.0,0.5769230769230769,0.1799038461538461,120.0,0.4583333333333333,0.1746666666666666,109.0,0.5045871559633027,0.1510091743119266,103.0,0.5048543689320388,0.1507766990291262,113.0,0.3628318584070796,0.1420353982300885,92.0,0.3043478260869565,0.1751086956521739
3340,20260810,768,0.09375,0.3971354166666667,0.1825911458333333,0.0754063956500844,5.0,0.4,119.0,0.6890756302521008,0.1810084033613445,151.0,0.423841059602649,0.1671523178807946,133.0,0.3609022556390977,0.1883458646616541,125.0,0.384,0.1836799999999999,130.0,0.2923076923076923,0.1889230769230769,110.0,0.2272727272727272,0.1898181818181818
3346,20260126,429,0.0839160839160839,0.31002331002331,0.1762763466042154,0.0784626791323702,5.0,0.2,55.0,0.6727272727272727,0.1625925925925926,77.0,0.3116883116883117,0.1814285714285714,76.0,0.3289473684210526,0.1714666666666666,76.0,0.3157894736842105,0.1763157894736842,80.0,0.1625,0.17975,65.0,0.1538461538461538,0.1827692307692307
3347,20240802,301,0.1262458471760797,0.4784053156146179,0.1823588039867109,0.0769869741143731,5.0,0.6,50.0,0.8,0.153,34.0,0.5294117647058824,0.19,46.0,0.4782608695652174,0.1695652173913043,41.0,0.5365853658536586,0.1826829268292683,55.0,0.3454545454545454,0.1876363636363636,75.0,0.3066666666666666,0.2022666666666666
3349,20260810,731,0.2202462380300957,0.573187414500684,0.1554445964432284,0.0683129767988406,5.0,0.4,162.0,0.8703703703703703,0.1482098765432098,170.0,0.5705882352941176,0.1577058823529411,139.0,0.539568345323741,0.1584892086330935,136.0,0.5220588235294118,0.1454411764705882,86.0,0.3255813953488372,0.167906976744186,38.0,0.1842105263157894,0.1726315789473684
3350,20260801,741,0.1430499325236167,0.5303643724696356,0.1572493224932249,0.0615926398642633,5.0,0.4,134.0,0.835820895522388,0.1432089552238806,133.0,0.6917293233082706,0.1512121212121212,124.0,0.5080645161290323,0.1412903225806451,112.0,0.4464285714285714,0.1524324324324324,124.0,0.4112903225806452,0.1691056910569105,114.0,0.219298245614035,0.19
3352,20260810,697,0.0215208034433285,0.4031563845050215,0.1615804597701149,0.0705424537360231,5.0,0.4,0.0,,,0.0,,,0.0,,,1.0,1.0,0.07,10.0,0.4,0.19,686.0,0.4023323615160349,0.1612992700729927
3353,20260805,381,0.0708661417322834,0.2965879265091863,0.1641578947368421,0.0922472439513533,5.0,0.2,54.0,0.5925925925925926,0.1842592592592592,70.0,0.3285714285714285,0.1734285714285714,70.0,0.3714285714285714,0.152,70.0,0.3285714285714285,0.1284057971014492,67.0,0.1194029850746268,0.1598507462686567,50.0,0.02,0.2016
3355,20260805,191,0.0104712041884816,0.2041884816753926,0.2569633507853403,0.0841663381573927,5.0,0.2,27.0,0.3333333333333333,0.2348148148148148,38.0,0.2894736842105263,0.2505263157894736,35.0,0.1714285714285714,0.274,34.0,0.2647058823529412,0.2717647058823529,39.0,0.0769230769230769,0.2423076923076922,18.0,0.0555555555555555,0.2744444444444445
3357,20260810,653,0.0857580398162327,0.3721286370597244,0.2000765696784073,0.0701179947489967,5.0,0.4,106.0,0.7358490566037735,0.2022641509433962,127.0,0.4960629921259842,0.1962204724409448,113.0,0.3539823008849557,0.1946017699115044,112.0,0.2678571428571428,0.1808928571428571,114.0,0.219298245614035,0.2060526315789473,81.0,0.0864197530864197,0.2290123456790123
3361,20260810,611,0.0801963993453355,0.3256955810147299,0.1815296052631579,0.0710318389867824,5.0,0.6,90.0,0.5888888888888889,0.1419101123595505,103.0,0.4271844660194174,0.1755339805825242,105.0,0.3523809523809524,0.1710576923076923,105.0,0.2761904761904762,0.1835238095238095,98.0,0.2448979591836734,0.1908163265306122,110.0,0.109090909090909,0.2192660550458715
3362,20260810,804,0.1977611940298507,0.5584577114427861,0.1878482587064676,0.0733879615126203,5.0,0.6,165.0,0.8242424242424242,0.1731515151515151,285.0,0.5368421052631579,0.1967368421052631,201.0,0.4776119402985074,0.1856218905472637,149.0,0.4228187919463087,0.1894630872483221,4.0,0.25,0.2125,0.0,,
3370,20260808,596,0.0704697986577181,0.3322147651006711,0.1831932773109243,0.0724404452365249,5.0,0.0,85.0,0.6823529411764706,0.174,119.0,0.3697478991596639,0.1821848739495798,103.0,0.3883495145631068,0.1692233009708738,101.0,0.3069306930693069,0.1667326732673267,115.0,0.1478260869565217,0.1837719298245614,73.0,0.1095890410958904,0.2371232876712328
3372,20260808,502,0.0378486055776892,0.2629482071713147,0.2084431137724551,0.0715411419220437,5.0,0.4,72.0,0.5416666666666666,0.1901388888888888,90.0,0.2333333333333333,0.216,98.0,0.2142857142857142,0.2114285714285714,91.0,0.2967032967032967,0.215054945054945,72.0,0.1527777777777778,0.1959722222222222,79.0,0.1645569620253164,0.2166666666666666
3377,20260805,506,0.0731225296442687,0.383399209486166,0.1942629482071713,0.0734694734400829,5.0,0.4,78.0,0.5,0.2126923076923076,87.0,0.4712643678160919,0.2016666666666667,87.0,0.4137931034482758,0.1855172413793103,83.0,0.3132530120481928,0.1876829268292683,101.0,0.3564356435643564,0.1874257425742574,70.0,0.2285714285714285,0.1932857142857142
3381,20260727,743,0.1655450874831763,0.4952893674293405,0.1459299191374663,0.0623085569938554,5.0,1.0,121.0,0.7355371900826446,0.158595041322314,138.0,0.5072463768115942,0.1363768115942029,127.0,0.4724409448818897,0.1446456692913386,140.0,0.5642857142857143,0.1422142857142857,137.0,0.364963503649635,0.1471323529411765,80.0,0.25,0.14975
3385,20260803,719,0.1668984700973574,0.5632823365785814,0.1600701262272089,0.0714240688203664,5.0,0.4,131.0,0.8091603053435115,0.1565384615384615,115.0,0.7304347826086957,0.1584347826086956,126.0,0.5634920634920635,0.1475806451612903,125.0,0.488,0.1569354838709677,111.0,0.4684684684684684,0.1742342342342342,111.0,0.2792792792792792,0.1693577981651376
3388,20260622,683,0.3045387994143484,0.6383601756954612,0.1620411160058737,0.0740228845905176,5.0,0.6,150.0,0.92,0.1519463087248322,97.0,0.6391752577319587,0.172680412371134,109.0,0.5229357798165137,0.1626605504587156,137.0,0.6934306569343066,0.1480291970802919,118.0,0.5169491525423728,0.1638461538461538,72.0,0.3194444444444444,0.1913888888888889
3391,20260810,8,0.0,0.0,0.17375,0.073813531957223,5.0,0.0,1.0,0.0,0.14,1.0,0.0,0.25,0.0,,,3.0,0.0,0.1633333333333333,0.0,,,3.0,0.0,0.17
3392,20260809,621,0.0660225442834138,0.3542673107890499,0.1865378421900161,0.0665900085921091,5.0,0.4,89.0,0.651685393258427,0.187191011235955,108.0,0.4537037037037037,0.1893518518518518,120.0,0.4,0.1728333333333333,101.0,0.3069306930693069,0.1792079207920792,108.0,0.2037037037037037,0.1905555555555555,95.0,0.1263157894736842,0.2032631578947368
3400,20240815,126,0.0476190476190476,0.2222222222222222,0.1831451612903226,0.071610133265232,5.0,0.0,18.0,0.4444444444444444,0.1711111111111111,20.0,0.2,0.19,21.0,0.3333333333333333,0.1933333333333333,24.0,0.125,0.198695652173913,19.0,0.1578947368421052,0.1647368421052631,24.0,0.125,0.1775
3401,20260810,680,0.1191176470588235,0.4176470588235294,0.1961119293078056,0.077327750463286,5.0,0.8,100.0,0.71,0.1628,123.0,0.5528455284552846,0.190327868852459,116.0,0.4310344827586206,0.1880172413793103,114.0,0.3333333333333333,0.2064912280701754,113.0,0.3539823008849557,0.2045132743362832,114.0,0.1491228070175438,0.2210526315789473
3406,20260805,777,0.1338481338481338,0.5444015444015444,0.169471649484536,0.0622917497173278,5.0,0.6,139.0,0.8273381294964028,0.1562589928057554,133.0,0.6165413533834586,0.1614285714285714,129.0,0.5658914728682171,0.1534375,138.0,0.5,0.184927536231884,131.0,0.3816793893129771,0.1712977099236641,107.0,0.3177570093457944,0.1936448598130841
3411,20260810,624,0.0560897435897435,0.2676282051282051,0.1715569823434992,0.0721042330849928,5.0,0.2,94.0,0.6063829787234043,0.1525531914893617,103.0,0.2815533980582524,0.1700970873786407,123.0,0.3089430894308943,0.1570731707317073,116.0,0.1982758620689655,0.1706086956521739,123.0,0.1382113821138211,0.1821951219512195,65.0,0.0461538461538461,0.2103076923076923
3412,20260809,893,0.2564389697648376,0.6606942889137738,0.1622671156004489,0.0611342511422526,5.0,0.4,183.0,0.918032786885246,0.1439890710382513,146.0,0.7054794520547946,0.1778082191780822,142.0,0.6619718309859155,0.1699999999999999,151.0,0.6423841059602649,0.1662666666666666,128.0,0.515625,0.171171875,143.0,0.4335664335664335,0.15
3414,20251110,418,0.1052631578947368,0.3971291866028708,0.1546634615384615,0.0578491258123105,5.0,0.2,66.0,0.7575757575757576,0.1396969696969697,67.0,0.4776119402985074,0.153030303030303,80.0,0.3625,0.155125,79.0,0.4050632911392405,0.1517948717948718,60.0,0.1833333333333333,0.1618333333333333,66.0,0.1818181818181818,0.1675757575757575
3415,20260802,860,0.2348837209302325,0.6395348837209303,0.1503023255813953,0.0560224352416567,5.0,0.4,197.0,0.9035532994923858,0.1425380710659898,181.0,0.6519337016574586,0.1560773480662983,161.0,0.639751552795031,0.1530434782608695,175.0,0.5885714285714285,0.1452571428571428,99.0,0.3131313131313131,0.1453535353535353,47.0,0.3617021276595745,0.1804255319148936
3419,20260727,424,0.0400943396226415,0.2688679245283019,0.21521327014218,0.0772288223964178,5.0,0.0,63.0,0.6190476190476191,0.1652380952380952,75.0,0.3466666666666667,0.2090666666666666,71.0,0.2535211267605634,0.2135211267605634,70.0,0.2,0.2244927536231884,70.0,0.1428571428571428,0.2228571428571428,75.0,0.0933333333333333,0.2497297297297297
3422,20260718,856,0.286214953271028,0.6285046728971962,0.1513099415204678,0.0568504024940832,5.0,0.6,196.0,0.903061224489796,0.1540816326530612,138.0,0.5942028985507246,0.1566423357664233,142.0,0.5422535211267606,0.1586619718309859,187.0,0.5989304812834224,0.1485561497326203,146.0,0.5205479452054794,0.1412328767123288,47.0,0.2978723404255319,0.1442553191489361
3424,20230428,16,0.0,0.375,0.171875,0.0659752557782083,5.0,0.6,2.0,0.5,0.12,4.0,0.75,0.1699999999999999,3.0,0.3333333333333333,0.22,2.0,0.5,0.19,2.0,0.0,0.155,3.0,0.0,0.16
3427,20250122,320,0.15,0.534375,0.1817088607594937,0.0678390970314603,5.0,0.6,59.0,0.864406779661017,0.1630508474576271,56.0,0.5178571428571429,0.1943636363636363,48.0,0.5625,0.1733333333333333,64.0,0.46875,0.1927419354838709,52.0,0.5,0.1675,41.0,0.1951219512195122,0.20325
3430,20260808,698,0.1060171919770773,0.325214899713467,0.1686494252873563,0.0633741224493201,5.0,0.4,91.0,0.7802197802197802,0.1456043956043956,134.0,0.3358208955223881,0.1727611940298507,127.0,0.3779527559055118,0.1724409448818897,126.0,0.2539682539682539,0.17056,137.0,0.1824817518248175,0.1763970588235294,83.0,0.072289156626506,0.1659036144578313
3432,20260709,763,0.128440366972477,0.4744429882044561,0.1661467889908257,0.067852970717337,5.0,0.2,130.0,0.7461538461538462,0.1596923076923077,127.0,0.6141732283464567,0.1445669291338582,145.0,0.4689655172413793,0.1547586206896551,155.0,0.5032258064516129,0.1641290322580645,121.0,0.2314049586776859,0.1814049586776859,85.0,0.1529411764705882,0.2096470588235294
3434,20260808,639,0.107981220657277,0.4115805946791862,0.1757299843014129,0.0713712468576927,5.0,0.4,97.0,0.7628865979381443,0.1703092783505154,112.0,0.5,0.1750892857142857,108.0,0.4629629629629629,0.1723148148148148,106.0,0.3773584905660377,0.1699056603773585,125.0,0.264,0.1732258064516129,91.0,0.1098901098901098,0.1967777777777777
3435,20260810,876,0.2465753424657534,0.6689497716894978,0.1571689497716895,0.0647772702701023,5.0,0.4,212.0,0.9056603773584906,0.1584433962264151,131.0,0.7251908396946565,0.1613740458015267,152.0,0.6644736842105263,0.1622368421052631,156.0,0.6346153846153846,0.1447435897435897,125.0,0.504,0.14472,100.0,0.36,0.1762
3436,20260805,699,0.1874105865522174,0.5565092989985694,0.1301004304160688,0.0657010857474545,5.0,0.8,138.0,0.8840579710144928,0.111159420289855,128.0,0.609375,0.1222834645669291,127.0,0.5669291338582677,0.1343307086614173,116.0,0.5344827586206896,0.1306896551724138,108.0,0.3703703703703703,0.1348598130841121,82.0,0.1829268292682926,0.1604878048780487
3439,20260809,833,0.2040816326530612,0.5570228091236494,0.1564457831325301,0.055042317348432,5.0,0.6,158.0,0.8291139240506329,0.1517834394904458,146.0,0.5958904109589042,0.1514383561643835,137.0,0.5912408759124088,0.1552554744525547,134.0,0.5149253731343284,0.1488721804511278,141.0,0.425531914893617,0.1540425531914893,117.0,0.3076923076923077,0.1820689655172414
3441,20260727,709,0.0719322990126939,0.4682651622002821,0.1888418079096045,0.0730939558902917,5.0,0.4,104.0,0.6057692307692307,0.2049038461538461,123.0,0.6585365853658537,0.1895934959349593,130.0,0.5,0.1606923076923077,142.0,0.4154929577464789,0.1858450704225352,152.0,0.3421052631578947,0.1978145695364238,58.0,0.2068965517241379,0.2055172413793103
3442,20260731,714,0.0952380952380952,0.5028011204481793,0.1648591549295774,0.0599687232505407,5.0,0.2,119.0,0.865546218487395,0.1555462184873949,123.0,0.6016260162601627,0.1542622950819672,132.0,0.4696969696969697,0.168854961832061,126.0,0.5,0.1635714285714285,127.0,0.2913385826771653,0.1683464566929133,87.0,0.2298850574712643,0.1836470588235294
3444,20260424,592,0.0912162162162162,0.3006756756756756,0.1563682432432432,0.0706544183285535,5.0,0.4,80.0,0.575,0.163,108.0,0.2407407407407407,0.1693518518518518,110.0,0.3363636363636363,0.1522727272727272,96.0,0.3645833333333333,0.146875,110.0,0.2272727272727272,0.1515454545454545,88.0,0.1022727272727272,0.1559090909090909
3445,20260805,582,0.1168384879725085,0.486254295532646,0.1874827586206896,0.0777897789091526,5.0,0.6,98.0,0.8163265306122449,0.1754081632653061,95.0,0.5052631578947369,0.190531914893617,95.0,0.4526315789473684,0.1832631578947368,105.0,0.4380952380952381,0.1935238095238095,105.0,0.4476190476190476,0.1756730769230769,84.0,0.2261904761904762,0.21
3448,20260524,592,0.0743243243243243,0.4003378378378378,0.1893401015228426,0.0749759424426752,5.0,0.2,89.0,0.6629213483146067,0.1770454545454545,113.0,0.4601769911504424,0.1936283185840707,101.0,0.4653465346534653,0.1828712871287129,106.0,0.3773584905660377,0.2004716981132075,102.0,0.2549019607843137,0.1840196078431372,81.0,0.1604938271604938,0.1969135802469136
3454,20260804,664,0.0858433734939759,0.4397590361445783,0.1571818181818181,0.0668077089298218,5.0,0.8,104.0,0.7211538461538461,0.1715533980582524,114.0,0.4736842105263157,0.1453508771929824,116.0,0.5172413793103449,0.1488695652173913,106.0,0.4245283018867924,0.1368571428571428,116.0,0.3706896551724138,0.146695652173913,108.0,0.1388888888888889,0.1957407407407407
3455,20260808,647,0.125193199381762,0.463678516228748,0.178297213622291,0.0785838958815767,5.0,0.4,105.0,0.7523809523809524,0.1682857142857143,99.0,0.4747474747474747,0.1672727272727272,117.0,0.5128205128205128,0.1849572649572649,105.0,0.4380952380952381,0.1626666666666666,108.0,0.4166666666666667,0.1719444444444444,113.0,0.2035398230088495,0.21125
3458,20260810,553,0.0940325497287522,0.349005424954792,0.1637023593466424,0.065165532444329,5.0,0.0,76.0,0.6447368421052632,0.1588157894736842,97.0,0.4432989690721649,0.155625,107.0,0.4299065420560747,0.1458490566037736,92.0,0.3260869565217391,0.1634782608695652,92.0,0.2065217391304347,0.1676086956521739,89.0,0.0674157303370786,0.1940449438202247
3459,20260805,657,0.0593607305936073,0.3028919330289193,0.168734756097561,0.0768317952909043,5.0,0.2,89.0,0.5955056179775281,0.1570786516853932,114.0,0.4035087719298245,0.1599122807017544,127.0,0.3385826771653543,0.1711023622047244,103.0,0.2912621359223301,0.1640196078431372,128.0,0.125,0.170546875,96.0,0.1145833333333333,0.1894791666666666
3461,20260808,546,0.0476190476190476,0.2802197802197802,0.1949171270718232,0.0872515812804855,5.0,0.2,73.0,0.5753424657534246,0.1619178082191781,98.0,0.4183673469387755,0.1829896907216494,95.0,0.3157894736842105,0.1832631578947368,87.0,0.160919540229885,0.2111627906976744,80.0,0.225,0.18875,113.0,0.0707964601769911,0.2285714285714286
3462,20250826,485,0.1030927835051546,0.3814432989690721,0.1727892561983471,0.0666205255910314,5.0,0.2,71.0,0.6338028169014085,0.1573239436619718,85.0,0.4705882352941176,0.1769047619047619,85.0,0.4588235294117647,0.1816470588235294,70.0,0.3285714285714285,0.1662857142857143,85.0,0.2823529411764706,0.1661176470588235,89.0,0.1573033707865168,0.1842696629213483
3463,20260803,642,0.0716510903426791,0.4330218068535825,0.1907488299531981,0.0711882714141208,5.0,0.8,103.0,0.6310679611650486,0.1876699029126213,109.0,0.4954128440366973,0.1890825688073394,116.0,0.4568965517241379,0.1710344827586206,130.0,0.4769230769230769,0.1817692307692308,111.0,0.2522522522522522,0.2052727272727273,73.0,0.2191780821917808,0.223013698630137
3467,20260808,607,0.0642504118616145,0.3212520593080725,0.1831177446102819,0.0702086282174318,5.0,0.8,96.0,0.5625,0.1920833333333333,106.0,0.3679245283018867,0.1872641509433962,108.0,0.3055555555555556,0.1815094339622641,97.0,0.3195876288659793,0.1827835051546391,114.0,0.2017543859649122,0.1788495575221239,86.0,0.1744186046511628,0.1758823529411765
3470,20260805,537,0.143389199255121,0.4990689013035381,0.1674440298507462,0.0645275354983564,5.0,0.2,85.0,0.7294117647058823,0.1749411764705882,112.0,0.6339285714285714,0.1662162162162162,101.0,0.504950495049505,0.1628712871287128,82.0,0.4268292682926829,0.1709756097560975,84.0,0.3809523809523809,0.1663095238095238,73.0,0.2328767123287671,0.1642465753424657
3471,20260804,593,0.0623946037099494,0.3490725126475548,0.1795593220338983,0.0758889177471157,5.0,0.4,80.0,0.6625,0.165875,122.0,0.4426229508196721,0.1884426229508196,102.0,0.2647058823529412,0.1806862745098039,105.0,0.2761904761904762,0.1758823529411765,109.0,0.2752293577981651,0.1675229357798165,75.0,0.1866666666666666,0.2006666666666667
3473,20260810,989,0.2871587462082912,0.6835187057633973,0.1459311740890688,0.0581395372299244,5.0,0.8,364.0,0.7802197802197802,0.1324793388429752,522.0,0.6455938697318008,0.1491762452107279,75.0,0.5066666666666667,0.1728,14.0,0.5714285714285714,0.1857142857142857,8.0,0.5,0.19125,6.0,0.8333333333333334,0.1883333333333333
3474,20260805,697,0.0975609756097561,0.4863701578192252,0.1744189383070301,0.0748215444580312,5.0,0.8,116.0,0.7327586206896551,0.1812931034482758,127.0,0.6377952755905512,0.1717322834645669,117.0,0.5213675213675214,0.1556410256410256,111.0,0.4054054054054054,0.1581081081081081,120.0,0.3583333333333333,0.1804166666666666,106.0,0.2264150943396226,0.2011320754716981
3475,20260728,704,0.1633522727272727,0.5511363636363636,0.1825857142857142,0.0712181744173982,5.0,0.6,139.0,0.7553956834532374,0.1854347826086956,128.0,0.6015625,0.1846825396825396,117.0,0.5811965811965812,0.1745299145299145,120.0,0.475,0.1748333333333333,116.0,0.4741379310344827,0.1713913043478261,84.0,0.3095238095238095,0.2123809523809524
3477,20260810,646,0.0495356037151702,0.3390092879256965,0.1885448916408668,0.0694408472476705,5.0,0.0,96.0,0.5,0.1939583333333333,116.0,0.4224137931034483,0.1826724137931034,121.0,0.2892561983471074,0.1865289256198347,107.0,0.3738317757009345,0.1926168224299065,117.0,0.2649572649572649,0.1837606837606837,89.0,0.1797752808988764,0.1944943820224719
3478,20260809,672,0.1130952380952381,0.4568452380952381,0.1776417910447761,0.0671073324935815,5.0,0.2,98.0,0.7551020408163265,0.1572916666666666,127.0,0.5433070866141733,0.1688188976377952,125.0,0.568,0.162,107.0,0.3831775700934579,0.1822429906542056,116.0,0.2758620689655172,0.1770689655172414,99.0,0.202020202020202,0.2241414141414141
3482,20260805,815,0.10920245398773,0.4613496932515337,0.1559877300613497,0.0586596701717911,5.0,0.4,132.0,0.7348484848484849,0.1591666666666666,140.0,0.55,0.1592857142857142,142.0,0.4647887323943662,0.1506338028169014,125.0,0.432,0.14976,144.0,0.3611111111111111,0.1498611111111111,132.0,0.2272727272727272,0.1676515151515151
3484,20260810,774,0.2157622739018088,0.6085271317829457,0.1639197930142302,0.0617596960890997,5.0,0.8,157.0,0.8789808917197452,0.1574358974358974,129.0,0.689922480620155,0.1710852713178294,141.0,0.6737588652482269,0.1521985815602837,126.0,0.6428571428571429,0.1565079365079365,120.0,0.3833333333333333,0.1703333333333333,101.0,0.2178217821782178,0.1827722772277227
3486,20231201,5,0.0,0.0,0.3359999999999999,0.1068831137270991,5.0,0.0,0.0,,,0.0,,,0.0,,,1.0,0.0,0.41,0.0,,,4.0,0.0,0.3175
3488,20231021,70,0.0285714285714285,0.2142857142857142,0.1515714285714285,0.0669463690317152,5.0,0.4,9.0,0.4444444444444444,0.1488888888888889,13.0,0.3076923076923077,0.1461538461538461,12.0,0.1666666666666666,0.13,12.0,0.1666666666666666,0.1533333333333333,12.0,0.1666666666666666,0.1675,12.0,0.0833333333333333,0.1633333333333333
3489,20260729,947,0.1942977824709609,0.6050686378035903,0.1565786694825765,0.0506964681086793,5.0,0.6,195.0,0.8666666666666667,0.1512820512820512,161.0,0.6708074534161491,0.1567080745341615,160.0,0.675,0.1378125,201.0,0.5422885572139303,0.1570149253731343,128.0,0.421875,0.16453125,102.0,0.2450980392156862,0.1850980392156862
3491,20231220,136,0.0294117647058823,0.1838235294117647,0.2043382352941176,0.0824772892616181,5.0,0.4,20.0,0.6,0.191,26.0,0.2307692307692307,0.1807692307692307,23.0,0.1739130434782608,0.1995652173913043,23.0,0.0869565217391304,0.2178260869565217,25.0,0.04,0.2128,19.0,0.0,0.2289473684210526
3497,20260728,700,0.1742857142857143,0.4857142857142857,0.172618025751073,0.0612239143351453,5.0,0.2,111.0,0.8738738738738738,0.1569369369369369,123.0,0.4878048780487805,0.1864227642276422,126.0,0.5634920634920635,0.1654761904761905,123.0,0.4146341463414634,0.1726016260162601,128.0,0.3515625,0.174251968503937,89.0,0.1797752808988764,0.1808988764044943
3499,20260808,807,0.2329615861214374,0.6084262701363073,0.1395273631840796,0.0571897904947054,5.0,0.6,175.0,0.9028571428571428,0.1302857142857142,143.0,0.7202797202797203,0.1395714285714285,160.0,0.56875,0.1348125,141.0,0.4822695035460992,0.1422695035460992,126.0,0.4365079365079365,0.1441269841269841,62.0,0.2580645161290322,0.1620967741935484
3501,20250124,368,0.1277173913043478,0.391304347826087,0.1503287671232876,0.0650765733987994,5.0,0.2,60.0,0.7833333333333333,0.1516666666666666,62.0,0.3548387096774194,0.1583606557377049,61.0,0.4918032786885246,0.151864406779661,60.0,0.3333333333333333,0.1438333333333333,75.0,0.2533333333333333,0.1373333333333333,50.0,0.12,0.1644
3502,20260727,849,0.1755005889281507,0.5594817432273262,0.1731286894923258,0.06685557724521,5.0,0.6,157.0,0.802547770700637,0.1743312101910828,146.0,0.5821917808219178,0.1834482758620689,150.0,0.62,0.1596666666666666,184.0,0.4945652173913043,0.1663934426229508,173.0,0.4161849710982659,0.1742774566473988,39.0,0.2051282051282051,0.2082051282051281
3503,20260727,646,0.0495356037151702,0.3111455108359133,0.1715038759689922,0.066680323100993,5.0,0.4,84.0,0.4880952380952381,0.17,125.0,0.408,0.1757258064516129,114.0,0.3771929824561403,0.1723684210526315,119.0,0.3025210084033613,0.1546218487394957,116.0,0.2155172413793103,0.1676724137931034,88.0,0.0568181818181818,0.19375
3505,20260810,790,0.1544303797468354,0.5354430379746835,0.147433290978399,0.0632155631981992,5.0,0.4,145.0,0.7862068965517242,0.156,140.0,0.6928571428571428,0.1553571428571428,144.0,0.5208333333333334,0.1488732394366197,135.0,0.5851851851851851,0.1372592592592592,128.0,0.328125,0.1390551181102362,98.0,0.1632653061224489,0.1462244897959183
3506,20230426,14,0.0,0.1428571428571428,0.2021428571428571,0.0606133614959336,5.0,0.2,2.0,1.0,0.245,4.0,0.0,0.175,0.0,,,5.0,0.0,0.2339999999999999,2.0,0.0,0.165,1.0,0.0,0.14
3507,20260802,554,0.0685920577617328,0.3826714801444043,0.1861663652802893,0.070586187994631,5.0,0.4,86.0,0.7093023255813954,0.1651162790697674,100.0,0.47,0.1765,110.0,0.4363636363636363,0.1778899082568807,136.0,0.2352941176470588,0.1949264705882352,98.0,0.2040816326530612,0.2044897959183673,24.0,0.1666666666666666,0.215
3508,20260810,727,0.1114167812929848,0.4332874828060523,0.1972314049586777,0.068314367360265,5.0,0.2,114.0,0.7807017543859649,0.1718421052631579,116.0,0.5086206896551724,0.1919827586206896,136.0,0.5073529411764706,0.174074074074074,128.0,0.40625,0.195546875,124.0,0.282258064516129,0.2149193548387096,109.0,0.1009174311926605,0.2399082568807339
3509,20260805,494,0.0566801619433198,0.3198380566801619,0.1457026476578411,0.0617305191870267,5.0,0.0,71.0,0.6619718309859155,0.1388571428571428,96.0,0.34375,0.1626315789473684,95.0,0.2210526315789473,0.1489473684210526,83.0,0.3012048192771084,0.1350602409638554,92.0,0.2391304347826087,0.1331868131868132,57.0,0.175438596491228,0.1559649122807017
3514,20260810,807,0.2280049566294919,0.5526641883519207,0.1633952912019826,0.0565871251147873,5.0,0.4,165.0,0.8787878787878788,0.1482424242424242,115.0,0.6347826086956522,0.1641739130434782,143.0,0.5594405594405595,0.1623776223776223,145.0,0.4758620689655172,0.1584137931034482,129.0,0.4031007751937984,0.1721705426356589,110.0,0.2454545454545454,0.1829090909090909
3516,20260810,570,0.0771929824561403,0.3719298245614035,0.1789260563380281,0.0689923053268021,5.0,0.2,88.0,0.6818181818181818,0.1635227272727273,96.0,0.5208333333333334,0.1750526315789473,101.0,0.3267326732673267,0.1778217821782178,102.0,0.284313725490196,0.1756435643564356,96.0,0.2604166666666667,0.18375,87.0,0.1724137931034483,0.1985057471264368
3517,20260810,720,0.1680555555555555,0.5333333333333333,0.152075208913649,0.0756458536819692,5.0,0.4,111.0,0.8468468468468469,0.1448648648648648,142.0,0.5422535211267606,0.1473758865248227,156.0,0.5192307692307693,0.1532692307692307,152.0,0.4473684210526316,0.1530263157894737,110.0,0.4727272727272727,0.146788990825688,49.0,0.2448979591836734,0.186938775510204
3518,20260805,483,0.0600414078674948,0.3685300207039337,0.196375,0.0806935109431565,5.0,0.4,68.0,0.4852941176470588,0.2172058823529411,88.0,0.4204545454545454,0.187816091954023,88.0,0.4204545454545454,0.1960919540229885,80.0,0.4125,0.17975,90.0,0.2777777777777778,0.1885555555555555,69.0,0.1884057971014492,0.2167647058823529
3519,20260729,714,0.0644257703081232,0.4145658263305322,0.1587254901960784,0.0635034593565571,5.0,0.2,104.0,0.7980769230769231,0.1432692307692307,128.0,0.4453125,0.16484375,127.0,0.4015748031496063,0.1548031496062992,138.0,0.391304347826087,0.1584057971014492,125.0,0.312,0.1483199999999999,92.0,0.1304347826086956,0.1877173913043478
3523,20260810,579,0.1105354058721934,0.4576856649395509,0.1815505226480836,0.081944147236257,5.0,0.6,89.0,0.8089887640449438,0.1706741573033708,89.0,0.4719101123595505,0.1922727272727273,101.0,0.4455445544554455,0.1782,96.0,0.3541666666666667,0.1703191489361702,96.0,0.4375,0.1745263157894736,108.0,0.2777777777777778,0.2008333333333333
3527,20260810,799,0.1364205256570713,0.5269086357947435,0.1650941028858218,0.0688944598833189,5.0,0.8,144.0,0.8055555555555556,0.1502083333333333,127.0,0.5748031496062992,0.1633333333333333,135.0,0.5777777777777777,0.1671111111111111,139.0,0.4460431654676259,0.1755395683453237,134.0,0.373134328358209,0.1705263157894737,120.0,0.35,0.1644166666666666
3528,20260810,561,0.0677361853832442,0.3137254901960784,0.2105347593582887,0.0851133204162904,5.0,0.8,88.0,0.5568181818181818,0.2118181818181818,99.0,0.4141414141414141,0.2236363636363636,108.0,0.2592592592592592,0.2144444444444444,98.0,0.2959183673469387,0.1847959183673469,89.0,0.1910112359550561,0.2122471910112359,79.0,0.1518987341772152,0.2173417721518987
3532,20260630,689,0.2830188679245283,0.7010159651669086,0.1571783625730994,0.0649207145751228,5.0,0.6,159.0,0.8616352201257862,0.1546202531645569,210.0,0.7238095238095238,0.1651196172248803,153.0,0.6339869281045751,0.1474342105263157,102.0,0.7058823529411765,0.1548039215686274,45.0,0.4222222222222222,0.161860465116279,20.0,0.3,0.1705
3533,20240304,176,0.096590909090909,0.4090909090909091,0.1849122807017544,0.0765893463729736,5.0,0.4,30.0,0.6333333333333333,0.1744827586206896,28.0,0.2857142857142857,0.2224999999999999,33.0,0.4242424242424242,0.19375,28.0,0.5,0.1564285714285714,34.0,0.4411764705882353,0.1721212121212121,23.0,0.0869565217391304,0.1938095238095238
3535,20260808,573,0.1151832460732984,0.3682373472949389,0.1903141361256544,0.0704181410008803,5.0,0.0,75.0,0.8,0.1533333333333333,104.0,0.4423076923076923,0.1903846153846154,104.0,0.3846153846153846,0.1969230769230769,102.0,0.3235294117647059,0.1855882352941176,103.0,0.2524271844660194,0.1948543689320388,85.0,0.0705882352941176,0.2149411764705882
3536,20250104,270,0.0629629629629629,0.3148148148148148,0.1855762081784386,0.0752303942702237,5.0,0.6,41.0,0.6829268292682927,0.1595121951219512,51.0,0.2549019607843137,0.1735294117647058,49.0,0.3877551020408163,0.176734693877551,40.0,0.25,0.1733333333333333,46.0,0.2391304347826087,0.1889130434782608,43.0,0.0930232558139534,0.2423255813953488
3537,20240626,200,0.055,0.26,0.1876381909547738,0.0698379297437876,5.0,0.6,29.0,0.5862068965517241,0.2055172413793103,40.0,0.3,0.1905,34.0,0.2352941176470588,0.1679411764705882,33.0,0.2424242424242424,0.2033333333333333,39.0,0.1538461538461538,0.1743589743589743,25.0,0.04,0.1891666666666666
3538,20260809,696,0.1192528735632183,0.4885057471264368,0.1816810344827586,0.0736929517291987,5.0,0.0,122.0,0.7868852459016393,0.1674590163934426,112.0,0.5,0.1804464285714286,125.0,0.528,0.17824,124.0,0.4516129032258064,0.175,122.0,0.319672131147541,0.185655737704918,91.0,0.2967032967032967,0.2107692307692307
3539,20260802,728,0.0659340659340659,0.3324175824175824,0.1841953232462173,0.0732362935718844,5.0,0.2,108.0,0.6851851851851852,0.1673831775700934,181.0,0.3591160220994475,0.1775138121546961,160.0,0.35,0.1806875,147.0,0.2312925170068027,0.1957142857142857,93.0,0.1290322580645161,0.203010752688172,39.0,0.0256410256410256,0.1874358974358974
3541,20260805,858,0.2307692307692307,0.6410256410256411,0.1518691588785046,0.0596877520134073,5.0,0.4,183.0,0.8797814207650273,0.1559562841530054,137.0,0.6788321167883211,0.1476642335766423,139.0,0.5971223021582733,0.1523357664233576,148.0,0.722972972972973,0.1399324324324324,141.0,0.4539007092198581,0.1528368794326241,110.0,0.3818181818181818,0.1645454545454545
3542,20260810,603,0.0746268656716417,0.3466003316749585,0.1855721393034826,0.0749270248838435,5.0,0.4,106.0,0.5377358490566038,0.165188679245283,394.0,0.3350253807106599,0.1850253807106599,76.0,0.2236842105263158,0.1994736842105263,21.0,0.1428571428571428,0.2266666666666666,6.0,0.0,0.2616666666666666,0.0,,
3543,20260810,663,0.1825037707390648,0.5610859728506787,0.1615535444947209,0.0607631190381922,5.0,0.2,111.0,0.927927927927928,0.1493693693693694,113.0,0.672566371681416,0.1545132743362832,120.0,0.5166666666666667,0.1614166666666666,118.0,0.5084745762711864,0.1750847457627118,119.0,0.4117647058823529,0.1574789915966386,82.0,0.2682926829268293,0.174390243902439
3544,20260808,492,0.0630081300813008,0.3333333333333333,0.1910386965376782,0.0882595951727205,5.0,0.6,72.0,0.625,0.1697222222222222,79.0,0.3164556962025316,0.2081012658227848,92.0,0.3260869565217391,0.1875,82.0,0.3780487804878049,0.1812195121951219,88.0,0.2727272727272727,0.1801149425287356,79.0,0.1139240506329113,0.2197468354430379
3546,20260809,712,0.0912921348314606,0.4213483146067415,0.1771167369901547,0.0682881842286487,5.0,0.4,116.0,0.7155172413793104,0.1662068965517241,133.0,0.4887218045112781,0.1949624060150376,125.0,0.424,0.18176,154.0,0.4090909090909091,0.1695454545454545,104.0,0.2403846153846154,0.1709615384615384,80.0,0.1375,0.1786075949367088
3548,20260803,813,0.1746617466174661,0.5510455104551045,0.1266912669126691,0.0520478480306226,5.0,0.2,151.0,0.8807947019867549,0.1165562913907284,133.0,0.5789473684210527,0.1156390977443609,136.0,0.6397058823529411,0.1272794117647058,146.0,0.4794520547945205,0.129931506849315,145.0,0.3586206896551724,0.1339310344827586,102.0,0.284313725490196,0.1403921568627451
3550,20260810,853,0.1922626025791324,0.492379835873388,0.1588745603751465,0.064674490006741,5.0,0.4,143.0,0.8391608391608392,0.1576923076923077,154.0,0.5324675324675324,0.1567532467532467,160.0,0.49375,0.1615625,161.0,0.4720496894409938,0.1580124223602484,148.0,0.3243243243243243,0.1559459459459459,87.0,0.1724137931034483,0.1662068965517241
3551,20260802,571,0.0928196147110332,0.3817863397548161,0.1849737302977232,0.0764065378727017,5.0,0.0,83.0,0.6987951807228916,0.2085542168674698,107.0,0.514018691588785,0.1850467289719626,107.0,0.3831775700934579,0.184018691588785,109.0,0.2660550458715596,0.1802752293577981,93.0,0.2580645161290322,0.1774193548387097,72.0,0.1527777777777778,0.1759722222222222
3553,20250509,430,0.0581395348837209,0.4,0.181,0.0651236748291726,5.0,0.8,66.0,0.696969696969697,0.173030303030303,68.0,0.4264705882352941,0.2033823529411764,75.0,0.36,0.1688,78.0,0.4615384615384615,0.1724358974358974,86.0,0.2790697674418604,0.1811627906976744,57.0,0.175438596491228,0.1910526315789473
3554,20260810,991,0.2623612512613522,0.6579212916246215,0.1823232323232323,0.0645548593391664,5.0,0.6,230.0,0.908695652173913,0.1688260869565217,226.0,0.6415929203539823,0.1766666666666666,243.0,0.6255144032921811,0.1788477366255144,221.0,0.5565610859728507,0.197420814479638,59.0,0.3389830508474576,0.2123728813559322,12.0,0.25,0.1916666666666666
3556,20260727,886,0.27313769751693,0.664785553047404,0.1433295583238958,0.0565025490613281,5.0,0.6,214.0,0.9626168224299064,0.1363551401869158,147.0,0.6258503401360545,0.1474657534246575,137.0,0.6934306569343066,0.1401481481481481,144.0,0.5972222222222222,0.1458333333333333,130.0,0.5230769230769231,0.1515384615384615,114.0,0.3684210526315789,0.1423684210526316
3557,20260810,967,0.2574974146845915,0.6608066184074457,0.1531884057971014,0.0655173685358331,5.0,0.8,223.0,0.9237668161434978,0.1459192825112107,155.0,0.6774193548387096,0.1453896103896104,156.0,0.6666666666666666,0.1432051282051282,168.0,0.5952380952380952,0.157797619047619,152.0,0.5592105263157895,0.15875,113.0,0.3451327433628318,0.1776106194690265
3558,20260802,618,0.1294498381877022,0.4498381877022653,0.1633821138211382,0.0724211396534361,5.0,0.2,105.0,0.7333333333333333,0.1622115384615384,113.0,0.5132743362831859,0.1636607142857143,118.0,0.4830508474576271,0.1640677966101695,114.0,0.3245614035087719,0.1708849557522123,112.0,0.3392857142857143,0.1551785714285714,56.0,0.1964285714285714,0.1648214285714286
3559,20240327,170,0.0941176470588235,0.3117647058823529,0.1734705882352941,0.0577241081729278,5.0,0.4,25.0,0.88,0.1588,31.0,0.1290322580645161,0.1880645161290322,32.0,0.4375,0.154375,26.0,0.1538461538461538,0.183076923076923,30.0,0.2,0.174,26.0,0.1153846153846153,0.1834615384615384
3561,20230620,48,0.0416666666666666,0.2708333333333333,0.1810416666666666,0.0722622418502374,5.0,0.0,6.0,0.6666666666666666,0.19,10.0,0.2,0.202,7.0,0.2857142857142857,0.1628571428571428,7.0,0.5714285714285714,0.1842857142857143,8.0,0.125,0.13625,10.0,0.0,0.2009999999999999
3562,20260805,889,0.2114735658042744,0.608548931383577,0.1670428893905192,0.0668701478288944,5.0,0.8,187.0,0.839572192513369,0.1726344086021505,162.0,0.6851851851851852,0.1720496894409937,135.0,0.6148148148148148,0.1694814814814814,154.0,0.6233766233766234,0.1426623376623376,128.0,0.4609375,0.154453125,123.0,0.2845528455284553,0.1931967213114754
3563,20260805,894,0.1543624161073825,0.5190156599552572,0.1623154362416107,0.0638642562728477,5.0,0.6,173.0,0.8092485549132948,0.159421965317919,163.0,0.6073619631901841,0.15920245398773,193.0,0.4611398963730569,0.1539378238341969,168.0,0.4464285714285714,0.172797619047619,130.0,0.3461538461538461,0.1645384615384615,67.0,0.2388059701492537,0.1708955223880597
3564,20260805,703,0.1280227596017069,0.3755334281650071,0.1635754985754985,0.0626131511196129,5.0,0.2,101.0,0.6633663366336634,0.1663366336633663,115.0,0.4347826086956521,0.1641739130434782,122.0,0.3524590163934426,0.1663934426229508,146.0,0.4246575342465753,0.1598630136986301,138.0,0.2028985507246377,0.1624087591240876,81.0,0.1728395061728395,0.1637037037037037
3565,20241225,226,0.0442477876106194,0.2566371681415929,0.1850442477876106,0.0909889023069201,5.0,0.6,36.0,0.4444444444444444,0.1866666666666666,39.0,0.3076923076923077,0.1538461538461538,37.0,0.1081081081081081,0.1643243243243243,35.0,0.2571428571428571,0.1945714285714286,43.0,0.3255813953488372,0.2109302325581395,36.0,0.0833333333333333,0.1983333333333333
3566,20260810,727,0.0880330123796423,0.4456671251719394,0.1923246217331499,0.0624617780157586,5.0,0.2,105.0,0.7333333333333333,0.1691428571428571,132.0,0.5075757575757576,0.1891666666666666,131.0,0.5267175572519084,0.1839694656488549,152.0,0.4013157894736842,0.1966447368421052,116.0,0.25,0.2022413793103448,91.0,0.2307692307692307,0.2158241758241758
3567,20260730,454,0.0704845814977973,0.2885462555066079,0.1681236203090508,0.0740995255376618,5.0,0.0,63.0,0.5714285714285714,0.1552380952380952,82.0,0.3048780487804878,0.1664634146341463,82.0,0.4268292682926829,0.1459756097560975,75.0,0.1733333333333333,0.1593243243243243,76.0,0.2105263157894736,0.1759210526315789,76.0,0.0789473684210526,0.2052631578947368
3568,20260810,663,0.143288084464555,0.4283559577677224,0.1726475037821482,0.0631050665372005,5.0,0.4,103.0,0.7864077669902912,0.1526213592233009,143.0,0.4545454545454545,0.1728169014084506,128.0,0.484375,0.183046875,139.0,0.3093525179856115,0.1725179856115108,105.0,0.238095238095238,0.175,45.0,0.1777777777777777,0.1833333333333333
3569,20260810,750,0.08,0.3453333333333333,0.18652,0.0664371101117439,5.0,0.0,127.0,0.6692913385826772,0.1607874015748031,132.0,0.4090909090909091,0.1809848484848485,131.0,0.3358778625954198,0.1809923664122137,119.0,0.2689075630252101,0.1789915966386554,128.0,0.203125,0.19265625,113.0,0.1592920353982301,0.2292920353982301
3571,20240110,125,0.056,0.256,0.1997560975609756,0.0612400768750764,5.0,0.0,19.0,0.4736842105263157,0.1805263157894737,24.0,0.375,0.1913043478260869,20.0,0.2,0.1884210526315789,21.0,0.2857142857142857,0.1823809523809524,18.0,0.1666666666666666,0.2388888888888888,23.0,0.0434782608695652,0.218695652173913
3572,20260810,567,0.1622574955908289,0.5149911816578483,0.1952212389380531,0.0775041802484689,5.0,0.6,97.0,0.8247422680412371,0.1669072164948453,98.0,0.6530612244897959,0.187319587628866,109.0,0.5871559633027523,0.1887155963302752,105.0,0.4571428571428571,0.2093333333333333,107.0,0.2616822429906542,0.2052830188679245,51.0,0.1568627450980392,0.2280392156862745
3574,20260810,743,0.2166890982503364,0.576043068640646,0.1648582995951417,0.0663763258108472,5.0,0.8,163.0,0.852760736196319,0.1611042944785276,350.0,0.5428571428571428,0.1657714285714285,180.0,0.4833333333333333,0.1537222222222222,39.0,0.2564102564102564,0.2097435897435897,8.0,0.125,0.2271428571428571,3.0,0.3333333333333333,0.2199999999999999
3576,20260810,833,0.226890756302521,0.6914765906362546,0.1678991596638655,0.0713110253763764,5.0,0.6,188.0,0.9042553191489362,0.1491489361702127,144.0,0.7708333333333334,0.1661805555555555,140.0,0.6428571428571429,0.1750714285714285,144.0,0.6111111111111112,0.1684722222222222,131.0,0.5877862595419847,0.1658778625954198,86.0,0.4651162790697674,0.2022093023255814
3577,20260810,635,0.1496062992125984,0.4440944881889764,0.152365930599369,0.0684420027116024,5.0,0.4,97.0,0.7422680412371134,0.1735051546391752,99.0,0.5656565656565656,0.1523232323232323,112.0,0.4821428571428571,0.14625,104.0,0.4423076923076923,0.1458252427184466,99.0,0.2727272727272727,0.1442424242424242,124.0,0.2177419354838709,0.1533064516129032
3578,20260529,643,0.0715396578538102,0.3716951788491446,0.1848833592534992,0.0781578958930327,5.0,0.2,97.0,0.6185567010309279,0.1918556701030928,115.0,0.3826086956521739,0.1886086956521739,104.0,0.4519230769230769,0.1861538461538461,114.0,0.3508771929824561,0.2023684210526316,118.0,0.3135593220338983,0.1701694915254237,95.0,0.1157894736842105,0.1691578947368421
3579,20260710,618,0.156957928802589,0.4902912621359223,0.1683656957928802,0.0689877029606796,5.0,0.4,110.0,0.8454545454545455,0.158,110.0,0.5454545454545454,0.1599090909090909,112.0,0.4821428571428571,0.1702678571428571,108.0,0.4814814814814814,0.174537037037037,104.0,0.3173076923076923,0.1670192307692307,74.0,0.1486486486486486,0.1863513513513513
3580,20260724,651,0.0952380952380952,0.4316436251920122,0.187357910906298,0.0744674446829075,5.0,0.4,97.0,0.7835051546391752,0.1941237113402062,122.0,0.5573770491803278,0.1776229508196721,117.0,0.4615384615384615,0.1735042735042735,121.0,0.3471074380165289,0.1795041322314049,105.0,0.2952380952380952,0.1924761904761905,89.0,0.1123595505617977,0.2161797752808988
3581,20260801,781,0.0960307298335467,0.439180537772087,0.1877592829705505,0.0741730228438597,5.0,0.6,121.0,0.743801652892562,0.1848760330578512,141.0,0.5106382978723404,0.1921985815602837,147.0,0.4897959183673469,0.1994557823129251,133.0,0.3759398496240601,0.1766165413533834,147.0,0.2925170068027211,0.178843537414966,92.0,0.1739130434782608,0.1964130434782608
3582,20260808,857,0.2590431738623104,0.617269544924154,0.1649005847953216,0.0624150093444747,5.0,0.6,179.0,0.8659217877094972,0.1524022346368715,298.0,0.5536912751677853,0.1704362416107382,277.0,0.6064981949458483,0.1582310469314079,97.0,0.4123711340206185,0.1841666666666666,4.0,0.25,0.3,2.0,0.0,0.21
3583,20260810,497,0.0402414486921529,0.2756539235412474,0.1812701612903225,0.0718407148015649,5.0,0.0,72.0,0.5833333333333334,0.1745833333333333,84.0,0.2857142857142857,0.1956626506024096,86.0,0.3604651162790697,0.1838372093023255,91.0,0.1758241758241758,0.1851648351648351,83.0,0.2289156626506024,0.1672289156626506,81.0,0.0617283950617283,0.1797530864197531
3584,20260810,751,0.0905459387483355,0.4354194407456724,0.1767823765020026,0.0602015476402183,5.0,0.2,107.0,0.6542056074766355,0.1742990654205607,138.0,0.5362318840579711,0.1786861313868613,136.0,0.5073529411764706,0.1718518518518518,122.0,0.4344262295081967,0.1718032786885246,134.0,0.3358208955223881,0.172910447761194,114.0,0.1403508771929824,0.1925438596491228
3587,20260720,548,0.0675182481751824,0.3467153284671533,0.1630839416058394,0.0796718651249796,5.0,0.0,79.0,0.5822784810126582,0.1649367088607595,96.0,0.4166666666666667,0.1607291666666666,98.0,0.3775510204081632,0.1526530612244898,93.0,0.3763440860215054,0.1559139784946236,87.0,0.2873563218390804,0.165287356321839,95.0,0.0736842105263157,0.1796842105263157
3589,20260712,629,0.1255961844197138,0.4276629570747218,0.1691866028708133,0.0669604988113081,5.0,0.2,99.0,0.7777777777777778,0.1755555555555555,121.0,0.4462809917355372,0.176,102.0,0.4705882352941176,0.1738613861386138,96.0,0.3333333333333333,0.1429166666666666,108.0,0.3518518518518518,0.1466666666666666,103.0,0.1941747572815534,0.1986407766990291
3590,20260808,828,0.2789855072463768,0.6461352657004831,0.135235792019347,0.0598368299286349,5.0,0.6,184.0,0.8858695652173914,0.1196739130434782,129.0,0.7209302325581395,0.136875,142.0,0.6549295774647887,0.1366901408450704,140.0,0.5714285714285714,0.1288571428571428,124.0,0.4758064516129032,0.1370967741935483,109.0,0.4311926605504587,0.1637614678899082
3591,20260810,497,0.0482897384305835,0.2394366197183098,0.1816969696969697,0.0758011026472203,5.0,0.0,74.0,0.5135135135135135,0.1567567567567567,92.0,0.3260869565217391,0.1758695652173913,97.0,0.2164948453608247,0.1672916666666666,85.0,0.1647058823529411,0.202,95.0,0.1157894736842105,0.1971578947368421,54.0,0.0925925925925925,0.1924528301886792
3593,20240321,154,0.0649350649350649,0.4090909090909091,0.1844155844155844,0.0695811869351753,5.0,0.6,17.0,0.7647058823529411,0.1805882352941176,27.0,0.5185185185185185,0.1696296296296296,30.0,0.4,0.2033333333333333,22.0,0.3181818181818182,0.1822727272727272,33.0,0.3636363636363636,0.1769696969696969,25.0,0.2,0.192
3594,20231129,73,0.0273972602739726,0.2191780821917808,0.1908219178082191,0.075502942420347,5.0,0.4,10.0,0.4,0.2009999999999999,11.0,0.2727272727272727,0.18,13.0,0.0,0.1946153846153846,15.0,0.3333333333333333,0.1713333333333333,14.0,0.2142857142857142,0.185,10.0,0.1,0.225
3596,20260805,617,0.0810372771474878,0.3841166936790924,0.1680551053484603,0.0741900198002053,5.0,0.0,84.0,0.6904761904761905,0.1630952380952381,112.0,0.4642857142857143,0.1700892857142857,122.0,0.3852459016393442,0.1576229508196721,97.0,0.3505154639175257,0.1629896907216494,108.0,0.2685185185185185,0.1753703703703703,94.0,0.1808510638297872,0.1804255319148936
3600,20250714,483,0.0745341614906832,0.3084886128364389,0.2088405797101449,0.0777098537899888,5.0,0.2,71.0,0.5915492957746479,0.1757746478873239,82.0,0.4146341463414634,0.1945121951219512,95.0,0.3263157894736842,0.1908421052631579,86.0,0.2558139534883721,0.205,78.0,0.2051282051282051,0.2311538461538461,71.0,0.056338028169014,0.2626760563380281
3602,20260810,686,0.0874635568513119,0.4183673469387755,0.1800585651537335,0.0715954722775809,5.0,0.2,106.0,0.6226415094339622,0.1897169811320754,112.0,0.4285714285714285,0.163063063063063,118.0,0.4830508474576271,0.1783050847457627,111.0,0.3963963963963964,0.1741818181818182,125.0,0.384,0.1837903225806451,114.0,0.2105263157894736,0.1910526315789473
3604,20260805,608,0.069078947368421,0.3552631578947368,0.2055518945634267,0.074420220491424,5.0,0.6,90.0,0.7,0.1976666666666666,114.0,0.4824561403508772,0.2018421052631579,122.0,0.3770491803278688,0.2191803278688524,84.0,0.2619047619047619,0.1898795180722891,110.0,0.2181818181818181,0.1986363636363636,88.0,0.0681818181818181,0.2229545454545454
3605,20260809,618,0.0906148867313915,0.3527508090614886,0.1866288492706645,0.0690686831543722,5.0,0.6,94.0,0.6808510638297872,0.1667021276595744,104.0,0.3653846153846153,0.193076923076923,103.0,0.3786407766990291,0.1911650485436893,100.0,0.38,0.1885858585858585,117.0,0.2564102564102564,0.1842735042735042,100.0,0.09,0.1948
3606,20260808,867,0.1880046136101499,0.5790080738177624,0.1618959537572254,0.058262815314468,5.0,0.4,180.0,0.8944444444444445,0.1568888888888889,130.0,0.7153846153846154,0.151860465116279,146.0,0.6575342465753424,0.1511643835616438,142.0,0.5211267605633803,0.153169014084507,142.0,0.3873239436619718,0.1626950354609929,127.0,0.1811023622047244,0.2003937007874015
3611,20260810,766,0.1879895561357702,0.6031331592689295,0.1479581151832461,0.0604370498048805,5.0,0.4,159.0,0.8427672955974843,0.1434394904458598,127.0,0.7007874015748031,0.149763779527559,133.0,0.6616541353383458,0.1388721804511278,126.0,0.5873015873015873,0.1519047619047619,116.0,0.3879310344827586,0.1510344827586207,105.0,0.3047619047619048,0.1559047619047619
3612,20260810,973,0.2302158273381295,0.6351490236382322,0.1414521112255407,0.0633793649081515,5.0,0.6,224.0,0.8705357142857143,0.1427232142857142,208.0,0.6442307692307693,0.146183574879227,179.0,0.6312849162011173,0.1442134831460674,201.0,0.6019900497512438,0.1322388059701492,108.0,0.3796296296296296,0.1374074074074074,53.0,0.2641509433962264,0.1515094339622641
3613,20260803,832,0.2415865384615384,0.6237980769230769,0.1496980676328502,0.0614147273886916,5.0,0.6,167.0,0.8982035928143712,0.1532335329341317,134.0,0.7313432835820896,0.1499253731343283,161.0,0.6956521739130435,0.137391304347826,141.0,0.6312056737588653,0.1368840579710145,113.0,0.3982300884955752,0.1516964285714285,116.0,0.2155172413793103,0.1747413793103448
3614,20260808,788,0.0774111675126903,0.3591370558375634,0.1709263959390863,0.0612105433977787,5.0,0.4,107.0,0.6355140186915887,0.1631775700934579,143.0,0.4685314685314685,0.175034965034965,148.0,0.3783783783783784,0.1660810810810811,149.0,0.3422818791946309,0.1657046979865772,139.0,0.2446043165467626,0.1677697841726618,102.0,0.0686274509803921,0.1922549019607843
3615,20260808,809,0.1161928306551298,0.3980222496909765,0.1563771712158809,0.0568007852577212,5.0,0.4,113.0,0.8938053097345132,0.1384955752212389,142.0,0.380281690140845,0.1572535211267605,154.0,0.4285714285714285,0.1538311688311688,145.0,0.3655172413793103,0.1503472222222222,146.0,0.2328767123287671,0.1596575342465753,109.0,0.128440366972477,0.1814018691588785
3616,20260810,696,0.153735632183908,0.5459770114942529,0.1616208393632416,0.0738695280740119,5.0,0.0,118.0,0.7627118644067796,0.1516101694915254,110.0,0.5545454545454546,0.179074074074074,130.0,0.5846153846153846,0.1462307692307692,119.0,0.5210084033613446,0.151551724137931,114.0,0.5175438596491229,0.1667543859649123,105.0,0.3047619047619048,0.1795238095238095
3617,20260810,632,0.1170886075949367,0.3164556962025316,0.1912995245641838,0.0695324479300591,5.0,0.2,87.0,0.6666666666666666,0.1832183908045977,106.0,0.3679245283018867,0.1918095238095238,127.0,0.3070866141732283,0.1816535433070866,109.0,0.3486238532110092,0.1819266055045871,123.0,0.1544715447154471,0.196910569105691,80.0,0.0875,0.218875
3618,20260810,876,0.2671232876712329,0.615296803652968,0.1717351598173516,0.0677573106561121,5.0,0.8,201.0,0.8955223880597015,0.1656218905472636,144.0,0.7152777777777778,0.1703472222222222,138.0,0.6521739130434783,0.1560144927536232,150.0,0.5733333333333334,0.1651333333333333,124.0,0.4112903225806452,0.1716129032258064,119.0,0.2436974789915966,0.2104201680672268
3619,20260805,790,0.1329113924050632,0.4696202531645569,0.189873417721519,0.0607608649634284,5.0,0.6,141.0,0.7801418439716312,0.171418439716312,140.0,0.6,0.1782857142857143,128.0,0.4921875,0.178671875,126.0,0.4444444444444444,0.1852380952380952,137.0,0.2554744525547445,0.2086131386861314,118.0,0.1949152542372881,0.2210169491525423
3620,20260810,646,0.1006191950464396,0.3359133126934984,0.176972049689441,0.063297035844741,5.0,0.0,89.0,0.7191011235955056,0.1648314606741573,126.0,0.4126984126984127,0.18488,121.0,0.2809917355371901,0.1699173553719008,130.0,0.3461538461538461,0.1647692307692307,104.0,0.1538461538461538,0.1842307692307692,76.0,0.0789473684210526,0.2006666666666667
3621,20260622,728,0.1758241758241758,0.625,0.166510989010989,0.0713906017001521,5.0,0.4,145.0,0.9379310344827586,0.1444137931034483,115.0,0.6173913043478261,0.1746086956521739,122.0,0.6721311475409836,0.1645901639344262,125.0,0.608,0.15296,117.0,0.4871794871794871,0.1647863247863248,104.0,0.3173076923076923,0.2088461538461538
3623,20260810,861,0.3739837398373983,0.7305458768873403,0.1405355064027939,0.066762429284555,5.0,0.6,246.0,0.9227642276422764,0.1274285714285714,486.0,0.6440329218106996,0.1522839506172839,126.0,0.6984126984126984,0.1216666666666666,2.0,0.5,0.08,0.0,,,1.0,0.0,
3624,20240516,215,0.1069767441860465,0.2976744186046511,0.1774178403755868,0.0658522963907635,5.0,0.2,30.0,0.6333333333333333,0.1820689655172413,39.0,0.3333333333333333,0.1510526315789473,42.0,0.2857142857142857,0.1821428571428571,30.0,0.3333333333333333,0.1803333333333333,40.0,0.2,0.1725,34.0,0.0588235294117647,0.2002941176470588
3627,20260805,692,0.1372832369942196,0.4783236994219653,0.1853043478260869,0.0703674217167818,5.0,0.2,114.0,0.8333333333333334,0.1657017543859649,157.0,0.4331210191082802,0.1950641025641025,145.0,0.5172413793103449,0.1830344827586207,156.0,0.4358974358974359,0.1842307692307692,93.0,0.2473118279569892,0.1908695652173913,27.0,0.074074074074074,0.2111111111111111
3629,20260518,749,0.2082777036048064,0.5887850467289719,0.1402540106951871,0.0693326837794705,5.0,0.4,144.0,0.8888888888888888,0.1466666666666666,132.0,0.6742424242424242,0.1453435114503816,131.0,0.5343511450381679,0.1326717557251908,147.0,0.5918367346938775,0.1307482993197279,120.0,0.3916666666666666,0.1286666666666666,75.0,0.2666666666666666,0.1694666666666666
3630,20260805,465,0.0473118279569892,0.3010752688172043,0.1631182795698924,0.0674286320382187,5.0,0.0,69.0,0.5797101449275363,0.1502898550724637,80.0,0.3625,0.176875,86.0,0.2325581395348837,0.162906976744186,77.0,0.3506493506493506,0.1463636363636363,78.0,0.1794871794871795,0.1675641025641025,75.0,0.1333333333333333,0.1730666666666666
3631,20260624,415,0.0915662650602409,0.3228915662650602,0.170363196125908,0.0861082926573338,5.0,0.0,51.0,0.7254901960784313,0.1522,67.0,0.4029850746268656,0.1725373134328358,67.0,0.3582089552238806,0.1659090909090909,70.0,0.2857142857142857,0.1691428571428571,86.0,0.1860465116279069,0.1769767441860465,74.0,0.1351351351351351,0.1781081081081081
3635,20260810,800,0.17375,0.56875,0.1629773869346734,0.060188602163182,5.0,0.2,151.0,0.8675496688741722,0.159933774834437,138.0,0.6666666666666666,0.1481884057971014,122.0,0.6065573770491803,0.1448760330578512,122.0,0.5409836065573771,0.1586065573770491,136.0,0.3823529411764705,0.168,131.0,0.3053435114503817,0.1982170542635659
3637,20260728,693,0.075036075036075,0.3924963924963925,0.183314037626628,0.0682795697390915,5.0,0.2,106.0,0.6698113207547169,0.1580952380952381,120.0,0.475,0.1885,124.0,0.3467741935483871,0.1777419354838709,119.0,0.3949579831932773,0.180593220338983,128.0,0.2734375,0.1927343749999999,96.0,0.1979166666666666,0.2023958333333333
3641,20260806,933,0.2057877813504823,0.6270096463022508,0.1643918191603875,0.0587149925732781,5.0,0.2,191.0,0.8429319371727748,0.1565079365079365,161.0,0.7329192546583851,0.1766459627329192,152.0,0.5855263157894737,0.1603947368421052,166.0,0.6144578313253012,0.172060606060606,148.0,0.5405405405405406,0.1671621621621621,115.0,0.3043478260869565,0.1507894736842105
3642,20260808,619,0.0581583198707592,0.3182552504038772,0.1784552845528455,0.0803754656608817,5.0,0.4,84.0,0.5714285714285714,0.1625,119.0,0.4117647058823529,0.1633613445378151,110.0,0.3636363636363636,0.1728440366972477,107.0,0.2523364485981308,0.1991588785046729,107.0,0.1775700934579439,0.1768571428571428,92.0,0.1521739130434782,0.1971428571428571
3643,20260803,787,0.1410419313850063,0.5171537484116899,0.1691315453384419,0.0633888590115154,5.0,0.2,141.0,0.900709219858156,0.16,128.0,0.5625,0.1846875,146.0,0.4794520547945205,0.168013698630137,128.0,0.4921875,0.159921875,125.0,0.408,0.1569672131147541,119.0,0.2016806722689075,0.1871186440677966
3645,20260719,318,0.2075471698113207,0.5817610062893082,0.1387421383647798,0.066580845436771,5.0,0.2,48.0,0.7291666666666666,0.1395833333333333,59.0,0.6949152542372882,0.1271186440677966,57.0,0.631578947368421,0.156140350877193,49.0,0.6530612244897959,0.1322448979591836,59.0,0.4067796610169492,0.1350847457627118,46.0,0.3695652173913043,0.1428260869565217
3647,20260808,691,0.0564399421128798,0.3125904486251809,0.1693777134587554,0.0721514769417303,5.0,0.2,101.0,0.6534653465346535,0.1583168316831683,114.0,0.4035087719298245,0.1707017543859649,119.0,0.3193277310924369,0.1634453781512605,121.0,0.2396694214876033,0.1582644628099173,115.0,0.2,0.1703478260869565,121.0,0.1157024793388429,0.1933884297520661
3652,20260809,646,0.0758513931888544,0.2786377708978328,0.1881424148606811,0.0809174453920874,5.0,0.4,89.0,0.7191011235955056,0.1521348314606741,115.0,0.2956521739130435,0.162695652173913,128.0,0.234375,0.17671875,108.0,0.25,0.1803703703703703,114.0,0.1403508771929824,0.2169298245614035,92.0,0.0978260869565217,0.2441304347826087
3653,20260809,610,0.0721311475409836,0.4081967213114754,0.193141447368421,0.0751084723864153,5.0,0.2,94.0,0.6063829787234043,0.1963440860215053,108.0,0.4537037037037037,0.1862962962962963,104.0,0.4230769230769231,0.189126213592233,104.0,0.4038461538461538,0.1899038461538461,103.0,0.3495145631067961,0.1906796116504854,97.0,0.2164948453608247,0.208041237113402
3654,20260728,818,0.2799511002444987,0.6687041564792175,0.1656265356265356,0.0705056366508808,5.0,0.6,180.0,0.8611111111111112,0.1707262569832402,139.0,0.7266187050359713,0.1656521739130435,135.0,0.6666666666666666,0.174074074074074,154.0,0.6233766233766234,0.1474509803921568,131.0,0.5572519083969466,0.1729007633587786,79.0,0.4050632911392405,0.1626923076923077
3655,20260727,843,0.1506524317912218,0.5776986951364176,0.181710213776722,0.062873938766104,5.0,0.6,170.0,0.8764705882352941,0.1731952662721893,156.0,0.6538461538461539,0.1928846153846153,147.0,0.6190476190476191,0.1678231292517007,149.0,0.4832214765100671,0.1856375838926174,131.0,0.4045801526717557,0.1889312977099236,90.0,0.2222222222222222,0.184
3656,20260725,642,0.0950155763239875,0.4813084112149532,0.1673052959501557,0.0663564217476756,5.0,0.4,106.0,0.8207547169811321,0.1681132075471698,103.0,0.5728155339805825,0.1658252427184466,117.0,0.4700854700854701,0.1525641025641025,108.0,0.4166666666666667,0.1671296296296296,111.0,0.4054054054054054,0.1581981981981982,97.0,0.1855670103092783,0.1963917525773195
3659,20260805,679,0.1561119293078056,0.5861561119293078,0.1674188790560472,0.0614954136279167,5.0,0.4,123.0,0.9105691056910568,0.151967213114754,115.0,0.6695652173913044,0.1584347826086956,117.0,0.5897435897435898,0.1619658119658119,114.0,0.5964912280701754,0.1685964912280702,118.0,0.3983050847457627,0.1810169491525423,92.0,0.2717391304347826,0.1871739130434782
3660,20260809,633,0.0473933649289099,0.2654028436018957,0.1877251184834123,0.0676147923397936,5.0,0.6,82.0,0.5975609756097561,0.1698780487804878,117.0,0.3162393162393162,0.19,114.0,0.219298245614035,0.1785087719298245,119.0,0.2352941176470588,0.1772268907563025,122.0,0.1967213114754098,0.1963934426229508,79.0,0.0632911392405063,0.2186075949367088
3661,20260803,809,0.0988875154511742,0.4808405438813349,0.1744540942928039,0.0619243695589345,5.0,0.4,138.0,0.8188405797101449,0.1710869565217391,158.0,0.5189873417721519,0.190253164556962,144.0,0.4861111111111111,0.1669230769230769,132.0,0.4621212121212121,0.1687022900763359,137.0,0.2773722627737226,0.1677941176470588,100.0,0.25,0.1815
3662,20260803,851,0.190364277320799,0.518213866039953,0.1589894242068155,0.0672188045917048,5.0,0.6,154.0,0.8051948051948052,0.1592857142857142,139.0,0.539568345323741,0.1564748201438849,146.0,0.5958904109589042,0.1497945205479452,142.0,0.4577464788732394,0.1638028169014084,139.0,0.4028776978417266,0.1601438848920863,131.0,0.2595419847328244,0.1651145038167938
3663,20260728,873,0.1500572737686139,0.4982817869415807,0.169438717067583,0.0651074094611278,5.0,0.2,141.0,0.8085106382978723,0.1638297872340425,158.0,0.569620253164557,0.1604430379746835,158.0,0.5506329113924051,0.1582278481012658,151.0,0.4370860927152318,0.173841059602649,159.0,0.3396226415094339,0.1793710691823899,106.0,0.2264150943396226,0.1858490566037735
3664,20260808,701,0.1654778887303851,0.4550641940085592,0.1749426934097421,0.066207623715232,5.0,0.0,114.0,0.8596491228070176,0.1407894736842105,131.0,0.6183206106870229,0.1679389312977099,120.0,0.4833333333333333,0.1592436974789916,111.0,0.3693693693693693,0.1708181818181818,127.0,0.2440944881889764,0.202755905511811,98.0,0.1020408163265306,0.2120618556701031
3668,20241025,198,0.0303030303030303,0.2323232323232323,0.1951269035532995,0.0752431533020673,5.0,0.4,24.0,0.375,0.2041666666666667,35.0,0.2285714285714285,0.208,37.0,0.2702702702702703,0.2032432432432432,35.0,0.1714285714285714,0.1997142857142857,37.0,0.1891891891891892,0.1675,30.0,0.2,0.1906666666666666
3670,20240327,149,0.0671140939597315,0.4026845637583892,0.1535570469798657,0.0660798157356352,5.0,0.0,20.0,0.75,0.133,26.0,0.4615384615384615,0.1538461538461538,26.0,0.3461538461538461,0.1507692307692307,27.0,0.5185185185185185,0.1685185185185185,29.0,0.2413793103448276,0.146551724137931,21.0,0.1428571428571428,0.1666666666666666
3674,20250110,296,0.1925675675675675,0.4932432432432432,0.1477627118644068,0.0663969416752927,5.0,0.2,54.0,0.7222222222222222,0.1428301886792453,53.0,0.490566037735849,0.1581132075471698,46.0,0.5652173913043478,0.1495652173913043,54.0,0.5,0.1518518518518518,50.0,0.36,0.1227999999999999,39.0,0.2564102564102564,0.1646153846153846
3679,20260803,808,0.2178217821782178,0.6881188118811881,0.1544596273291925,0.0622167114005623,5.0,0.8,166.0,0.9518072289156626,0.1374545454545454,125.0,0.768,0.14976,129.0,0.7364341085271318,0.145625,153.0,0.6601307189542484,0.1573856209150327,126.0,0.492063492063492,0.16792,109.0,0.4036697247706422,0.1764220183486238
3680,20260801,713,0.0813464235624123,0.3828892005610098,0.2053314527503525,0.0763763887761627,5.0,0.4,101.0,0.6336633663366337,0.1948514851485148,132.0,0.3939393939393939,0.2015267175572519,130.0,0.4076923076923077,0.1829230769230769,123.0,0.4390243902439024,0.1874796747967479,124.0,0.3225806451612903,0.2123577235772357,103.0,0.0970873786407767,0.2627722772277228
3681,20260810,618,0.1407766990291262,0.4935275080906149,0.1588743882544861,0.0640111548177512,5.0,0.6,102.0,0.803921568627451,0.1536274509803921,103.0,0.6407766990291263,0.1578640776699029,113.0,0.4690265486725664,0.1659459459459459,108.0,0.4444444444444444,0.1554716981132075,103.0,0.3300970873786408,0.1543689320388349,89.0,0.247191011235955,0.1665909090909091
3682,20250126,254,0.0314960629921259,0.2677165354330709,0.1877470355731225,0.0664163359790953,5.0,0.2,36.0,0.6111111111111112,0.1644444444444444,41.0,0.2682926829268293,0.1704878048780488,52.0,0.25,0.1859615384615384,44.0,0.2272727272727272,0.1927272727272727,50.0,0.22,0.1862,31.0,0.032258064516129,0.2376666666666666
3684,20260727,713,0.1584852734922861,0.5820476858345021,0.1803085553997195,0.0815723129558714,5.0,0.6,138.0,0.8623188405797102,0.1445652173913043,121.0,0.71900826446281,0.1696694214876032,128.0,0.515625,0.166640625,122.0,0.6065573770491803,0.1740163934426229,105.0,0.4095238095238095,0.208,99.0,0.2626262626262626,0.2391919191919191
3685,20260718,756,0.1997354497354497,0.5701058201058201,0.1565608465608465,0.0685107858601659,5.0,0.2,141.0,0.8014184397163121,0.1519858156028369,127.0,0.6535433070866141,0.1498425196850393,135.0,0.5703703703703704,0.1508888888888889,115.0,0.591304347826087,0.1460869565217391,121.0,0.4958677685950413,0.1586776859504132,117.0,0.2564102564102564,0.184017094017094
3686,20260722,839,0.1930870083432657,0.600715137067938,0.1454131736526946,0.0577038947314081,5.0,0.6,160.0,0.91875,0.120503144654088,139.0,0.6474820143884892,0.1428260869565217,154.0,0.6493506493506493,0.1494771241830065,128.0,0.5,0.1359375,135.0,0.4666666666666667,0.1462962962962962,123.0,0.3252032520325203,0.184672131147541
3687,20260810,577,0.1265164644714038,0.4679376083188908,0.1692374350086655,0.0795117735568055,5.0,0.2,97.0,0.845360824742268,0.1373195876288659,177.0,0.4971751412429379,0.1614689265536723,134.0,0.3582089552238806,0.1826119402985074,145.0,0.3241379310344827,0.180551724137931,20.0,0.2,0.2239999999999999,4.0,0.25,0.155
3690,20260810,770,0.1181818181818181,0.448051948051948,0.1842857142857143,0.0657154150100594,5.0,0.2,109.0,0.7706422018348624,0.1712844036697247,134.0,0.5522388059701493,0.1942537313432835,147.0,0.4625850340136054,0.184421768707483,128.0,0.4296875,0.173125,130.0,0.2769230769230769,0.1855384615384615,122.0,0.2295081967213114,0.1951639344262295
3692,20260810,700,0.1228571428571428,0.4728571428571428,0.1509051724137931,0.0665350324863434,5.0,0.6,116.0,0.7413793103448276,0.1468695652173913,121.0,0.5289256198347108,0.1582499999999999,130.0,0.6538461538461539,0.145076923076923,125.0,0.44,0.1399193548387096,109.0,0.2201834862385321,0.146574074074074,99.0,0.1717171717171717,0.1728282828282828
3693,20240713,261,0.0804597701149425,0.318007662835249,0.192183908045977,0.0760030038833109,5.0,0.4,42.0,0.5714285714285714,0.1919047619047619,50.0,0.3,0.2067999999999999,46.0,0.4347826086956521,0.178695652173913,42.0,0.2619047619047619,0.2095238095238095,51.0,0.2156862745098039,0.1901960784313725,30.0,0.0666666666666666,0.168
3696,20260808,706,0.1076487252124645,0.509915014164306,0.1814751773049645,0.0589538323467849,5.0,0.8,117.0,0.7692307692307693,0.1931623931623931,126.0,0.6031746031746031,0.1865079365079365,119.0,0.5462184873949579,0.1735294117647058,122.0,0.3934426229508196,0.1676229508196721,126.0,0.4126984126984127,0.172063492063492,96.0,0.3020833333333333,0.2006315789473684
3697,20241116,198,0.1565656565656565,0.4646464646464646,0.1460913705583756,0.0615737086804071,5.0,0.4,26.0,1.0,0.1261538461538461,36.0,0.4444444444444444,0.1572222222222222,37.0,0.4594594594594595,0.1381081081081081,32.0,0.59375,0.130625,37.0,0.1621621621621621,0.151081081081081,30.0,0.2666666666666666,0.1710344827586206
3699,20260809,570,0.1105263157894736,0.4175438596491228,0.1833333333333333,0.0751824292026981,5.0,0.6,76.0,0.6710526315789473,0.164078947368421,100.0,0.45,0.1898999999999999,100.0,0.49,0.1774,97.0,0.3608247422680412,0.1822680412371134,93.0,0.3763440860215054,0.1778494623655913,104.0,0.2211538461538461,0.2026923076923076
3701,20260803,623,0.0674157303370786,0.3113964686998395,0.1581803542673108,0.0712375513923443,5.0,0.6,80.0,0.5875,0.1495,113.0,0.3539823008849557,0.1784070796460177,109.0,0.2568807339449541,0.1780733944954128,116.0,0.3620689655172414,0.1476521739130434,109.0,0.2385321100917431,0.1448623853211009,96.0,0.1145833333333333,0.1466315789473684
3702,20250518,383,0.1409921671018277,0.4830287206266319,0.1530628272251309,0.0738385902763339,5.0,0.6,69.0,0.8405797101449275,0.1578260869565217,63.0,0.5555555555555556,0.1392063492063492,61.0,0.5737704918032787,0.1398360655737704,78.0,0.3974358974358974,0.1433766233766233,63.0,0.2698412698412698,0.1558730158730158,49.0,0.1836734693877551,0.1922448979591836
3703,20260810,610,0.1786885245901639,0.5672131147540984,0.1720723684210526,0.0605673398586108,5.0,0.4,117.0,0.8632478632478633,0.1703418803418803,110.0,0.6090909090909091,0.1727272727272727,125.0,0.576,0.1708130081300813,112.0,0.5803571428571429,0.160625,100.0,0.34,0.1835,46.0,0.1521739130434782,0.1813043478260869
3704,20260710,418,0.0645933014354067,0.2679425837320574,0.2207177033492823,0.0858588009800403,5.0,0.2,63.0,0.492063492063492,0.213015873015873,83.0,0.3493975903614458,0.2225301204819277,80.0,0.2375,0.229125,69.0,0.3043478260869565,0.2150724637681159,71.0,0.1267605633802817,0.2222535211267605,52.0,0.0576923076923076,0.2196153846153846
3708,20260728,760,0.1302631578947368,0.4881578947368421,0.1611710526315789,0.0694040208447484,5.0,0.6,114.0,0.8245614035087719,0.1495614035087719,137.0,0.5547445255474452,0.1528467153284671,133.0,0.5338345864661654,0.1564661654135338,149.0,0.5167785234899329,0.1678523489932886,134.0,0.2761194029850746,0.1701492537313433,93.0,0.1720430107526881,0.170752688172043
3709,20240626,245,0.0693877551020408,0.2693877551020408,0.1940983606557377,0.0732864814134795,5.0,0.4,28.0,0.5714285714285714,0.16,46.0,0.2826086956521739,0.2021739130434783,54.0,0.4259259259259259,0.1955555555555555,33.0,0.2121212121212121,0.1987878787878788,46.0,0.1304347826086956,0.1942222222222222,38.0,0.0263157894736842,0.2031578947368421
3710,20260805,697,0.0875179340028694,0.4361549497847919,0.1711908177905308,0.064091841621683,5.0,0.4,102.0,0.7843137254901961,0.141078431372549,122.0,0.3934426229508196,0.1579508196721311,135.0,0.437037037037037,0.1621481481481481,131.0,0.4580152671755725,0.1735114503816794,115.0,0.3304347826086956,0.196695652173913,92.0,0.2065217391304347,0.2002173913043478
3711,20260718,960,0.209375,0.6010416666666667,0.157956204379562,0.0563042731852534,5.0,0.2,204.0,0.8970588235294118,0.1509803921568627,157.0,0.6242038216560509,0.1521153846153846,171.0,0.6608187134502924,0.1423976608187134,141.0,0.5886524822695035,0.1585106382978723,151.0,0.423841059602649,0.1673509933774834,136.0,0.2647058823529412,0.1836764705882353
3712,20260805,728,0.1401098901098901,0.489010989010989,0.1525824175824176,0.0608157126049657,5.0,0.4,117.0,0.8803418803418803,0.1406837606837606,121.0,0.5537190082644629,0.1391735537190082,141.0,0.524822695035461,0.1378014184397163,125.0,0.448,0.16008,119.0,0.2857142857142857,0.1638655462184874,105.0,0.2095238095238095,0.1794285714285714
3713,20260805,797,0.2070263488080301,0.5796737766624843,0.1391593475533249,0.0563812168156378,5.0,0.0,148.0,0.8918918918918919,0.1280405405405405,126.0,0.6904761904761905,0.1452380952380952,128.0,0.625,0.1399999999999999,140.0,0.6,0.1381428571428571,133.0,0.3684210526315789,0.133984962406015,122.0,0.2459016393442623,0.1522950819672131
3714,20260803,690,0.0898550724637681,0.3927536231884058,0.1602173913043478,0.0611041803558711,5.0,0.4,98.0,0.7653061224489796,0.1591836734693877,125.0,0.392,0.15832,122.0,0.4508196721311475,0.155327868852459,115.0,0.408695652173913,0.1492173913043478,128.0,0.234375,0.154140625,102.0,0.1470588235294117,0.1894117647058823
3715,20260807,562,0.1156583629893238,0.5231316725978647,0.1599464285714285,0.0729028021318348,5.0,0.6,94.0,0.7978723404255319,0.1580851063829787,96.0,0.6145833333333334,0.1533684210526315,95.0,0.6,0.1437894736842105,100.0,0.5,0.1607,86.0,0.313953488372093,0.1654117647058823,91.0,0.2857142857142857,0.1796703296703296
3716,20260810,853,0.2250879249706917,0.5849941383352872,0.1256389214536928,0.052996679625777,5.0,0.2,168.0,0.8452380952380952,0.1250595238095238,140.0,0.6571428571428571,0.127,135.0,0.6370370370370371,0.1278518518518518,139.0,0.5179856115107914,0.1183453237410071,135.0,0.4592592592592592,0.1191111111111111,136.0,0.3308823529411764,0.1366911764705882
3717,20260810,712,0.2092696629213483,0.5730337078651685,0.1469252468265162,0.0699052051880701,5.0,0.8,136.0,0.875,0.1351111111111111,133.0,0.6015037593984962,0.1560902255639097,102.0,0.5784313725490197,0.1395049504950495,113.0,0.5309734513274337,0.141858407079646,115.0,0.5217391304347826,0.1410526315789473,113.0,0.2654867256637168,0.1678761061946902
3718,20260805,678,0.1106194690265486,0.3805309734513274,0.1824704142011834,0.0655357349591287,5.0,0.2,94.0,0.7978723404255319,0.1438297872340425,118.0,0.4915254237288136,0.1952136752136752,113.0,0.495575221238938,0.1649557522123894,114.0,0.3333333333333333,0.1872807017543859,131.0,0.1603053435114503,0.1887692307692307,108.0,0.0925925925925925,0.2079629629629629
3719,20260802,815,0.2098159509202454,0.6748466257668712,0.1501356350184957,0.060277667004593,5.0,0.0,168.0,0.9047619047619048,0.1474251497005988,139.0,0.6618705035971223,0.1531159420289855,121.0,0.743801652892562,0.1466666666666666,132.0,0.6212121212121212,0.1454545454545454,132.0,0.5833333333333334,0.1457251908396946,123.0,0.4634146341463415,0.1635772357723577
3721,20260809,714,0.3403361344537815,0.6890756302521008,0.1239410939691444,0.0544644398824265,5.0,0.6,173.0,0.9595375722543352,0.1173988439306358,126.0,0.746031746031746,0.1274603174603174,126.0,0.6825396825396826,0.12792,151.0,0.5894039735099338,0.1175496688741721,90.0,0.5333333333333333,0.1267777777777777,48.0,0.1875,0.1427083333333333
3722,20260810,549,0.0455373406193078,0.2677595628415301,0.1757586837294332,0.0648040238759605,5.0,0.4,66.0,0.5606060606060606,0.165,97.0,0.3298969072164948,0.1764948453608247,99.0,0.3535353535353535,0.1654081632653061,103.0,0.2524271844660194,0.1615686274509803,100.0,0.1,0.17,84.0,0.0833333333333333,0.2195238095238095
3725,20230811,96,0.1145833333333333,0.4375,0.1804166666666666,0.0674678421340287,5.0,0.4,16.0,0.6875,0.16,18.0,0.5555555555555556,0.1516666666666666,16.0,0.5,0.178125,24.0,0.25,0.1770833333333333,14.0,0.2857142857142857,0.2142857142857142,8.0,0.375,0.24125
3726,20260731,578,0.1228373702422145,0.444636678200692,0.1598615916955017,0.0665718765934673,5.0,0.0,92.0,0.7608695652173914,0.1675,97.0,0.5360824742268041,0.1743298969072165,101.0,0.5445544554455446,0.1447524752475247,105.0,0.2952380952380952,0.1520952380952381,116.0,0.3189655172413793,0.1562068965517241,67.0,0.1791044776119403,0.1697014925373134
3730,20260805,765,0.1058823529411764,0.3738562091503268,0.1688888888888889,0.0678325076363056,5.0,0.2,109.0,0.7339449541284404,0.1522935779816513,139.0,0.4388489208633093,0.1696402877697841,146.0,0.4794520547945205,0.1634931506849315,129.0,0.2713178294573643,0.1665891472868217,141.0,0.2198581560283688,0.1751063829787234,101.0,0.0891089108910891,0.1878217821782178
3731,20260802,697,0.1391678622668579,0.4777618364418938,0.1819396551724138,0.0632941666420814,5.0,0.4,113.0,0.7610619469026548,0.1829203539823009,174.0,0.5632183908045977,0.1905172413793103,149.0,0.4966442953020134,0.175234899328859,144.0,0.3055555555555556,0.1788111888111888,91.0,0.2747252747252747,0.178021978021978,26.0,0.2307692307692307,0.1896153846153846
3734,20230611,36,0.1111111111111111,0.5,0.1725,0.0617060684932113,5.0,0.2,5.0,0.8,0.152,6.0,0.6666666666666666,0.1683333333333333,8.0,0.5,0.1625,3.0,0.3333333333333333,0.1833333333333333,10.0,0.4,0.188,4.0,0.25,0.1775
3736,20250814,572,0.1083916083916083,0.5,0.1641403508771929,0.0648402730051753,5.0,0.8,88.0,0.7613636363636364,0.1669318181818181,103.0,0.5436893203883495,0.1735922330097087,108.0,0.5185185185185185,0.1555555555555555,84.0,0.5238095238095238,0.1474698795180723,115.0,0.4,0.1720869565217391,74.0,0.2297297297297297,0.1665753424657534
3737,20260806,787,0.2731893265565438,0.7191867852604829,0.1670865139949109,0.0633021362535261,5.0,0.8,187.0,0.9090909090909092,0.1497849462365591,130.0,0.7692307692307693,0.1685384615384615,125.0,0.728,0.15456,131.0,0.648854961832061,0.1632824427480916,121.0,0.6198347107438017,0.1834710743801652,93.0,0.4838709677419355,0.2005376344086021
3740,20260805,793,0.2295081967213114,0.6229508196721312,0.1611616161616161,0.0688627983117692,5.0,0.4,168.0,0.8690476190476191,0.1536904761904761,122.0,0.5819672131147541,0.1694262295081967,134.0,0.7014925373134329,0.1636567164179104,112.0,0.5267857142857143,0.1583928571428571,130.0,0.5615384615384615,0.1606923076923077,127.0,0.4015748031496063,0.1634126984126984
3741,20260731,660,0.059090909090909,0.306060606060606,0.1825531914893617,0.0655385758269534,5.0,0.2,86.0,0.7558139534883721,0.1567441860465116,126.0,0.2777777777777778,0.1771428571428571,123.0,0.3414634146341463,0.1849586776859504,134.0,0.1940298507462686,0.1803731343283582,128.0,0.25,0.1865625,63.0,0.0317460317460317,0.2204761904761905
3742,20260805,640,0.0828125,0.4234375,0.1830829420970266,0.0673396385751025,5.0,0.8,94.0,0.7553191489361702,0.1637234042553191,118.0,0.5254237288135594,0.1875423728813559,114.0,0.5175438596491229,0.1789473684210526,121.0,0.2727272727272727,0.1924793388429752,123.0,0.2682926829268293,0.1805691056910569,70.0,0.1857142857142857,0.1966666666666666
3743,20260810,853,0.283704572098476,0.6729191090269636,0.1448356807511737,0.058627464314555,5.0,0.6,214.0,0.8691588785046729,0.1332710280373831,187.0,0.5989304812834224,0.1442245989304812,196.0,0.673469387755102,0.1453333333333333,181.0,0.6187845303867403,0.1533149171270718,58.0,0.5,0.1536206896551724,17.0,0.1764705882352941,0.1711764705882353
3744,20260805,939,0.3067092651757188,0.6240681576144835,0.1302032085561497,0.0539405633520071,5.0,0.4,210.0,0.9,0.1358851674641148,162.0,0.6481481481481481,0.1345341614906832,161.0,0.6708074534161491,0.1285,211.0,0.5308056872037915,0.1246666666666666,138.0,0.4202898550724637,0.1239130434782608,57.0,0.2456140350877192,0.1375438596491228
3745,20260809,703,0.1507823613086771,0.5761024182076814,0.1682285714285714,0.0626897511397132,5.0,0.6,130.0,0.8538461538461538,0.1582170542635659,116.0,0.6206896551724138,0.159051724137931,131.0,0.5343511450381679,0.1722137404580152,109.0,0.5688073394495413,0.1631192660550458,110.0,0.4818181818181818,0.1658715596330275,107.0,0.3457943925233644,0.1932075471698113
3746,20260810,993,0.1782477341389728,0.5760322255790534,0.1729868819374369,0.0559493683235785,5.0,0.4,193.0,0.8549222797927462,0.1570984455958549,160.0,0.69375,0.1743125,172.0,0.5755813953488372,0.1629651162790697,166.0,0.4939759036144578,0.1844242424242424,168.0,0.4285714285714285,0.1841666666666666,134.0,0.3208955223880597,0.1790977443609022
3747,20260810,774,0.1834625322997416,0.5581395348837209,0.1585899094437257,0.06486091200363,5.0,0.6,134.0,0.9104477611940298,0.1563432835820895,135.0,0.6148148148148148,0.1647761194029851,124.0,0.5403225806451613,0.1640322580645161,120.0,0.4833333333333333,0.1645833333333333,129.0,0.4573643410852713,0.1565116279069767,132.0,0.3257575757575757,0.146060606060606
3748,20260723,657,0.0593607305936073,0.3409436834094368,0.1627397260273972,0.06466949686824,5.0,0.0,86.0,0.5697674418604651,0.1583720930232558,125.0,0.432,0.16832,128.0,0.34375,0.168359375,98.0,0.3265306122448979,0.1540816326530612,127.0,0.2755905511811024,0.1544881889763779,93.0,0.1075268817204301,0.1719354838709677
3752,20260810,694,0.085014409221902,0.393371757925072,0.1681988472622478,0.0693095690907631,5.0,0.2,93.0,0.6344086021505376,0.184516129032258,132.0,0.4696969696969697,0.1876515151515151,121.0,0.4628099173553719,0.1595867768595041,131.0,0.3206106870229007,0.1645801526717557,119.0,0.3109243697478991,0.1542016806722689,98.0,0.173469387755102,0.1589795918367346
3753,20240103,87,0.057471264367816,0.3103448275862069,0.164367816091954,0.0682911473272819,5.0,0.0,13.0,0.6153846153846154,0.1392307692307692,13.0,0.3846153846153846,0.1492307692307692,19.0,0.1578947368421052,0.1489473684210526,16.0,0.5625,0.168125,14.0,0.1428571428571428,0.1964285714285714,12.0,0.0,0.1899999999999999
3757,20260810,624,0.1233974358974359,0.5080128205128205,0.1630176565008025,0.0707189269038875,5.0,0.8,93.0,0.8494623655913979,0.1431182795698924,114.0,0.6578947368421053,0.1556140350877193,110.0,0.509090909090909,0.1678181818181818,115.0,0.4347826086956521,0.1539473684210526,102.0,0.3823529411764705,0.1669607843137255,90.0,0.2,0.1941111111111111
3761,20260729,714,0.1386554621848739,0.4775910364145658,0.1633473389355742,0.0676610006453118,5.0,0.6,102.0,0.8627450980392157,0.1477450980392156,129.0,0.5426356589147286,0.1627131782945736,127.0,0.4724409448818897,0.1673228346456693,140.0,0.4142857142857143,0.1644285714285714,126.0,0.3888888888888889,0.161031746031746,90.0,0.1777777777777777,0.1778888888888889
3769,20260810,609,0.1330049261083744,0.5123152709359606,0.1708250825082508,0.0718862717807632,5.0,0.6,112.0,0.8392857142857143,0.1452678571428571,109.0,0.6422018348623854,0.1631481481481481,100.0,0.61,0.1732,100.0,0.37,0.1664646464646464,110.0,0.2636363636363636,0.1771559633027523,78.0,0.2692307692307692,0.2117948717948718
3771,20260809,695,0.1553956834532374,0.5294964028776978,0.14171469740634,0.05913716179378,5.0,0.2,129.0,0.8294573643410853,0.1386046511627907,117.0,0.5641025641025641,0.1435042735042735,116.0,0.5775862068965517,0.1309482758620689,121.0,0.4793388429752066,0.1331404958677685,117.0,0.3675213675213675,0.1398290598290598,95.0,0.2842105263157894,0.1704255319148936
3772,20260809,754,0.136604774535809,0.5278514588859416,0.1549867021276595,0.0691494668044288,5.0,0.6,139.0,0.841726618705036,0.1415827338129496,119.0,0.6218487394957983,0.158135593220339,128.0,0.5390625,0.152109375,147.0,0.4897959183673469,0.1500680272108843,117.0,0.4017094017094017,0.1549572649572649,104.0,0.1826923076923076,0.1800970873786407
3773,20260810,643,0.1368584758942457,0.4199066874027994,0.1674568288854003,0.0848480039367317,5.0,0.0,98.0,0.7755102040816326,0.1491752577319587,115.0,0.4260869565217391,0.17,108.0,0.4166666666666667,0.1765420560747663,114.0,0.4912280701754385,0.1500884955752212,110.0,0.2272727272727272,0.1688888888888889,98.0,0.1938775510204081,0.191340206185567
3775,20260803,785,0.0980891719745223,0.3834394904458599,0.1725350318471337,0.0616343779352913,5.0,0.6,115.0,0.7739130434782608,0.1648695652173913,136.0,0.3382352941176471,0.1780147058823529,137.0,0.4452554744525547,0.166934306569343,116.0,0.3103448275862069,0.1739655172413793,137.0,0.3211678832116788,0.1733576642335766,144.0,0.1736111111111111,0.176875
3776,20260808,714,0.0434173669467787,0.2731092436974789,0.1829873772791024,0.0672014919021795,5.0,0.4,94.0,0.5,0.1753191489361702,133.0,0.4135338345864661,0.1876691729323308,113.0,0.2831858407079646,0.1792035398230088,125.0,0.192,0.17736,125.0,0.248,0.1825,124.0,0.0483870967741935,0.1933870967741935
3777,20260810,844,0.2298578199052132,0.5864928909952607,0.1721071428571428,0.0715339609418296,5.0,1.0,166.0,0.8614457831325302,0.1583734939759036,136.0,0.6617647058823529,0.1617910447761194,140.0,0.6285714285714286,0.1656428571428571,139.0,0.5539568345323741,0.1742446043165467,131.0,0.5267175572519084,0.1736641221374046,132.0,0.2121212121212121,0.2033846153846153
3778,20260805,450,0.0644444444444444,0.3,0.212572706935123,0.0877297735667739,5.0,0.4,67.0,0.5074626865671642,0.1997014925373134,84.0,0.3809523809523809,0.2157142857142857,89.0,0.3258426966292135,0.20375,75.0,0.3066666666666666,0.1967123287671232,79.0,0.1392405063291139,0.2111392405063291,56.0,0.1071428571428571,0.2598214285714286
3779,20260802,811,0.2922318125770654,0.5832305795314426,0.1108261405672009,0.0531306753500891,5.0,0.6,192.0,0.8645833333333334,0.1078124999999999,123.0,0.6097560975609756,0.1172357723577235,153.0,0.5751633986928104,0.1066013071895424,148.0,0.581081081081081,0.1124324324324324,110.0,0.3272727272727272,0.1126363636363636,85.0,0.2588235294117647,0.1108235294117647
3780,20241216,453,0.2538631346578366,0.6600441501103753,0.1494222222222222,0.0558659064740995,5.0,0.6,104.0,0.8557692307692307,0.1319417475728155,77.0,0.7142857142857143,0.1524675324675324,72.0,0.6944444444444444,0.156056338028169,69.0,0.5942028985507246,0.1517391304347826,74.0,0.5540540540540541,0.1515068493150685,57.0,0.4035087719298245,0.1631578947368421
3781,20231129,130,0.123076923076923,0.4461538461538462,0.1303846153846153,0.0677257347537034,5.0,0.0,15.0,0.8666666666666667,0.158,23.0,0.391304347826087,0.1195652173913043,22.0,0.5454545454545454,0.0927272727272727,24.0,0.375,0.12375,23.0,0.4782608695652174,0.1404347826086956,23.0,0.1739130434782608,0.1560869565217391
3783,20260810,808,0.2314356435643564,0.6175742574257426,0.1455693069306931,0.0560359029932785,5.0,1.0,179.0,0.8715083798882681,0.1398882681564245,127.0,0.7165354330708661,0.142755905511811,141.0,0.6170212765957447,0.15,135.0,0.5851851851851851,0.1494814814814815,135.0,0.4592592592592592,0.1463703703703703,91.0,0.2637362637362637,0.1468131868131868
3784,20260810,657,0.1141552511415525,0.4809741248097412,0.1581651376146789,0.0692356496037366,5.0,0.6,101.0,0.8118811881188119,0.1408910891089109,111.0,0.5405405405405406,0.1586486486486486,114.0,0.5526315789473685,0.1610619469026548,128.0,0.5078125,0.14671875,100.0,0.31,0.1628282828282828,103.0,0.145631067961165,0.1813725490196078
3787,20260810,424,0.0566037735849056,0.3136792452830189,0.1926666666666666,0.0707983947446034,5.0,0.2,58.0,0.6896551724137931,0.1875438596491228,70.0,0.3857142857142857,0.1763768115942029,80.0,0.35,0.1937974683544303,75.0,0.2533333333333333,0.1969333333333333,82.0,0.1707317073170731,0.1937037037037037,59.0,0.0847457627118644,0.2083050847457627
3788,20260803,603,0.2321724709784411,0.5621890547263682,0.1265159128978224,0.0638642968077327,5.0,0.4,111.0,0.8738738738738738,0.1234545454545454,103.0,0.5922330097087378,0.1264077669902912,95.0,0.5684210526315789,0.1364893617021276,108.0,0.5370370370370371,0.1311214953271028,113.0,0.4778761061946903,0.1125892857142857,73.0,0.2054794520547945,0.1332394366197183
3790,20260809,663,0.1055806938159879,0.416289592760181,0.1728549848942598,0.0789097162653135,5.0,0.2,98.0,0.6938775510204082,0.1476530612244898,121.0,0.4628099173553719,0.1655,120.0,0.4916666666666666,0.1520833333333333,103.0,0.3883495145631068,0.1741747572815534,120.0,0.25,0.1990833333333333,101.0,0.2277227722772277,0.1982178217821782
3792,20260727,641,0.1965678627145085,0.641185647425897,0.1734379905808477,0.066459827228249,5.0,0.6,123.0,0.902439024390244,0.1605691056910569,111.0,0.6666666666666666,0.1804545454545454,109.0,0.7339449541284404,0.1722935779816513,110.0,0.6727272727272727,0.1645454545454545,104.0,0.3461538461538461,0.1796116504854369,84.0,0.4285714285714285,0.1890243902439024
3793,20260726,579,0.0708117443868739,0.4006908462867012,0.1696707105719237,0.0826388588773393,5.0,0.4,81.0,0.7037037037037037,0.15925,99.0,0.494949494949495,0.1791919191919192,91.0,0.4945054945054945,0.148021978021978,83.0,0.4337349397590361,0.1613253012048192,112.0,0.2321428571428571,0.1797321428571428,113.0,0.168141592920354,0.1824107142857143
3796,20260728,808,0.1398514851485148,0.5061881188118812,0.1699133663366336,0.0721564404647912,5.0,0.2,131.0,0.8320610687022901,0.1648854961832061,127.0,0.6141732283464567,0.1753543307086614,139.0,0.5539568345323741,0.167410071942446,127.0,0.4566929133858268,0.1533070866141732,129.0,0.4496124031007752,0.1702325581395349,155.0,0.1870967741935484,0.1852903225806451
3797,20260809,742,0.0512129380053908,0.3153638814016172,0.1950607287449393,0.0648669589074705,5.0,0.2,104.0,0.5480769230769231,0.1822115384615384,127.0,0.3228346456692913,0.2,144.0,0.3888888888888889,0.1942361111111111,124.0,0.314516129032258,0.2035483870967741,132.0,0.2272727272727272,0.1961363636363636,111.0,0.0990990990990991,0.1917272727272727
3800,20260810,589,0.1561969439728353,0.5449915110356537,0.1627380952380952,0.0797774505106381,5.0,0.6,110.0,0.7818181818181819,0.1472477064220183,90.0,0.6444444444444445,0.1632222222222222,98.0,0.6020408163265306,0.1545918367346938,100.0,0.46,0.1461,94.0,0.4680851063829787,0.1682978723404255,97.0,0.2886597938144329,0.1996907216494845
3801,20260724,502,0.1673306772908366,0.4442231075697211,0.17146,0.0744638731197888,5.0,0.6,81.0,0.7160493827160493,0.181375,91.0,0.5274725274725275,0.1874725274725275,90.0,0.4333333333333333,0.1591111111111111,74.0,0.527027027027027,0.1508108108108108,91.0,0.2637362637362637,0.1621978021978022,75.0,0.2,0.1881081081081081
3802,20250627,352,0.1079545454545454,0.3806818181818182,0.1675568181818181,0.0639135349790042,5.0,0.6,55.0,0.7636363636363637,0.1558181818181818,63.0,0.3968253968253968,0.1752380952380952,55.0,0.3272727272727272,0.1585454545454545,64.0,0.328125,0.15359375,65.0,0.2461538461538461,0.1683076923076923,50.0,0.24,0.1976
3804,20260808,669,0.077727952167414,0.3886397608370702,0.1671150971599402,0.0700024784690278,5.0,0.4,88.0,0.7045454545454546,0.1510227272727272,120.0,0.5333333333333333,0.1795833333333333,117.0,0.3931623931623931,0.158034188034188,121.0,0.3884297520661157,0.1399173553719008,116.0,0.1724137931034483,0.1598275862068965,107.0,0.1962616822429906,0.2149532710280373
3805,20260803,709,0.1636107193229901,0.5655853314527504,0.1337906647807637,0.0554375806132805,5.0,0.4,135.0,0.8592592592592593,0.1463432835820895,114.0,0.6491228070175439,0.1348245614035088,129.0,0.5503875968992248,0.1303875968992248,115.0,0.5739130434782609,0.1273043478260869,123.0,0.4390243902439024,0.1246721311475409,93.0,0.2150537634408602,0.1391397849462365
3807,20260805,756,0.1044973544973544,0.4007936507936508,0.1683730158730158,0.065639898757493,5.0,0.8,112.0,0.6964285714285714,0.15375,146.0,0.4315068493150685,0.1695205479452055,135.0,0.4814814814814814,0.1518518518518518,123.0,0.3577235772357723,0.17130081300813,125.0,0.28,0.1712,115.0,0.1565217391304348,0.1943478260869565
3808,20260809,657,0.0776255707762557,0.2998477929984779,0.1611603053435114,0.065114323044593,5.0,0.6,98.0,0.6632653061224489,0.1530612244897959,113.0,0.3982300884955752,0.1644247787610619,121.0,0.2892561983471074,0.1574789915966386,98.0,0.2448979591836734,0.1536734693877551,129.0,0.1472868217054263,0.1607751937984496,98.0,0.0918367346938775,0.1779591836734694
3809,20260810,695,0.0848920863309352,0.4661870503597122,0.1703183791606367,0.0774328517898053,5.0,0.2,103.0,0.6796116504854369,0.1695049504950495,129.0,0.5193798449612403,0.1736434108527132,155.0,0.432258064516129,0.1598039215686274,149.0,0.4966442953020134,0.1697986577181208,98.0,0.3061224489795918,0.1656122448979592,61.0,0.2622950819672131,0.1998360655737704
3811,20260808,936,0.2382478632478632,0.6356837606837606,0.1520833333333333,0.0602349167203515,5.0,0.8,197.0,0.9187817258883249,0.1558375634517766,149.0,0.7114093959731543,0.1443624161073825,164.0,0.6829268292682927,0.1475609756097561,138.0,0.6014492753623188,0.153623188405797,160.0,0.44375,0.1564375,128.0,0.328125,0.1539843749999999
3812,20260808,687,0.0844250363901018,0.4119359534206696,0.1693877551020408,0.0679772605730676,5.0,0.6,100.0,0.71,0.1538,116.0,0.4741379310344827,0.174695652173913,125.0,0.368,0.1475999999999999,129.0,0.4186046511627907,0.1858139534883721,112.0,0.3035714285714285,0.1652678571428571,105.0,0.219047619047619,0.1885714285714285
3813,20260727,820,0.2390243902439024,0.6792682926829269,0.1643101343101343,0.0671928431879768,5.0,0.8,179.0,0.9217877094972068,0.1363687150837988,149.0,0.6845637583892618,0.1663513513513513,147.0,0.7006802721088435,0.1646938775510204,121.0,0.6859504132231405,0.1691735537190082,122.0,0.5573770491803278,0.1655737704918032,102.0,0.3529411764705882,0.2025490196078431
3814,20260810,730,0.1,0.4424657534246575,0.1831868131868132,0.0659941575982068,5.0,0.4,109.0,0.7155963302752294,0.1692660550458715,130.0,0.6,0.1728461538461538,133.0,0.5112781954887218,0.1730827067669172,126.0,0.3412698412698413,0.18072,139.0,0.2949640287769784,0.2018115942028985,93.0,0.1612903225806451,0.2040860215053763
3815,20230822,50,0.1,0.28,0.1616326530612244,0.0816499981572793,5.0,0.4,7.0,0.7142857142857143,0.1171428571428571,8.0,0.25,0.13875,10.0,0.1,0.2055555555555555,10.0,0.3,0.1649999999999999,8.0,0.125,0.16625,7.0,0.2857142857142857,0.1657142857142857
3820,20260513,505,0.0376237623762376,0.3188118811881188,0.1595238095238095,0.0685404195759425,5.0,0.4,73.0,0.589041095890411,0.1598630136986301,84.0,0.3214285714285714,0.1685714285714285,89.0,0.3932584269662921,0.1558426966292135,86.0,0.313953488372093,0.1524705882352941,90.0,0.1888888888888888,0.1513333333333333,83.0,0.144578313253012,0.1701204819277108
3822,20260810,888,0.2623873873873873,0.6666666666666666,0.1646998867497169,0.0703026580288504,5.0,1.0,198.0,0.8585858585858586,0.1587373737373737,152.0,0.6842105263157895,0.1709933774834437,132.0,0.6212121212121212,0.1726717557251908,156.0,0.6346153846153846,0.1636129032258064,146.0,0.6095890410958904,0.1654166666666666,104.0,0.4615384615384615,0.1575
3825,20260810,624,0.1073717948717948,0.328525641025641,0.129967689822294,0.0618299214153119,5.0,0.4,81.0,0.6666666666666666,0.1325,105.0,0.2952380952380952,0.1405825242718446,106.0,0.3584905660377358,0.1279245283018868,116.0,0.396551724137931,0.1199122807017543,106.0,0.2358490566037736,0.1302830188679245,110.0,0.1,0.1302727272727272
3826,20260721,753,0.1726427622841965,0.6308100929614874,0.1499335106382978,0.0607389850307776,5.0,0.8,149.0,0.8993288590604027,0.1553020134228188,115.0,0.6347826086956522,0.1376521739130435,131.0,0.648854961832061,0.1426923076923077,115.0,0.591304347826087,0.1500869565217391,146.0,0.5136986301369864,0.1494520547945205,97.0,0.4123711340206185,0.1664948453608247
3827,20260803,579,0.0518134715025906,0.3419689119170984,0.1697754749568221,0.0647923588181242,5.0,0.2,87.0,0.6206896551724138,0.1727586206896551,106.0,0.4339622641509434,0.1640566037735849,103.0,0.4174757281553398,0.1694174757281553,102.0,0.196078431372549,0.1640196078431372,115.0,0.2521739130434782,0.1701739130434782,66.0,0.0909090909090909,0.1837878787878788
3828,20260810,707,0.1456859971711457,0.5148514851485149,0.1737695590327169,0.0653245608352015,5.0,0.2,130.0,0.8769230769230769,0.1458461538461538,115.0,0.591304347826087,0.171858407079646,112.0,0.5535714285714286,0.1732142857142857,110.0,0.4090909090909091,0.1796363636363636,143.0,0.3706293706293706,0.1847183098591549,97.0,0.2268041237113402,0.1915625
3831,20260810,558,0.1093189964157706,0.3799283154121863,0.156391382405745,0.0715592769892457,5.0,0.0,90.0,0.6777777777777778,0.1645555555555555,85.0,0.5176470588235295,0.1543529411764706,104.0,0.4326923076923077,0.1333653846153846,105.0,0.3047619047619048,0.1394285714285714,90.0,0.2444444444444444,0.1474157303370786,84.0,0.0952380952380952,0.2089285714285714
3832,20260801,619,0.0791599353796446,0.4038772213247172,0.1683037156704362,0.0689444872972572,5.0,0.0,88.0,0.6818181818181818,0.1544318181818181,120.0,0.5,0.1653333333333333,111.0,0.4324324324324324,0.1631531531531531,97.0,0.4020618556701031,0.1694845360824742,106.0,0.2924528301886792,0.1654716981132075,97.0,0.1237113402061855,0.1923711340206185
3833,20260804,835,0.2910179640718562,0.6778443113772455,0.1319184652278177,0.0544178968792618,5.0,0.4,196.0,0.9336734693877552,0.1285204081632653,143.0,0.7552447552447552,0.1309790209790209,132.0,0.6742424242424242,0.1365151515151515,143.0,0.6153846153846154,0.1264788732394366,127.0,0.4881889763779528,0.1305511811023622,94.0,0.3829787234042553,0.1440425531914893
3834,20260809,591,0.1065989847715736,0.3807106598984771,0.1864467005076142,0.0771766829487676,5.0,0.6,90.0,0.7666666666666667,0.1811111111111111,107.0,0.3925233644859813,0.1825233644859813,100.0,0.38,0.1956,90.0,0.3555555555555555,0.1766666666666666,108.0,0.287037037037037,0.1851851851851851,96.0,0.1354166666666666,0.196875
3837,20260801,840,0.2464285714285714,0.6321428571428571,0.1547914183551847,0.0609141573267443,5.0,0.6,162.0,0.9197530864197532,0.1369135802469135,146.0,0.7876712328767124,0.1442465753424657,140.0,0.6214285714285714,0.1510071942446043,145.0,0.5517241379310345,0.1590344827586206,121.0,0.4545454545454545,0.1590909090909091,126.0,0.3571428571428571,0.1851587301587301
3838,20260810,804,0.1791044776119403,0.5696517412935324,0.1378277153558052,0.0576551830344458,5.0,0.8,147.0,0.9251700680272108,0.1225170068027211,134.0,0.6044776119402985,0.1528358208955224,126.0,0.6190476190476191,0.1352380952380952,135.0,0.5703703703703704,0.1249629629629629,125.0,0.392,0.1313821138211382,137.0,0.2700729927007299,0.1605882352941176
3839,20260803,696,0.0689655172413793,0.300287356321839,0.1702014388489208,0.0703861067733306,5.0,0.2,94.0,0.5425531914893617,0.1562765957446808,122.0,0.3278688524590163,0.1677049180327869,126.0,0.3174603174603174,0.14952,107.0,0.2897196261682243,0.1610280373831775,128.0,0.25,0.175078125,119.0,0.1260504201680672,0.2084873949579831
3841,20260810,807,0.1957868649318463,0.6220570012391574,0.1676178660049627,0.0612182596417131,5.0,0.8,163.0,0.901840490797546,0.1465432098765432,140.0,0.6714285714285714,0.1679285714285714,138.0,0.6594202898550725,0.1684057971014493,125.0,0.64,0.1584799999999999,113.0,0.4424778761061947,0.1773451327433628,128.0,0.3125,0.1934375
3842,20260809,770,0.1857142857142857,0.548051948051948,0.1812743823146944,0.0665336340076758,5.0,0.4,146.0,0.8493150684931506,0.1572602739726027,128.0,0.625,0.1785826771653543,134.0,0.6044776119402985,0.172910447761194,130.0,0.5230769230769231,0.1964615384615384,137.0,0.3576642335766423,0.1767883211678832,95.0,0.2105263157894736,0.2192631578947368
3843,20260810,787,0.144853875476493,0.4485387547649301,0.1631974522292993,0.0643584151343428,5.0,0.2,129.0,0.8527131782945736,0.15453125,129.0,0.5426356589147286,0.1746511627906976,139.0,0.4820143884892086,0.1647482014388489,141.0,0.3617021276595745,0.1575886524822695,133.0,0.2781954887218045,0.1613533834586466,116.0,0.1551724137931034,0.1671304347826087
3845,20260805,648,0.2361111111111111,0.6141975308641975,0.1961919504643962,0.0712953152636878,5.0,0.6,146.0,0.863013698630137,0.1771232876712329,144.0,0.6458333333333334,0.2004861111111111,129.0,0.6201550387596899,0.1947286821705426,128.0,0.4921875,0.207890625,81.0,0.3950617283950617,0.2035,20.0,0.2,0.2105263157894736
3848,20260726,736,0.1508152173913043,0.5095108695652174,0.1486277173913043,0.0625381839290007,5.0,0.0,117.0,0.8376068376068376,0.1478632478632478,126.0,0.5555555555555556,0.148095238095238,116.0,0.6379310344827587,0.1356896551724138,110.0,0.4636363636363636,0.1495454545454545,128.0,0.3359375,0.142109375,139.0,0.2805755395683453,0.1658273381294964
3849,20260613,699,0.3490701001430615,0.6952789699570815,0.1318767908309455,0.0588091152809752,5.0,0.6,170.0,0.9470588235294116,0.122235294117647,153.0,0.6143790849673203,0.1455921052631578,141.0,0.6524822695035462,0.135177304964539,141.0,0.6737588652482269,0.1213475177304964,75.0,0.4933333333333333,0.1285333333333333,19.0,0.3684210526315789,0.1752631578947368
3850,20260805,724,0.1256906077348066,0.4461325966850828,0.1458367911479944,0.0614145015263121,5.0,0.2,101.0,0.7920792079207921,0.1423762376237624,125.0,0.488,0.14952,131.0,0.4961832061068702,0.1519083969465648,126.0,0.3809523809523809,0.132063492063492,146.0,0.3493150684931507,0.1358219178082192,95.0,0.1894736842105263,0.1702127659574468
3851,20260305,382,0.0968586387434555,0.2460732984293193,0.1756544502617801,0.072714502817428,5.0,0.0,50.0,0.54,0.1608,68.0,0.25,0.1688235294117647,74.0,0.3378378378378378,0.1506756756756757,66.0,0.2121212121212121,0.1772727272727272,62.0,0.0806451612903225,0.1751612903225806,62.0,0.0967741935483871,0.2237096774193548
3852,20260810,782,0.1572890025575447,0.4782608695652174,0.1682480818414322,0.0710723477088848,5.0,0.4,136.0,0.7573529411764706,0.1669117647058823,120.0,0.4833333333333333,0.1735833333333333,130.0,0.4846153846153846,0.1576923076923077,122.0,0.5,0.1695901639344262,142.0,0.3661971830985915,0.162112676056338,132.0,0.2803030303030303,0.180530303030303
3853,20260810,839,0.1954707985697258,0.5387365911799762,0.1866866028708134,0.0677696800452502,5.0,0.4,163.0,0.9202453987730062,0.1653086419753086,132.0,0.6590909090909091,0.1807575757575757,152.0,0.4802631578947368,0.1811842105263157,138.0,0.5072463768115942,0.1818382352941176,132.0,0.3409090909090909,0.205530303030303,122.0,0.221311475409836,0.2133606557377049
3854,20260810,805,0.2795031055900621,0.6596273291925466,0.138457711442786,0.0606995656195684,5.0,0.8,192.0,0.8541666666666666,0.1416145833333333,124.0,0.6612903225806451,0.1311382113821138,135.0,0.7333333333333333,0.1315555555555555,141.0,0.6524822695035462,0.1413475177304964,136.0,0.5,0.138235294117647,77.0,0.3376623376623376,0.1494805194805195
3855,20250729,418,0.0478468899521531,0.277511961722488,0.2221342925659472,0.0866150069187799,5.0,0.2,54.0,0.5555555555555556,0.1862962962962963,71.0,0.352112676056338,0.2059154929577464,87.0,0.2758620689655172,0.2218604651162791,76.0,0.2763157894736842,0.2193421052631579,70.0,0.1571428571428571,0.2402857142857143,60.0,0.0833333333333333,0.2563333333333333
3857,20260725,620,0.0887096774193548,0.3806451612903225,0.2006451612903226,0.0808437554741708,5.0,0.2,18.0,0.6666666666666666,0.1988888888888889,32.0,0.4375,0.189375,17.0,0.2941176470588235,0.2076470588235294,25.0,0.48,0.2148,54.0,0.4259259259259259,0.2031481481481481,474.0,0.3586497890295358,0.2001898734177215
3859,20260727,493,0.0831643002028397,0.3651115618661257,0.1627032520325203,0.0799784609571012,5.0,0.2,74.0,0.5675675675675675,0.1632432432432432,88.0,0.4545454545454545,0.1563636363636363,87.0,0.425287356321839,0.1493103448275862,83.0,0.3493975903614458,0.1680722891566265,89.0,0.2584269662921348,0.1635227272727273,72.0,0.125,0.1788888888888889
3860,20260802,647,0.0540958268933539,0.3338485316846986,0.1984472049689441,0.0717510274881409,5.0,0.2,94.0,0.5212765957446809,0.1784042553191489,123.0,0.4878048780487805,0.1863414634146341,118.0,0.3559322033898305,0.1944915254237288,100.0,0.35,0.2046464646464646,123.0,0.1707317073170731,0.2048760330578512,89.0,0.1011235955056179,0.2259550561797752
3863,20260808,712,0.0969101123595505,0.4115168539325842,0.1645633802816901,0.071056559973969,5.0,0.6,120.0,0.7666666666666667,0.1436666666666667,121.0,0.5289256198347108,0.1505833333333333,133.0,0.3834586466165413,0.1589473684210526,120.0,0.3,0.1735,114.0,0.2807017543859649,0.1730088495575221,104.0,0.173076923076923,0.1925
3866,20260722,428,0.0677570093457943,0.3411214953271028,0.1407009345794392,0.0736433328035626,5.0,0.4,58.0,0.6724137931034483,0.1274137931034482,72.0,0.375,0.1247222222222222,76.0,0.4736842105263157,0.1325,63.0,0.3809523809523809,0.1203174603174603,84.0,0.1904761904761904,0.1504761904761904,75.0,0.0533333333333333,0.1808
3867,20260810,611,0.0752864157119476,0.3060556464811784,0.1647861842105263,0.0709842945466239,5.0,0.0,82.0,0.6097560975609756,0.1576543209876543,115.0,0.3391304347826087,0.1726086956521739,106.0,0.3867924528301887,0.1584905660377358,118.0,0.2288135593220339,0.1608547008547008,111.0,0.1531531531531531,0.1613513513513513,79.0,0.1645569620253164,0.18
3868,20260805,682,0.1055718475073313,0.4178885630498534,0.1858797653958944,0.0719331122669815,5.0,0.4,105.0,0.7428571428571429,0.1592380952380952,125.0,0.536,0.19368,107.0,0.411214953271028,0.1681308411214953,116.0,0.3879310344827586,0.1907758620689655,116.0,0.2844827586206896,0.1980172413793103,113.0,0.1592920353982301,0.2013274336283186
3869,20260731,657,0.076103500761035,0.3713850837138508,0.1816768292682927,0.0733970521751059,5.0,0.2,92.0,0.8043478260869565,0.1494505494505494,126.0,0.4285714285714285,0.187063492063492,113.0,0.3716814159292035,0.1879646017699115,103.0,0.2718446601941747,0.1871844660194175,132.0,0.2575757575757575,0.1864393939393939,91.0,0.1318681318681318,0.1854945054945055
3870,20260805,695,0.116546762589928,0.4071942446043165,0.1701152737752161,0.0652305905202647,5.0,0.0,105.0,0.780952380952381,0.1694285714285714,131.0,0.4122137404580153,0.1745801526717557,123.0,0.3333333333333333,0.1800819672131147,138.0,0.4420289855072464,0.1654347826086956,115.0,0.3043478260869565,0.1627826086956521,83.0,0.1204819277108433,0.1672289156626506
3871,20260712,542,0.1365313653136531,0.4243542435424354,0.1772777777777777,0.0689349980098446,5.0,0.0,82.0,0.7560975609756098,0.1685185185185185,106.0,0.4622641509433962,0.1745283018867924,91.0,0.6263736263736264,0.1729670329670329,93.0,0.3548387096774194,0.1833333333333333,104.0,0.2211538461538461,0.1741747572815533,66.0,0.0909090909090909,0.1946969696969697
3872,20260809,854,0.1932084309133489,0.5843091334894613,0.1902235294117647,0.0746683453633999,5.0,0.4,181.0,0.8287292817679558,0.1881666666666666,146.0,0.636986301369863,0.1978082191780822,146.0,0.6027397260273972,0.1860689655172414,136.0,0.5441176470588235,0.1846666666666666,131.0,0.4809160305343511,0.1921374045801527,114.0,0.2719298245614035,0.1934513274336283
3873,20260804,768,0.1614583333333333,0.5546875,0.164341590612777,0.0729061701931239,5.0,0.2,141.0,0.8439716312056738,0.1632624113475177,122.0,0.6557377049180327,0.1661475409836065,130.0,0.6076923076923076,0.1464615384615384,109.0,0.4862385321100917,0.1519266055045871,115.0,0.4869565217391304,0.1552631578947368,151.0,0.2582781456953642,0.1950993377483443
3874,20260810,886,0.2392776523702031,0.6467268623024831,0.1522711864406779,0.0622600244033469,5.0,0.6,185.0,0.918918918918919,0.1342162162162162,144.0,0.6597222222222222,0.1454166666666666,140.0,0.6785714285714286,0.1532142857142857,145.0,0.6,0.1553103448275862,141.0,0.4964539007092198,0.1602127659574468,131.0,0.4274809160305343,0.1725384615384615
3875,20260808,712,0.1025280898876404,0.375,0.1762853107344632,0.0646495372418195,5.0,0.6,99.0,0.797979797979798,0.1636734693877551,128.0,0.484375,0.16953125,131.0,0.3740458015267175,0.1513740458015267,128.0,0.3515625,0.1584126984126984,131.0,0.1908396946564885,0.1852307692307692,95.0,0.0736842105263157,0.2442105263157894
3876,20260810,734,0.4509536784741144,0.776566757493188,0.133844049247606,0.0632920209831295,5.0,0.8,199.0,0.9246231155778896,0.1388442211055276,104.0,0.7788461538461539,0.1519417475728155,119.0,0.7563025210084033,0.1332773109243697,99.0,0.7373737373737373,0.1310204081632653,104.0,0.7980769230769231,0.1249038461538461,109.0,0.5412844036697247,0.1191666666666666
3877,20240930,320,0.103125,0.478125,0.17059375,0.0752410124927721,5.0,0.4,49.0,0.7142857142857143,0.1510204081632653,56.0,0.4821428571428571,0.1628571428571428,61.0,0.5081967213114754,0.1473770491803278,42.0,0.4047619047619047,0.1883333333333333,56.0,0.4285714285714285,0.1758928571428571,56.0,0.3392857142857143,0.2021428571428571
3878,20260808,592,0.0726351351351351,0.3530405405405405,0.1794077834179357,0.0835941035756492,5.0,0.2,72.0,0.5694444444444444,0.1694444444444444,117.0,0.4700854700854701,0.1693965517241379,108.0,0.324074074074074,0.1956481481481481,100.0,0.41,0.163,102.0,0.2352941176470588,0.1817647058823529,93.0,0.1397849462365591,0.1958064516129032
3880,20260728,717,0.0892608089260808,0.4309623430962343,0.1782984658298465,0.0705223005800067,5.0,0.0,108.0,0.7037037037037037,0.1527777777777778,130.0,0.5538461538461539,0.1826153846153846,125.0,0.392,0.1844799999999999,131.0,0.4351145038167939,0.1799236641221374,133.0,0.2857142857142857,0.1841353383458646,90.0,0.1888888888888888,0.1831111111111111
3881,20250209,510,0.1254901960784313,0.4568627450980392,0.1567387033398821,0.0626460767981586,5.0,0.4,83.0,0.7951807228915663,0.1315853658536585,94.0,0.6382978723404256,0.15,91.0,0.4065934065934066,0.1592307692307692,96.0,0.4583333333333333,0.1491666666666666,82.0,0.1707317073170731,0.1726829268292683,64.0,0.1875,0.18625
3882,20260805,787,0.144853875476493,0.4853875476493011,0.1698854961832061,0.0704374706428001,5.0,0.4,130.0,0.8153846153846154,0.1506153846153846,135.0,0.5407407407407407,0.1784444444444444,141.0,0.5106382978723404,0.1674999999999999,147.0,0.4557823129251701,0.1648979591836734,128.0,0.3359375,0.18359375,106.0,0.1981132075471698,0.1761320754716981
3883,20241104,232,0.0387931034482758,0.2112068965517241,0.1791379310344827,0.065752526705315,5.0,0.0,33.0,0.5454545454545454,0.1854545454545454,46.0,0.2826086956521739,0.1806521739130434,39.0,0.1282051282051282,0.1687179487179487,45.0,0.1111111111111111,0.1671111111111111,41.0,0.1951219512195122,0.1814634146341463,28.0,0.0,0.1996428571428571
3885,20260810,779,0.159178433889602,0.540436456996149,0.1655398457583547,0.0704978920429219,5.0,0.4,138.0,0.8768115942028986,0.1498550724637681,124.0,0.6129032258064516,0.1564516129032258,148.0,0.5675675675675675,0.1469387755102041,143.0,0.5524475524475524,0.1644755244755244,127.0,0.3622047244094488,0.1795275590551181,99.0,0.1515151515151515,0.21
3888,20260810,880,0.1795454545454545,0.5636363636363636,0.1454607508532423,0.0578943016711414,5.0,0.6,158.0,0.8670886075949367,0.1481012658227848,155.0,0.6774193548387096,0.1371612903225806,151.0,0.5827814569536424,0.1517218543046357,144.0,0.5486111111111112,0.1409722222222222,145.0,0.3655172413793103,0.1448275862068965,127.0,0.2677165354330709,0.1507142857142857
3889,20260809,585,0.0957264957264957,0.3452991452991453,0.1665811965811965,0.0732349269012151,5.0,0.0,86.0,0.686046511627907,0.1586046511627907,97.0,0.4536082474226804,0.1656701030927835,119.0,0.2436974789915966,0.1629411764705882,103.0,0.3495145631067961,0.1672815533980582,101.0,0.2376237623762376,0.1726732673267327,79.0,0.1265822784810126,0.1731645569620253
3890,20230930,107,0.1588785046728972,0.5794392523364486,0.1635514018691588,0.0607161672483078,5.0,0.6,18.0,0.8333333333333334,0.1611111111111111,18.0,0.5,0.1655555555555555,24.0,0.6666666666666666,0.1708333333333333,18.0,0.5555555555555556,0.1538888888888889,14.0,0.5714285714285714,0.1607142857142857,15.0,0.2666666666666666,0.1666666666666666
3891,20260809,714,0.072829131652661,0.2857142857142857,0.1742356241234221,0.0633475731836432,5.0,0.2,101.0,0.6336633663366337,0.1631683168316831,133.0,0.2932330827067669,0.1723484848484848,136.0,0.375,0.1696323529411764,142.0,0.1971830985915492,0.1765492957746479,127.0,0.1023622047244094,0.178267716535433,75.0,0.12,0.1896
3892,20260810,670,0.1402985074626865,0.5313432835820896,0.1619340329835082,0.0578138082810926,5.0,0.2,109.0,0.8715596330275229,0.1513888888888889,117.0,0.6923076923076923,0.1557758620689655,119.0,0.5714285714285714,0.1702521008403361,119.0,0.4453781512605042,0.1701680672268907,121.0,0.3305785123966942,0.15725,85.0,0.2235294117647059,0.1671764705882353
3893,20260723,478,0.1129707112970711,0.4246861924686193,0.1674947368421052,0.0641694916335612,5.0,0.6,73.0,0.726027397260274,0.1559154929577464,81.0,0.4814814814814814,0.1758024691358024,86.0,0.5465116279069767,0.1598837209302325,87.0,0.3793103448275862,0.172183908045977,85.0,0.2352941176470588,0.1686904761904762,66.0,0.1666666666666666,0.1719696969696969
3895,20260626,441,0.0816326530612244,0.2993197278911564,0.1718451025056947,0.0720637130617861,5.0,0.6,63.0,0.5873015873015873,0.1804761904761904,78.0,0.282051282051282,0.1794871794871795,87.0,0.3563218390804598,0.1711494252873563,69.0,0.2898550724637681,0.1583823529411764,85.0,0.2117647058823529,0.1696470588235294,59.0,0.0677966101694915,0.1722413793103448
3896,20260810,668,0.1257485029940119,0.5224550898203593,0.1646706586826347,0.0626991145028889,5.0,0.6,109.0,0.8532110091743119,0.1586238532110091,101.0,0.6138613861386139,0.1618811881188119,108.0,0.5833333333333334,0.1552777777777777,123.0,0.4471544715447154,0.1627642276422764,113.0,0.4070796460176991,0.1562831858407079,114.0,0.2631578947368421,0.1921929824561403
3897,20260802,778,0.3251928020565552,0.7159383033419023,0.1372036082474226,0.0602810410038373,5.0,1.0,200.0,0.915,0.1355778894472361,154.0,0.7727272727272727,0.1496753246753246,132.0,0.7348484848484849,0.1318939393939394,145.0,0.6620689655172414,0.1288965517241379,83.0,0.4819277108433735,0.1320731707317073,64.0,0.34375,0.14859375
3898,20260808,806,0.2965260545905707,0.7357320099255583,0.1459627329192546,0.0651875353133788,5.0,0.8,185.0,0.9405405405405406,0.1272972972972973,124.0,0.7096774193548387,0.1466129032258064,126.0,0.7698412698412699,0.1428571428571428,133.0,0.7218045112781954,0.1481818181818181,135.0,0.6444444444444445,0.163037037037037,103.0,0.4951456310679611,0.1572815533980582
3900,20260810,785,0.219108280254777,0.6420382165605095,0.1724331210191082,0.0758867135795361,5.0,0.4,162.0,0.8888888888888888,0.1650617283950617,132.0,0.6742424242424242,0.1749242424242424,138.0,0.6231884057971014,0.1828260869565217,123.0,0.5609756097560976,0.1646341463414634,128.0,0.578125,0.17234375,102.0,0.4117647058823529,0.1763725490196078
3901,20260803,635,0.1244094488188976,0.4251968503937008,0.2017665615141955,0.0770536034803854,5.0,0.2,89.0,0.8089887640449438,0.1832584269662921,113.0,0.4690265486725664,0.21,124.0,0.4838709677419355,0.1870967741935484,105.0,0.3809523809523809,0.2012380952380952,119.0,0.2857142857142857,0.1916101694915254,85.0,0.1294117647058823,0.2463529411764706
3902,20240705,265,0.1811320754716981,0.5584905660377358,0.186030534351145,0.068402484099718,5.0,0.6,47.0,0.9574468085106383,0.1602127659574468,48.0,0.7708333333333334,0.1780851063829787,41.0,0.5609756097560976,0.18325,45.0,0.4,0.1808888888888889,44.0,0.3409090909090909,0.2136363636363636,40.0,0.25,0.2043589743589743
3903,20241025,0,,,,,0.0,,0.0,,,0.0,,,0.0,,,0.0,,,0.0,,,0.0,,
3904,20260803,702,0.1652421652421652,0.5883190883190883,0.1662108262108262,0.069921820381153,5.0,0.6,119.0,0.8991596638655462,0.1404201680672269,113.0,0.6991150442477876,0.1753982300884956,126.0,0.6746031746031746,0.1567460317460317,115.0,0.5391304347826087,0.1786086956521739,118.0,0.423728813559322,0.1625423728813559,111.0,0.2702702702702703,0.1863063063063063
3905,20260810,839,0.1787842669845053,0.6412395709177592,0.15618138424821,0.0545602995620318,5.0,0.4,165.0,0.9090909090909092,0.1656363636363636,130.0,0.7076923076923077,0.149,145.0,0.6275862068965518,0.1483448275862069,136.0,0.6691176470588235,0.1475735294117647,133.0,0.5037593984962406,0.1525757575757576,130.0,0.3615384615384615,0.1727692307692307
3906,20260727,743,0.0942126514131897,0.3701211305518169,0.1913342318059299,0.070578845728037,5.0,0.0,102.0,0.7647058823529411,0.1531372549019607,130.0,0.3538461538461538,0.1814615384615384,143.0,0.4195804195804196,0.1778321678321678,123.0,0.2682926829268293,0.2118032786885245,146.0,0.2808219178082192,0.1946575342465753,99.0,0.1717171717171717,0.233030303030303
3907,20260808,849,0.2120141342756183,0.541813898704358,0.1674025974025974,0.0570991568437028,5.0,0.6,159.0,0.8742138364779874,0.1685534591194968,143.0,0.5874125874125874,0.1655944055944055,141.0,0.6099290780141844,0.1585,144.0,0.5625,0.1676388888888889,136.0,0.3088235294117647,0.1685294117647058,126.0,0.2222222222222222,0.17648
3908,20260808,905,0.2508287292817679,0.6397790055248619,0.1399226519337016,0.0581795143992253,5.0,0.2,195.0,0.8923076923076924,0.1369230769230769,153.0,0.5882352941176471,0.1428104575163399,143.0,0.6363636363636364,0.1384615384615384,120.0,0.6833333333333333,0.1293333333333333,142.0,0.5563380281690141,0.136338028169014,152.0,0.4144736842105263,0.1539473684210526
3909,20260805,877,0.2941847206385404,0.6556442417331813,0.1178514285714285,0.0564913210599826,5.0,0.6,192.0,0.9166666666666666,0.1035416666666666,154.0,0.6363636363636364,0.1255555555555555,164.0,0.6524390243902439,0.1173170731707317,175.0,0.6114285714285714,0.1188505747126436,159.0,0.5031446540880503,0.1215094339622641,33.0,0.2121212121212121,0.1451515151515151
3910,20260802,713,0.1009817671809256,0.3688639551192146,0.1708134642356241,0.072224989272248,5.0,0.4,96.0,0.6770833333333334,0.1578125,136.0,0.4632352941176471,0.1538235294117647,125.0,0.44,0.15392,121.0,0.2975206611570248,0.1730578512396694,140.0,0.2428571428571428,0.1916428571428571,95.0,0.1052631578947368,0.1969473684210526
3911,20260810,767,0.1382007822685788,0.4667535853976532,0.1694908616187989,0.0718834768962496,5.0,0.6,122.0,0.7786885245901639,0.1744262295081967,134.0,0.5671641791044776,0.177089552238806,124.0,0.5241935483870968,0.1573387096774193,131.0,0.4351145038167939,0.1684732824427481,151.0,0.2913907284768212,0.1733112582781457,105.0,0.2,0.1641346153846153
3912,20260808,719,0.2308762169680111,0.5173852573018081,0.1428789986091794,0.0626216809700046,5.0,0.4,131.0,0.8473282442748091,0.1441221374045801,109.0,0.7155963302752294,0.1353211009174312,125.0,0.592,0.13816,123.0,0.4146341463414634,0.1373170731707317,117.0,0.2905982905982906,0.1452136752136752,114.0,0.2105263157894736,0.1574561403508771
3915,20260804,861,0.2067363530778165,0.5830429732868757,0.182062937062937,0.0746463972138956,5.0,0.4,174.0,0.867816091954023,0.1802298850574712,144.0,0.6180555555555556,0.1904861111111111,144.0,0.5833333333333334,0.1874305555555555,153.0,0.5816993464052288,0.1817880794701986,132.0,0.4393939393939394,0.1704580152671755,114.0,0.2719298245614035,0.1811403508771929
3918,20260809,912,0.2182017543859649,0.6260964912280702,0.1708333333333333,0.0690725421703251,5.0,0.8,177.0,0.8757062146892656,0.161864406779661,144.0,0.6597222222222222,0.1779861111111111,155.0,0.6387096774193548,0.164,153.0,0.5816993464052288,0.1573202614379085,146.0,0.5205479452054794,0.1713013698630137,137.0,0.4160583941605839,0.1972262773722628
3919,20240428,217,0.1705069124423963,0.4608294930875576,0.1950230414746543,0.0845542632409749,5.0,0.2,52.0,0.5961538461538461,0.1873076923076923,118.0,0.3983050847457627,0.2026271186440678,46.0,0.4782608695652174,0.1860869565217391,0.0,,,0.0,,,1.0,0.0,0.11
3920,20260529,620,0.1790322580645161,0.5564516129032258,0.1616451612903225,0.0661342956205934,5.0,0.4,118.0,0.8135593220338984,0.1632203389830508,237.0,0.5569620253164557,0.160379746835443,156.0,0.4871794871794871,0.1658333333333333,92.0,0.4347826086956521,0.1554347826086956,12.0,0.0833333333333333,0.1541666666666666,5.0,0.0,0.186
3921,20260204,560,0.1232142857142857,0.4375,0.1817889087656529,0.0736526087940703,5.0,0.2,85.0,0.8,0.1665882352941176,94.0,0.5212765957446809,0.1692553191489361,96.0,0.53125,0.1629166666666666,96.0,0.4479166666666667,0.1916666666666666,95.0,0.231578947368421,0.1859574468085106,94.0,0.1276595744680851,0.2130851063829787
3922,20260805,776,0.0760309278350515,0.2989690721649484,0.1876165803108808,0.070743777146022,5.0,0.2,107.0,0.6822429906542056,0.1776635514018691,151.0,0.3178807947019867,0.1873333333333333,142.0,0.3169014084507042,0.1806382978723404,146.0,0.2397260273972602,0.1778620689655172,147.0,0.1700680272108843,0.189047619047619,83.0,0.072289156626506,0.2278048780487805
3928,20260805,720,0.0972222222222222,0.3277777777777778,0.1699026425591099,0.0633608249446155,5.0,0.4,99.0,0.6363636363636364,0.1564285714285714,128.0,0.3515625,0.18015625,148.0,0.4256756756756756,0.1555405405405405,121.0,0.2644628099173554,0.1596694214876033,121.0,0.2066115702479339,0.1713223140495867,103.0,0.0776699029126213,0.2009708737864077
3929,20260810,733,0.1255115961800818,0.4447476125511596,0.1513233287858117,0.0596352758607013,5.0,0.6,106.0,0.7830188679245284,0.1458490566037736,118.0,0.5254237288135594,0.1577966101694915,125.0,0.472,0.14768,134.0,0.3059701492537313,0.1591044776119403,147.0,0.3265306122448979,0.1485714285714285,103.0,0.3203883495145631,0.1477669902912621
3930,20260802,715,0.1664335664335664,0.4853146853146853,0.1554341736694678,0.0655286133555011,5.0,0.4,111.0,0.8288288288288288,0.1346363636363636,126.0,0.5634920634920635,0.1648412698412698,126.0,0.5555555555555556,0.1434126984126984,129.0,0.4728682170542636,0.1466666666666666,132.0,0.2575757575757575,0.1634848484848485,91.0,0.2087912087912088,0.1849450549450549
3931,20260805,640,0.209375,0.5703125,0.1497641509433962,0.0721705769269211,5.0,0.8,121.0,0.8842975206611571,0.1413333333333333,96.0,0.59375,0.1507291666666666,91.0,0.6373626373626373,0.1484615384615384,99.0,0.5757575757575758,0.1399999999999999,104.0,0.4519230769230769,0.1556730769230769,129.0,0.3023255813953488,0.1603100775193798
3932,20260729,556,0.1672661870503597,0.4424460431654676,0.1765335753176043,0.068820489405338,5.0,0.4,91.0,0.7582417582417582,0.1643956043956044,97.0,0.6391752577319587,0.16,109.0,0.4954128440366973,0.1669158878504673,87.0,0.264367816091954,0.1819540229885057,96.0,0.2916666666666667,0.187578947368421,76.0,0.131578947368421,0.2058666666666666
3933,20260810,813,0.1266912669126691,0.5362853628536285,0.1737638376383763,0.0610414197774426,5.0,1.0,144.0,0.7013888888888888,0.1797222222222222,335.0,0.4985074626865671,0.1758805970149253,230.0,0.5434782608695652,0.1652173913043478,91.0,0.4395604395604395,0.175054945054945,11.0,0.2727272727272727,0.1909090909090909,2.0,0.0,0.22
3934,20260805,757,0.0964332892998679,0.4914134742404227,0.1623778071334214,0.0678342056387227,5.0,0.2,120.0,0.75,0.1717499999999999,123.0,0.5609756097560976,0.1655284552845528,138.0,0.4492753623188406,0.15,139.0,0.5467625899280576,0.149568345323741,132.0,0.3939393939393939,0.1582575757575757,105.0,0.219047619047619,0.1863809523809524
3935,20260810,604,0.119205298013245,0.4768211920529801,0.1756291390728477,0.0769111998401286,5.0,0.8,91.0,0.7582417582417582,0.1538461538461538,108.0,0.6018518518518519,0.1655555555555555,101.0,0.4752475247524752,0.1733663366336633,103.0,0.4563106796116505,0.1663106796116504,99.0,0.3535353535353535,0.1809090909090909,102.0,0.2352941176470588,0.2122549019607843
3939,20260809,538,0.20817843866171,0.6338289962825279,0.1528996282527881,0.0604763706955138,5.0,0.4,118.0,0.9152542372881356,0.1404237288135593,75.0,0.7333333333333333,0.1632,81.0,0.5925925925925926,0.1507407407407407,92.0,0.6413043478260869,0.1546739130434782,87.0,0.5402298850574713,0.1541379310344827,85.0,0.2823529411764706,0.16
3940,20260810,963,0.2658359293873312,0.632398753894081,0.1416839916839916,0.0555717955717515,5.0,0.8,208.0,0.9326923076923076,0.1383173076923076,165.0,0.6666666666666666,0.1398780487804878,156.0,0.6474358974358975,0.1366666666666666,163.0,0.5460122699386503,0.1381595092024539,147.0,0.4897959183673469,0.1463945578231292,124.0,0.3467741935483871,0.1550806451612903
3941,20260810,828,0.3164251207729469,0.7427536231884058,0.1233494558645707,0.0498634411741275,5.0,0.8,198.0,0.9595959595959596,0.1161616161616161,124.0,0.7903225806451613,0.1258870967741935,134.0,0.8283582089552238,0.1121804511278195,142.0,0.704225352112676,0.1272535211267605,134.0,0.5970149253731343,0.1323880597014925,96.0,0.375,0.1319791666666666
3942,20260729,777,0.2355212355212355,0.6267696267696268,0.1514211886304909,0.0536068168910616,5.0,1.0,183.0,0.8360655737704918,0.1592857142857143,127.0,0.6535433070866141,0.1640944881889763,127.0,0.6535433070866141,0.1493700787401574,130.0,0.6,0.1423846153846154,129.0,0.5038759689922481,0.1377165354330708,81.0,0.3086419753086419,0.1530864197530864
3943,20260801,213,0.0704225352112676,0.2394366197183098,0.1701408450704225,0.0737428527498104,5.0,0.0,30.0,0.6666666666666666,0.1326666666666666,39.0,0.2307692307692307,0.1807692307692307,45.0,0.2222222222222222,0.1606666666666666,23.0,0.1304347826086956,0.1743478260869565,34.0,0.1470588235294117,0.168235294117647,42.0,0.0952380952380952,0.1964285714285714
3944,20260622,786,0.2099236641221374,0.628498727735369,0.1680534351145038,0.0668133414070959,5.0,0.8,156.0,0.9230769230769232,0.1593589743589743,121.0,0.7520661157024794,0.1577685950413223,138.0,0.6376811594202898,0.1539130434782608,155.0,0.6,0.1559354838709677,114.0,0.4122807017543859,0.1825438596491227,102.0,0.3039215686274509,0.2149019607843137
3945,20260807,598,0.0702341137123745,0.3695652173913043,0.1962689075630252,0.0750094332979561,5.0,0.4,78.0,0.5641025641025641,0.1994871794871795,106.0,0.4622641509433962,0.2085849056603773,100.0,0.39,0.1875757575757576,93.0,0.4516129032258064,0.1918279569892473,115.0,0.1913043478260869,0.1889473684210526,106.0,0.2358490566037736,0.2015238095238095
3946,20260808,1012,0.2618577075098814,0.7124505928853755,0.1494071146245059,0.0566474803012536,5.0,1.0,242.0,0.9173553719008264,0.1217768595041322,456.0,0.7324561403508771,0.1580043859649123,194.0,0.6082474226804123,0.1567525773195876,86.0,0.4418604651162791,0.1565116279069767,25.0,0.24,0.1696,9.0,0.3333333333333333,0.1744444444444444
3947,20260729,606,0.1023102310231023,0.4356435643564356,0.17506600660066,0.0670838517668831,5.0,0.4,104.0,0.6346153846153846,0.1586538461538461,112.0,0.4464285714285714,0.1736607142857142,99.0,0.4444444444444444,0.1778787878787879,117.0,0.4358974358974359,0.1858119658119658,93.0,0.3225806451612903,0.1763440860215053,81.0,0.2839506172839506,0.1776543209876543
3948,20260810,640,0.0640625,0.34375,0.1926332288401254,0.0773399467273803,5.0,0.2,87.0,0.6666666666666666,0.17,117.0,0.4444444444444444,0.192991452991453,112.0,0.3928571428571428,0.1667857142857143,101.0,0.2079207920792079,0.2076,108.0,0.2685185185185185,0.1827102803738317,115.0,0.1391304347826087,0.2307826086956521
3949,20260810,496,0.032258064516129,0.2883064516129032,0.1716532258064516,0.0755843413074725,5.0,0.2,69.0,0.5362318840579711,0.1520289855072464,90.0,0.3888888888888889,0.1581111111111111,83.0,0.3132530120481928,0.163855421686747,79.0,0.2151898734177215,0.1682278481012658,97.0,0.1958762886597938,0.1703092783505154,78.0,0.1153846153846153,0.218076923076923
3950,20260810,501,0.0439121756487025,0.3393213572854291,0.1559281437125748,0.0691565006574288,5.0,0.2,69.0,0.5217391304347826,0.1598550724637681,91.0,0.4285714285714285,0.1487912087912088,101.0,0.4158415841584158,0.1547524752475247,79.0,0.3037974683544304,0.1530379746835443,81.0,0.2222222222222222,0.1485185185185185,80.0,0.1375,0.1725
3951,20260714,851,0.153936545240893,0.5675675675675675,0.1819716646989374,0.0651925430865239,5.0,0.4,157.0,0.8726114649681529,0.1698726114649681,142.0,0.6197183098591549,0.184822695035461,139.0,0.5827338129496403,0.1832374100719424,145.0,0.5655172413793104,0.1659440559440559,151.0,0.4105960264900662,0.1916666666666666,117.0,0.282051282051282,0.2004273504273504
3952,20260728,879,0.2946530147895335,0.6962457337883959,0.1383029612756264,0.0609508130261025,5.0,0.8,207.0,0.9130434782608696,0.1364251207729468,136.0,0.7205882352941176,0.1419117647058823,132.0,0.7196969696969697,0.148560606060606,130.0,0.6,0.1335384615384615,149.0,0.6241610738255033,0.137248322147651,125.0,0.472,0.1328225806451612
3953,20260805,522,0.0862068965517241,0.3160919540229885,0.1758157389635316,0.0716661902385099,5.0,0.2,70.0,0.7285714285714285,0.1477142857142857,89.0,0.2696629213483146,0.1817977528089887,96.0,0.4583333333333333,0.1564583333333333,102.0,0.2450980392156862,0.1795049504950495,93.0,0.1505376344086021,0.1740860215053763,72.0,0.0972222222222222,0.2186111111111111
3955,20260803,650,0.1369230769230769,0.4984615384615384,0.1854263565891473,0.0607652459822528,5.0,0.2,111.0,0.8108108108108109,0.173090909090909,109.0,0.6055045871559633,0.1715887850467289,117.0,0.5555555555555556,0.173103448275862,118.0,0.4491525423728814,0.1825423728813559,111.0,0.2792792792792792,0.202072072072072,84.0,0.2261904761904762,0.2186746987951807
3956,20260805,803,0.2515566625155666,0.6251556662515566,0.159625,0.0580892363093197,5.0,0.6,160.0,0.9125,0.1653125,138.0,0.644927536231884,0.1523357664233576,140.0,0.7,0.1532374100719424,139.0,0.5467625899280576,0.161231884057971,139.0,0.4676258992805755,0.1558992805755396,87.0,0.3218390804597701,0.1742528735632184
3957,20260808,834,0.1199040767386091,0.4664268585131894,0.191726618705036,0.0726817053916512,5.0,0.2,139.0,0.7482014388489209,0.1841007194244604,137.0,0.5474452554744526,0.1930656934306569,147.0,0.4897959183673469,0.1759183673469387,149.0,0.4563758389261745,0.188993288590604,155.0,0.3161290322580645,0.1925806451612903,107.0,0.1962616822429906,0.2242056074766355
3959,20260802,835,0.2550898203592814,0.6622754491017964,0.1404916067146283,0.0587509726563394,5.0,0.4,175.0,0.8857142857142857,0.134,142.0,0.7464788732394366,0.1521985815602837,134.0,0.7238805970149254,0.1361940298507462,136.0,0.5808823529411765,0.1323529411764706,148.0,0.5878378378378378,0.139054054054054,100.0,0.29,0.1543
3960,20260802,835,0.2838323353293413,0.6467065868263473,0.1099880239520958,0.0481377748297146,5.0,0.4,190.0,0.8947368421052632,0.1087368421052631,131.0,0.6412213740458015,0.1161068702290076,132.0,0.6818181818181818,0.1103787878787878,147.0,0.6666666666666666,0.1075510204081632,130.0,0.5076923076923077,0.1038461538461538,105.0,0.3047619047619048,0.1151428571428571
3961,20260731,793,0.2358133669609079,0.6305170239596469,0.1580555555555555,0.0641101241980653,5.0,0.8,167.0,0.9101796407185628,0.149940119760479,137.0,0.6496350364963503,0.1533823529411764,123.0,0.6504065040650406,0.1596747967479674,110.0,0.4909090909090909,0.1463636363636364,134.0,0.5149253731343284,0.1656716417910447,122.0,0.4590163934426229,0.1749180327868852
3963,20260809,845,0.1822485207100591,0.5668639053254438,0.165585798816568,0.0669154286485994,5.0,0.6,158.0,0.879746835443038,0.155,139.0,0.6906474820143885,0.1577697841726618,159.0,0.610062893081761,0.1710062893081761,135.0,0.4592592592592592,0.1566666666666666,141.0,0.4113475177304964,0.1718439716312056,113.0,0.2389380530973451,0.1852212389380531
3964,20260810,690,0.0536231884057971,0.3492753623188406,0.2023188405797101,0.0789871559460957,5.0,0.0,90.0,0.6111111111111112,0.1791111111111111,128.0,0.4765625,0.192734375,124.0,0.3629032258064516,0.1994354838709677,105.0,0.2571428571428571,0.205047619047619,131.0,0.2824427480916031,0.2151145038167939,112.0,0.1428571428571428,0.2175892857142857
3965,20260809,807,0.1796778190830235,0.5762081784386617,0.1580173482032218,0.0741012047582459,5.0,1.0,141.0,0.8865248226950354,0.1436879432624113,135.0,0.6444444444444445,0.1733333333333333,140.0,0.6142857142857143,0.1584285714285714,144.0,0.5625,0.1527777777777778,127.0,0.4015748031496063,0.1474803149606299,120.0,0.2916666666666667,0.1745833333333333
3966,20260802,980,0.2489795918367346,0.6632653061224489,0.1755260469867211,0.0652926474562849,5.0,0.6,217.0,0.8571428571428571,0.1692129629629629,165.0,0.696969696969697,0.1746666666666666,154.0,0.6623376623376623,0.1762337662337662,170.0,0.6823529411764706,0.1605294117647058,150.0,0.5266666666666666,0.1842,124.0,0.4193548387096774,0.1968548387096774
3967,20260727,663,0.0708898944193061,0.3891402714932127,0.1966817496229261,0.0750334249215687,5.0,0.6,97.0,0.6701030927835051,0.1858762886597938,119.0,0.4957983193277311,0.1794957983193277,117.0,0.4444444444444444,0.1878632478632478,107.0,0.3177570093457944,0.2015887850467289,111.0,0.2702702702702703,0.2016216216216216,112.0,0.1607142857142857,0.2239285714285714
3968,20260810,611,0.1669394435351882,0.5728314238952537,0.1731466227347611,0.0755156894853367,5.0,0.8,105.0,0.8380952380952381,0.1512621359223301,107.0,0.6542056074766355,0.17,106.0,0.5566037735849056,0.1606603773584905,97.0,0.5360824742268041,0.1739175257731958,108.0,0.4629629629629629,0.1818518518518518,88.0,0.3522727272727273,0.206860465116279
3970,20240327,189,0.0582010582010582,0.4074074074074074,0.182063492063492,0.0704969224475649,5.0,0.4,24.0,0.6666666666666666,0.1887499999999999,35.0,0.3714285714285714,0.1731428571428571,39.0,0.358974358974359,0.181025641025641,31.0,0.4193548387096774,0.174516129032258,35.0,0.3714285714285714,0.1722857142857143,25.0,0.32,0.2128
3973,20260803,800,0.07375,0.34625,0.1949374999999999,0.0738359403932124,5.0,0.2,112.0,0.6339285714285714,0.1688392857142857,155.0,0.4516129032258064,0.1934193548387096,137.0,0.3357664233576642,0.1878832116788321,142.0,0.2323943661971831,0.1947183098591549,133.0,0.2030075187969924,0.2157894736842105,121.0,0.2479338842975206,0.2063636363636363
3974,20260810,599,0.0818030050083472,0.3722871452420701,0.1616442953020134,0.0662690847603405,5.0,0.2,81.0,0.7283950617283951,0.1341975308641975,101.0,0.4158415841584158,0.1704,116.0,0.4655172413793103,0.1585217391304348,105.0,0.3142857142857143,0.1574285714285714,112.0,0.2678571428571428,0.1654954954954955,84.0,0.0595238095238095,0.1821428571428571
3975,20260803,874,0.1590389016018306,0.5675057208237986,0.1467620137299771,0.0636507247281308,5.0,0.4,161.0,0.8881987577639752,0.126583850931677,139.0,0.6330935251798561,0.1562589928057554,136.0,0.6838235294117647,0.1472058823529412,132.0,0.5606060606060606,0.1395454545454545,153.0,0.3725490196078431,0.1465359477124183,153.0,0.2679738562091503,0.1654248366013072
3976,20260809,636,0.1116352201257861,0.3647798742138364,0.1759621451104101,0.0659229917274747,5.0,0.4,90.0,0.7111111111111111,0.1705555555555555,112.0,0.3928571428571428,0.1685585585585585,116.0,0.4568965517241379,0.1638793103448276,109.0,0.3027522935779816,0.1710091743119266,121.0,0.2479338842975206,0.1795833333333333,88.0,0.0909090909090909,0.2079545454545454
3977,20260727,729,0.1001371742112482,0.4307270233196159,0.1695598349381018,0.0806546388399958,5.0,0.4,103.0,0.7281553398058253,0.1663106796116504,123.0,0.5284552845528455,0.1617073170731707,128.0,0.4375,0.1529133858267716,144.0,0.4097222222222222,0.1758041958041958,126.0,0.3095238095238095,0.1691269841269841,105.0,0.1904761904761904,0.1940952380952381
3978,20260802,908,0.2224669603524229,0.6211453744493393,0.1453142227122381,0.0570052459580099,5.0,0.2,177.0,0.903954802259887,0.1360227272727272,134.0,0.7014925373134329,0.1414925373134328,155.0,0.6258064516129033,0.1324516129032258,144.0,0.6180555555555556,0.1409722222222222,157.0,0.4968152866242038,0.1493630573248408,141.0,0.3262411347517731,0.1746099290780142
3981,20260810,748,0.1042780748663101,0.3489304812834224,0.1808993288590604,0.0589380000670073,5.0,0.4,101.0,0.7128712871287128,0.1749504950495049,114.0,0.2982456140350877,0.1900877192982456,148.0,0.4594594594594595,0.1737837837837837,139.0,0.2949640287769784,0.1794160583941605,130.0,0.2615384615384615,0.173953488372093,116.0,0.1034482758620689,0.195603448275862
3982,20260810,567,0.0987654320987654,0.3597883597883597,0.1632149200710479,0.0683383208797207,5.0,0.4,81.0,0.6049382716049383,0.17525,97.0,0.4020618556701031,0.1608333333333333,110.0,0.3727272727272727,0.1689090909090909,93.0,0.3870967741935484,0.1478260869565217,105.0,0.2285714285714285,0.1616346153846153,81.0,0.1851851851851851,0.1659259259259259
3983,20260805,807,0.2342007434944238,0.6245353159851301,0.1425930521091811,0.0563034198624136,5.0,0.4,149.0,0.912751677852349,0.1414864864864864,130.0,0.7230769230769231,0.1320769230769231,147.0,0.6190476190476191,0.1274829931972789,141.0,0.5602836879432624,0.1387234042553191,130.0,0.4769230769230769,0.1502307692307692,110.0,0.3818181818181818,0.1726363636363636
3984,20260805,881,0.2474460839954597,0.6345062429057888,0.1611972633979475,0.0576392555307912,5.0,0.8,184.0,0.9347826086956522,0.1423497267759562,147.0,0.7006802721088435,0.1595918367346938,153.0,0.6601307189542484,0.1698684210526315,147.0,0.564625850340136,0.1554109589041096,147.0,0.4829931972789115,0.1671428571428571,103.0,0.2815533980582524,0.1841176470588235
3986,20260627,684,0.1461988304093567,0.5409356725146199,0.1782284040995607,0.0649581053067074,5.0,0.4,122.0,0.8770491803278688,0.1643442622950819,111.0,0.7117117117117117,0.1749549549549549,122.0,0.5327868852459017,0.1732231404958678,118.0,0.5508474576271186,0.1835593220338983,113.0,0.3628318584070796,0.1828318584070796,98.0,0.1326530612244898,0.1936734693877551
3987,20260726,790,0.1962025316455696,0.5569620253164557,0.1518147208121827,0.0649688030292542,5.0,0.6,147.0,0.9047619047619048,0.1609523809523809,123.0,0.5772357723577236,0.1563414634146341,126.0,0.5714285714285714,0.16768,130.0,0.5384615384615384,0.1445384615384615,135.0,0.4444444444444444,0.145820895522388,129.0,0.2635658914728682,0.1352713178294573
3988,20260805,797,0.1907151819322459,0.5834378920953576,0.15071608040201,0.0597891167783842,5.0,0.6,151.0,0.8874172185430463,0.1418543046357616,131.0,0.6870229007633588,0.1524615384615384,142.0,0.6338028169014085,0.1486619718309859,124.0,0.5403225806451613,0.1443548387096774,131.0,0.4427480916030534,0.1532824427480916,118.0,0.2203389830508474,0.1664406779661017
3989,20260730,597,0.0653266331658291,0.3249581239530988,0.2118456375838926,0.0723452966270549,5.0,0.4,81.0,0.6049382716049383,0.1958024691358024,104.0,0.4326923076923077,0.2016346153846153,105.0,0.3809523809523809,0.1946153846153846,101.0,0.2871287128712871,0.1991089108910891,105.0,0.1523809523809524,0.2162857142857143,101.0,0.1485148514851485,0.2610891089108911
3990,20260805,592,0.1266891891891892,0.4155405405405405,0.1449745331069609,0.0599224827212466,5.0,0.6,87.0,0.6436781609195402,0.1508045977011494,105.0,0.5523809523809524,0.1371153846153846,101.0,0.5643564356435643,0.13,112.0,0.3482142857142857,0.1366071428571428,107.0,0.2336448598130841,0.1502830188679245,80.0,0.1375,0.17225
3992,20260722,598,0.1705685618729097,0.479933110367893,0.146006711409396,0.0610959193756256,5.0,0.8,99.0,0.7575757575757576,0.1556565656565656,99.0,0.6161616161616161,0.1622222222222222,104.0,0.5,0.145576923076923,107.0,0.4672897196261682,0.1406666666666666,91.0,0.2857142857142857,0.127032967032967,98.0,0.2346938775510204,0.1436734693877551
3993,20260804,502,0.1334661354581673,0.4900398406374502,0.171437125748503,0.0657941699038409,5.0,0.4,82.0,0.7317073170731707,0.1757317073170731,88.0,0.6022727272727273,0.1792045454545454,97.0,0.5876288659793815,0.1624742268041237,83.0,0.4578313253012048,0.1673493975903614,100.0,0.27,0.1662,52.0,0.2115384615384615,0.1850980392156862
3994,20260805,686,0.1166180758017492,0.5247813411078717,0.1954081632653061,0.0711426493141554,5.0,0.2,118.0,0.6864406779661016,0.2113559322033898,122.0,0.6967213114754098,0.2067213114754098,131.0,0.5801526717557252,0.1761068702290076,109.0,0.6055045871559633,0.201743119266055,113.0,0.3185840707964602,0.1866371681415929,93.0,0.1720430107526881,0.190752688172043
3995,20260728,717,0.2594142259414226,0.6806136680613668,0.1231932773109243,0.0529800888518453,5.0,0.4,150.0,0.96,0.1172666666666666,118.0,0.6694915254237288,0.1305128205128205,112.0,0.7410714285714286,0.1344144144144144,127.0,0.6299212598425197,0.1209523809523809,109.0,0.5137614678899083,0.1192660550458715,101.0,0.4554455445544554,0.1182178217821782
3996,20250315,390,0.3512820512820512,0.7743589743589744,0.1572820512820512,0.0614758442108221,5.0,0.8,87.0,0.9540229885057472,0.1339080459770115,65.0,0.7692307692307693,0.1506153846153846,64.0,0.78125,0.1575,55.0,0.7090909090909091,0.1710909090909091,59.0,0.6949152542372882,0.1642372881355932,60.0,0.65,0.1786666666666666
3997,20260805,954,0.270440251572327,0.6970649895178197,0.1582704402515723,0.0606035872419993,5.0,1.0,220.0,0.9272727272727272,0.1370909090909091,168.0,0.7202380952380952,0.1494047619047619,156.0,0.7115384615384616,0.1667948717948718,156.0,0.6730769230769231,0.1714102564102564,149.0,0.5369127516778524,0.1653020134228187,105.0,0.419047619047619,0.1746666666666666
3998,20260810,743,0.0861372812920592,0.414535666218035,0.1620995962314939,0.0542503621174766,5.0,0.0,110.0,0.7727272727272727,0.1359090909090909,145.0,0.5448275862068965,0.1526206896551724,128.0,0.5078125,0.147421875,116.0,0.3448275862068966,0.1621551724137931,137.0,0.2262773722627737,0.1782481751824817,107.0,0.0747663551401869,0.1986915887850467
3999,20260810,881,0.2065834279228149,0.6322360953461975,0.1599431818181818,0.0633272270100714,5.0,0.6,191.0,0.8848167539267016,0.1501578947368421,136.0,0.7132352941176471,0.1575,154.0,0.6493506493506493,0.1514935064935065,149.0,0.6375838926174496,0.1593959731543624,136.0,0.4779411764705882,0.1614705882352941,115.0,0.2695652173913043,0.1892173913043478
4000,20260810,1001,0.1988011988011988,0.5774225774225774,0.1685585585585585,0.0625078519538161,5.0,0.8,209.0,0.9090909090909092,0.1465384615384615,150.0,0.64,0.1704666666666666,174.0,0.6149425287356322,0.1680459770114942,165.0,0.4969696969696969,0.1767272727272727,168.0,0.3988095238095238,0.1716666666666666,135.0,0.2666666666666666,0.1873134328358209
4002,20260810,841,0.2901307966706302,0.6848989298454221,0.1420451843043995,0.0553626277422851,5.0,0.8,187.0,0.9197860962566844,0.1401069518716577,131.0,0.7251908396946565,0.1569465648854962,143.0,0.6993006993006993,0.1373426573426573,141.0,0.6312056737588653,0.1354609929078014,134.0,0.5597014925373134,0.1399253731343283,105.0,0.4285714285714285,0.1448571428571428
4003,20260804,764,0.1164921465968586,0.5353403141361257,0.1735078534031413,0.0701699409929375,5.0,0.6,132.0,0.8636363636363636,0.1543181818181818,126.0,0.6031746031746031,0.1875396825396825,131.0,0.4809160305343511,0.1754198473282442,125.0,0.544,0.1736,134.0,0.3507462686567164,0.1717910447761194,116.0,0.3534482758620689,0.1798275862068965
4004,20260810,708,0.0932203389830508,0.4194915254237288,0.1715155807365439,0.0670870890654849,5.0,0.8,101.0,0.7524752475247525,0.1452475247524752,127.0,0.4488188976377952,0.1728346456692913,126.0,0.4682539682539682,0.1693650793650793,132.0,0.3712121212121212,0.1726717557251908,144.0,0.3333333333333333,0.1766666666666666,78.0,0.1025641025641025,0.1957142857142857
4005,20250904,391,0.0613810741687979,0.2762148337595907,0.1729411764705882,0.0769448210810775,5.0,0.2,50.0,0.52,0.1536,68.0,0.4558823529411764,0.1555882352941176,70.0,0.3571428571428571,0.1575714285714285,65.0,0.2,0.1733846153846154,72.0,0.125,0.1856944444444444,66.0,0.0606060606060606,0.2074242424242424
4006,20260810,693,0.1038961038961039,0.4891774891774891,0.1811127167630057,0.0544314174208773,5.0,0.2,100.0,0.82,0.1664,121.0,0.5785123966942148,0.1685123966942149,125.0,0.528,0.17768,113.0,0.4778761061946903,0.1798230088495575,134.0,0.3507462686567164,0.1865671641791045,100.0,0.2,0.2097979797979798
4007,20260805,656,0.1219512195121951,0.4390243902439024,0.1345343511450381,0.0559584493766586,5.0,0.2,90.0,0.7777777777777778,0.1547191011235955,116.0,0.4741379310344827,0.1501724137931034,111.0,0.5495495495495496,0.128018018018018,108.0,0.4166666666666667,0.1204629629629629,130.0,0.3461538461538461,0.1199230769230769,101.0,0.1188118811881188,0.1398019801980198
4009,20260801,725,0.1903448275862068,0.5572413793103448,0.13134163208852,0.0522389262670083,5.0,0.6,152.0,0.8947368421052632,0.1319867549668874,104.0,0.4615384615384615,0.1339423076923077,123.0,0.6504065040650406,0.125,131.0,0.549618320610687,0.12,115.0,0.391304347826087,0.13,100.0,0.23,0.1518
4010,20260805,555,0.054054054054054,0.3261261261261261,0.18014440433213,0.0761978761613758,5.0,0.2,74.0,0.6081081081081081,0.169054054054054,92.0,0.358695652173913,0.1742391304347826,105.0,0.3142857142857143,0.1706730769230769,101.0,0.396039603960396,0.1642574257425742,103.0,0.1844660194174757,0.1895145631067961,80.0,0.1375,0.2174999999999999
4011,20260810,756,0.2314814814814814,0.5767195767195767,0.1644708994708994,0.0748957684871862,5.0,0.8,142.0,0.8098591549295775,0.1588732394366197,114.0,0.7105263157894737,0.1755263157894737,127.0,0.5826771653543307,0.1770866141732283,121.0,0.5867768595041323,0.1565289256198347,112.0,0.4107142857142857,0.156875,140.0,0.35,0.1626428571428571
4012,20260810,783,0.2286079182630906,0.6028097062579821,0.1507535121328224,0.0722742703214648,5.0,0.6,154.0,0.8766233766233766,0.1468181818181818,139.0,0.5683453237410072,0.1445323741007194,131.0,0.6412213740458015,0.1465648854961832,182.0,0.5769230769230769,0.1529670329670329,125.0,0.456,0.14864,52.0,0.2307692307692307,0.1869230769230769
4013,20260804,891,0.2547699214365881,0.6408529741863075,0.1338470191226096,0.056604753172022,5.0,1.0,190.0,0.9157894736842104,0.1306842105263158,143.0,0.6573426573426573,0.1386013986013986,136.0,0.6985294117647058,0.1416911764705882,145.0,0.5724137931034483,0.1215277777777777,133.0,0.5112781954887218,0.1297727272727272,144.0,0.3958333333333333,0.1419444444444444
4014,20260805,702,0.1566951566951566,0.5398860398860399,0.1835042735042735,0.0741137522483881,5.0,0.4,131.0,0.8320610687022901,0.1706106870229007,113.0,0.6283185840707964,0.1813274336283186,120.0,0.625,0.1735,121.0,0.4462809917355372,0.1806611570247933,117.0,0.3931623931623931,0.1972649572649572,100.0,0.24,0.2022
4015,20260810,773,0.166882276843467,0.5989650711513583,0.163160621761658,0.0678394180096117,5.0,0.2,152.0,0.8486842105263158,0.1625657894736842,123.0,0.6910569105691057,0.1600819672131147,135.0,0.6222222222222222,0.1608888888888889,124.0,0.532258064516129,0.1580645161290322,121.0,0.4462809917355372,0.1642148760330578,118.0,0.3813559322033898,0.1739830508474576
4016,20260810,726,0.1239669421487603,0.5110192837465565,0.1555386740331492,0.0642905386989221,5.0,0.4,118.0,0.8389830508474576,0.1516101694915254,128.0,0.6171875,0.1565354330708661,120.0,0.55,0.1454166666666666,128.0,0.5,0.1546456692913385,124.0,0.3870967741935484,0.1565322580645161,108.0,0.1388888888888889,0.1698148148148148
4017,20260715,850,0.2023529411764706,0.5270588235294118,0.1756941176470588,0.0653986910337457,5.0,0.6,167.0,0.8862275449101796,0.1641317365269461,144.0,0.5972222222222222,0.1765277777777777,145.0,0.5655172413793104,0.1740689655172413,142.0,0.4436619718309859,0.1728169014084506,121.0,0.3884297520661157,0.1774380165289256,131.0,0.1679389312977099,0.192824427480916
4019,20260803,788,0.2817258883248731,0.6637055837563451,0.1684137055837563,0.063992753515631,5.0,0.6,169.0,0.8875739644970414,0.1494674556213018,128.0,0.6796875,0.160625,127.0,0.6850393700787402,0.1630708661417323,117.0,0.6837606837606838,0.1672649572649572,134.0,0.5298507462686567,0.1787313432835821,113.0,0.4247787610619469,0.2005309734513274
4020,20260810,663,0.0754147812971342,0.3514328808446455,0.1765105740181269,0.0722098258662506,5.0,0.0,88.0,0.6590909090909091,0.1507954545454545,119.0,0.3949579831932773,0.1866386554621849,112.0,0.4375,0.1678571428571428,93.0,0.3010752688172043,0.1870967741935483,123.0,0.2764227642276423,0.1708943089430894,128.0,0.1328125,0.1901574803149606
4021,20230411,10,0.3,0.5,0.147,0.079,5.0,0.4,1.0,1.0,0.11,3.0,0.6666666666666666,0.1233333333333333,1.0,0.0,0.12,1.0,1.0,0.32,4.0,0.25,0.1375,0.0,,
4022,20260803,725,0.1668965517241379,0.5186206896551724,0.1513241379310344,0.0660608792114355,5.0,0.6,136.0,0.7867647058823529,0.1433088235294117,114.0,0.5964912280701754,0.1546491228070175,126.0,0.6587301587301587,0.1526984126984127,127.0,0.4251968503937008,0.1459842519685039,112.0,0.3660714285714285,0.1514285714285714,110.0,0.209090909090909,0.1622727272727273
4023,20260728,679,0.08100147275405,0.3681885125184094,0.1718703976435935,0.059871297838357,5.0,0.2,95.0,0.6631578947368421,0.1678947368421052,125.0,0.424,0.17472,121.0,0.512396694214876,0.1679338842975206,111.0,0.2522522522522522,0.1745045045045045,129.0,0.2713178294573643,0.1691472868217054,98.0,0.0918367346938775,0.1775510204081632
4024,20260810,793,0.2459016393442623,0.5952080706179067,0.1514141414141414,0.0543326845287549,5.0,0.4,163.0,0.8773006134969326,0.1503703703703703,123.0,0.6178861788617886,0.159430894308943,122.0,0.6147540983606558,0.1497540983606557,138.0,0.5797101449275363,0.1571014492753623,135.0,0.4666666666666667,0.1462962962962962,112.0,0.3125,0.1450892857142857
4025,20260810,833,0.2436974789915966,0.6386554621848739,0.1747094430992736,0.0686886884113424,5.0,0.6,172.0,0.8662790697674418,0.173625730994152,136.0,0.625,0.1760447761194029,153.0,0.6797385620915033,0.1696052631578947,143.0,0.5944055944055944,0.1769014084507042,149.0,0.5503355704697986,0.1782312925170067,80.0,0.3375,0.174125
4027,20260728,782,0.2020460358056266,0.5319693094629157,0.1577592829705505,0.0652718019090469,5.0,0.2,155.0,0.7935483870967742,0.1629677419354838,139.0,0.5899280575539568,0.1767625899280575,135.0,0.562962962962963,0.1623134328358209,140.0,0.4857142857142857,0.1387857142857143,128.0,0.359375,0.145390625,85.0,0.2470588235294117,0.1598823529411765
4028,20260810,762,0.2506561679790026,0.5577427821522309,0.1471372031662269,0.0637968383563179,5.0,1.0,158.0,0.9113924050632912,0.1224683544303797,132.0,0.5833333333333334,0.1343511450381679,133.0,0.556390977443609,0.1429545454545454,134.0,0.4402985074626865,0.1521641791044776,107.0,0.4018691588785046,0.1712264150943396,98.0,0.2857142857142857,0.1770103092783505
4030,20260809,861,0.2067363530778165,0.6202090592334495,0.1369965075669383,0.0497590350694145,5.0,0.6,174.0,0.8505747126436781,0.1347126436781609,143.0,0.7062937062937062,0.1338028169014084,139.0,0.60431654676259,0.1373381294964028,151.0,0.6357615894039735,0.129205298013245,142.0,0.4647887323943662,0.1341843971631205,112.0,0.3482142857142857,0.1582142857142857
4031,20260731,625,0.088,0.4096,0.1787679999999999,0.06918440702933,5.0,0.6,88.0,0.7386363636363636,0.1597727272727273,114.0,0.543859649122807,0.1757894736842105,111.0,0.4684684684684684,0.1783783783783784,96.0,0.40625,0.1752083333333333,109.0,0.2018348623853211,0.181651376146789,107.0,0.1495327102803738,0.1982242990654205
4033,20260803,896,0.2946428571428571,0.6517857142857143,0.1392049272116461,0.0534743138129014,5.0,0.0,185.0,0.9405405405405406,0.1258695652173913,158.0,0.689873417721519,0.1434177215189873,147.0,0.6326530612244898,0.1395890410958904,155.0,0.6967741935483871,0.1386451612903225,137.0,0.4452554744525547,0.144485294117647,114.0,0.3421052631578947,0.148859649122807
4034,20260801,705,0.0737588652482269,0.3631205673758865,0.1907517730496453,0.0628507357087075,5.0,0.4,93.0,0.7419354838709677,0.1538709677419354,126.0,0.3571428571428571,0.2015873015873015,135.0,0.3777777777777777,0.1862222222222222,124.0,0.2983870967741935,0.1921774193548387,141.0,0.2907801418439716,0.1915602836879432,86.0,0.1511627906976744,0.2184883720930232
4035,20260803,789,0.091254752851711,0.3269961977186312,0.2023574144486692,0.0647508162044702,5.0,0.6,105.0,0.6,0.1996190476190476,138.0,0.3768115942028985,0.2034057971014492,147.0,0.3605442176870748,0.2116326530612245,135.0,0.3111111111111111,0.2017037037037037,149.0,0.2214765100671141,0.1998657718120805,115.0,0.1304347826086956,0.1957391304347826
4036,20260803,841,0.2794292508917955,0.6825208085612366,0.1618571428571428,0.0630655635519294,5.0,0.8,183.0,0.9508196721311476,0.1338251366120218,130.0,0.6538461538461539,0.1783076923076923,143.0,0.7132867132867133,0.1628873239436619,149.0,0.5906040268456376,0.1635570469798657,128.0,0.609375,0.17796875,108.0,0.4351851851851852,0.1667592592592592
4037,20250123,444,0.1599099099099099,0.4864864864864865,0.1689592760180995,0.0704015834831994,5.0,0.4,76.0,0.8026315789473685,0.1469333333333333,74.0,0.5945945945945946,0.1554794520547945,70.0,0.4857142857142857,0.1567142857142857,77.0,0.3896103896103896,0.175064935064935,77.0,0.4155844155844156,0.1948051948051948,70.0,0.2142857142857142,0.1837142857142857
4039,20260810,725,0.1351724137931034,0.5131034482758621,0.1509530386740331,0.0631892098991001,5.0,0.4,119.0,0.8403361344537815,0.1530252100840336,125.0,0.616,0.14816,121.0,0.5537190082644629,0.1564999999999999,111.0,0.5135135135135135,0.1365765765765765,132.0,0.3939393939393939,0.1382575757575757,117.0,0.1623931623931624,0.1741025641025641
4040,20260810,873,0.2290950744558992,0.5601374570446735,0.1469415807560137,0.0616899651410573,5.0,0.4,159.0,0.8742138364779874,0.1521383647798742,147.0,0.564625850340136,0.155578231292517,152.0,0.6776315789473685,0.1430263157894737,144.0,0.4652777777777778,0.1428472222222222,146.0,0.4863013698630137,0.1432191780821917,125.0,0.208,0.144
4041,20260809,578,0.0778546712802768,0.3858131487889273,0.2102249134948096,0.0767807145945063,5.0,0.6,82.0,0.573170731707317,0.1798780487804878,109.0,0.4678899082568807,0.2120183486238532,114.0,0.3947368421052631,0.1941228070175438,106.0,0.4150943396226415,0.2178301886792452,111.0,0.2612612612612612,0.220990990990991,56.0,0.125,0.2482142857142857
4042,20260805,905,0.2519337016574585,0.6320441988950276,0.1663938053097345,0.0603551785039633,5.0,0.4,196.0,0.8724489795918368,0.1544102564102564,142.0,0.7183098591549296,0.1538028169014084,147.0,0.6938775510204082,0.1640136054421768,147.0,0.5850340136054422,0.1612925170068027,129.0,0.5348837209302325,0.1727906976744186,144.0,0.2916666666666667,0.1969444444444444
4043,20260810,850,0.2541176470588235,0.6329411764705882,0.1567178276269185,0.0619257616321539,5.0,0.8,175.0,0.9085714285714286,0.1534857142857142,146.0,0.6712328767123288,0.1455172413793103,143.0,0.6293706293706294,0.1529577464788732,139.0,0.6115107913669064,0.150431654676259,154.0,0.5064935064935064,0.1641176470588235,93.0,0.3010752688172043,0.1832258064516129
4044,20260809,795,0.2465408805031446,0.6377358490566037,0.1387515762925599,0.0605779651519769,5.0,0.4,182.0,0.8736263736263736,0.1315469613259668,146.0,0.6506849315068494,0.1407534246575342,135.0,0.6,0.1482222222222222,140.0,0.6285714285714286,0.1359712230215827,114.0,0.4649122807017544,0.1334210526315789,78.0,0.3974358974358974,0.148076923076923
4045,20260805,706,0.178470254957507,0.4787535410764872,0.1635410764872521,0.0605141721136728,5.0,0.4,130.0,0.7846153846153846,0.1751538461538461,130.0,0.5,0.1624615384615384,126.0,0.6111111111111112,0.157063492063492,108.0,0.4444444444444444,0.1628703703703703,115.0,0.2608695652173913,0.1540869565217391,97.0,0.1649484536082474,0.1697938144329897
4046,20250405,327,0.0519877675840978,0.2844036697247706,0.1947094801223241,0.0697603455572573,5.0,0.0,45.0,0.6,0.1895555555555555,61.0,0.3278688524590163,0.1965573770491803,63.0,0.2698412698412698,0.1906349206349206,51.0,0.2156862745098039,0.2113725490196078,66.0,0.2121212121212121,0.1951515151515151,41.0,0.0975609756097561,0.1824390243902439
4047,20260803,609,0.0985221674876847,0.3497536945812808,0.1704448105436573,0.0652959288279482,5.0,0.0,85.0,0.8,0.1444705882352941,109.0,0.3853211009174312,0.1682568807339449,112.0,0.4107142857142857,0.1549549549549549,103.0,0.2233009708737864,0.181078431372549,109.0,0.2568807339449541,0.1740366972477064,91.0,0.0659340659340659,0.1999999999999999
4049,20260806,933,0.2186495176848874,0.6270096463022508,0.1719098712446352,0.0715448809377403,5.0,0.6,191.0,0.9267015706806284,0.1457368421052631,153.0,0.738562091503268,0.1458823529411764,170.0,0.6588235294117647,0.1711176470588235,176.0,0.5113636363636364,0.1790340909090909,158.0,0.4620253164556962,0.1974683544303797,85.0,0.2352941176470588,0.2165882352941176
4050,20260810,774,0.3643410852713178,0.7286821705426356,0.1507364341085271,0.0627830050795539,5.0,0.4,187.0,0.93048128342246,0.1358823529411764,115.0,0.7652173913043478,0.1501739130434782,121.0,0.7603305785123967,0.1395041322314049,129.0,0.6744186046511628,0.1370542635658915,111.0,0.6666666666666666,0.1575675675675676,111.0,0.4414414414414414,0.1976576576576576
4051,20260721,755,0.2728476821192053,0.7271523178807947,0.1615139442231075,0.0724552717600606,5.0,0.8,172.0,0.936046511627907,0.1394767441860465,125.0,0.728,0.14944,124.0,0.7983870967741935,0.1628225806451613,112.0,0.6964285714285714,0.1658558558558558,116.0,0.5775862068965517,0.1741379310344827,106.0,0.5,0.1919047619047618
4052,20260804,839,0.2181168057210965,0.5864123957091776,0.1636961722488038,0.0647989052324159,5.0,0.8,164.0,0.8597560975609756,0.1539877300613497,136.0,0.6397058823529411,0.1548507462686567,141.0,0.6312056737588653,0.1593617021276595,138.0,0.5434782608695652,0.1655072463768116,125.0,0.472,0.16936,135.0,0.3037037037037037,0.1816296296296296
4053,20260805,724,0.1975138121546961,0.5759668508287292,0.1607489597780859,0.0713880175196173,5.0,1.0,131.0,0.8702290076335878,0.1594656488549618,118.0,0.7457627118644068,0.1519491525423728,115.0,0.5826086956521739,0.1543859649122807,122.0,0.4508196721311475,0.1679338842975206,114.0,0.4561403508771929,0.1502631578947368,124.0,0.3306451612903225,0.1791056910569105
4054,20260810,681,0.1130690161527166,0.395007342143906,0.1566715758468335,0.0724988219031176,5.0,0.2,98.0,0.7448979591836735,0.16,108.0,0.3796296296296296,0.1519626168224299,122.0,0.4426229508196721,0.1555737704918033,109.0,0.3853211009174312,0.1659633027522935,112.0,0.3035714285714285,0.1545535714285714,132.0,0.1893939393939394,0.1531297709923664
4055,20260810,921,0.2290988056460369,0.6047774158523345,0.149,0.0562088496823115,5.0,0.6,174.0,0.9022988505747126,0.1480459770114942,165.0,0.7272727272727273,0.1385454545454545,163.0,0.588957055214724,0.1522085889570552,176.0,0.5397727272727273,0.1500568181818181,151.0,0.4701986754966887,0.1511920529801324,92.0,0.1956521739130435,0.1583516483516483
4056,20251125,486,0.0843621399176954,0.4074074074074074,0.1552371134020618,0.0640891410773985,5.0,0.8,66.0,0.7424242424242424,0.149076923076923,90.0,0.5111111111111111,0.1583333333333333,84.0,0.3809523809523809,0.1617857142857142,80.0,0.4,0.16825,92.0,0.2608695652173913,0.1371739130434782,74.0,0.2027027027027027,0.1578378378378378
4057,20260804,916,0.1703056768558952,0.584061135371179,0.1576787678767877,0.0509470507531109,5.0,0.6,180.0,0.9,0.1450561797752809,159.0,0.6477987421383647,0.1529299363057324,162.0,0.6172839506172839,0.1594374999999999,162.0,0.5617283950617284,0.1611111111111111,137.0,0.3503649635036496,0.1595620437956204,116.0,0.2672413793103448,0.1741739130434782
4058,20260727,865,0.1260115606936416,0.5653179190751445,0.1913310185185185,0.0621431416680073,5.0,0.6,137.0,0.8467153284671532,0.1808029197080292,159.0,0.6792452830188679,0.1838364779874213,157.0,0.6050955414012739,0.1830573248407643,149.0,0.5100671140939598,0.1915436241610738,152.0,0.4276315789473684,0.1956953642384106,111.0,0.2612612612612612,0.2205405405405405
4059,20260613,745,0.2093959731543624,0.5154362416107383,0.1547248322147651,0.0699795616433158,5.0,0.0,133.0,0.7443609022556391,0.1654887218045113,118.0,0.6694915254237288,0.1547457627118644,118.0,0.5508474576271186,0.1665254237288135,124.0,0.5161290322580645,0.1266129032258064,130.0,0.3769230769230769,0.1496923076923077,122.0,0.2295081967213114,0.1654918032786885
4060,20260803,683,0.1405563689604685,0.4582723279648609,0.1618887262079063,0.0702564174441146,5.0,0.4,97.0,0.8041237113402062,0.1505154639175257,112.0,0.5982142857142857,0.1516071428571428,123.0,0.5040650406504065,0.1646341463414634,121.0,0.4545454545454545,0.1714876033057851,125.0,0.24,0.1577599999999999,105.0,0.2,0.174
4061,20260805,926,0.2818574514038877,0.6889848812095032,0.1313945945945946,0.0540680349487016,5.0,0.8,204.0,0.9215686274509804,0.1270588235294117,140.0,0.7071428571428572,0.1389928057553957,157.0,0.6878980891719745,0.1337579617834395,142.0,0.6901408450704225,0.1333098591549295,148.0,0.5540540540540541,0.1380405405405405,135.0,0.4666666666666667,0.118074074074074
4062,20260625,705,0.15177304964539,0.4156028368794326,0.1684680851063829,0.0611885300974138,5.0,0.2,107.0,0.8504672897196262,0.1537383177570093,116.0,0.3879310344827586,0.165603448275862,122.0,0.4098360655737705,0.1764754098360655,133.0,0.3984962406015037,0.1672180451127819,122.0,0.319672131147541,0.1722950819672131,105.0,0.1428571428571428,0.1744761904761904
4063,20260810,899,0.268075639599555,0.6507230255839822,0.1379398663697104,0.0633378253936351,5.0,0.8,209.0,0.9234449760765552,0.12688995215311,145.0,0.6482758620689655,0.1337241379310345,152.0,0.6052631578947368,0.1418421052631578,139.0,0.6330935251798561,0.137841726618705,142.0,0.5633802816901409,0.1400704225352112,112.0,0.3392857142857143,0.1563063063063063
4064,20260805,910,0.2692307692307692,0.6659340659340659,0.1634361233480176,0.0690788932805516,5.0,1.0,222.0,0.9324324324324323,0.1407657657657657,130.0,0.6846153846153846,0.1478461538461538,162.0,0.6975308641975309,0.1678881987577639,162.0,0.5679012345679012,0.177716049382716,137.0,0.4744525547445255,0.1761764705882353,97.0,0.4123711340206185,0.1871134020618556
4065,20260726,675,0.2088888888888889,0.56,0.1783234421364985,0.0622549259144576,5.0,0.4,127.0,0.8582677165354331,0.1662698412698412,112.0,0.5892857142857143,0.178125,116.0,0.5948275862068966,0.1856034482758621,118.0,0.559322033898305,0.1808474576271186,113.0,0.3716814159292035,0.1797345132743362,89.0,0.2921348314606741,0.1810112359550561
4066,20260729,832,0.1995192307692307,0.6598557692307693,0.1616726835138387,0.0595225181622078,5.0,0.6,160.0,0.925,0.144125,130.0,0.7230769230769231,0.1677692307692307,145.0,0.6344827586206897,0.1597931034482758,136.0,0.6029411764705882,0.1712499999999999,132.0,0.553030303030303,0.1640909090909091,129.0,0.4651162790697674,0.166875
4067,20260808,874,0.2551487414187643,0.6796338672768879,0.1671821305841924,0.0636973445928116,5.0,0.8,181.0,0.9005524861878453,0.172817679558011,143.0,0.7132867132867133,0.1809790209790209,142.0,0.7746478873239436,0.1587323943661971,165.0,0.593939393939394,0.1577575757575757,155.0,0.5032258064516129,0.1585806451612903,88.0,0.4886363636363636,0.1797701149425287
4068,20260728,718,0.1155988857938718,0.49025069637883,0.1641980474198047,0.0622930479079793,5.0,0.0,107.0,0.8037383177570093,0.16,130.0,0.5461538461538461,0.1603076923076923,117.0,0.5811965811965812,0.1553846153846153,116.0,0.5344827586206896,0.1719827586206896,147.0,0.2789115646258503,0.1672602739726027,101.0,0.2376237623762376,0.1704950495049504
4069,20260722,812,0.2081280788177339,0.6748768472906403,0.1702589395807644,0.0768752061153336,5.0,0.4,177.0,0.9096045197740112,0.1463841807909604,123.0,0.6991869918699187,0.1547540983606557,141.0,0.6737588652482269,0.1491489361702127,127.0,0.6692913385826772,0.1704724409448819,135.0,0.5185185185185185,0.1997037037037037,109.0,0.4678899082568807,0.2169724770642202
4071,20260805,620,0.1225806451612903,0.4612903225806452,0.1756058158319871,0.0712347573930375,5.0,0.0,93.0,0.7634408602150538,0.1636559139784946,124.0,0.5403225806451613,0.175040650406504,110.0,0.4909090909090909,0.1799090909090909,112.0,0.4464285714285714,0.1704464285714285,114.0,0.2543859649122807,0.1774561403508772,67.0,0.2238805970149253,0.1916417910447761
4072,20260810,821,0.3081607795371498,0.6455542021924482,0.1415129151291513,0.0482107804696691,5.0,1.0,186.0,0.9032258064516128,0.1377837837837837,120.0,0.7083333333333334,0.1406779661016949,127.0,0.7086614173228346,0.1404761904761904,145.0,0.5724137931034483,0.1378472222222222,143.0,0.4965034965034965,0.146950354609929,100.0,0.33,0.1483838383838383
4073,20260808,902,0.2339246119733924,0.6529933481152993,0.1530333333333333,0.0542506425973206,5.0,0.8,181.0,0.9116022099447514,0.12646408839779,140.0,0.6928571428571428,0.1465,157.0,0.7006369426751592,0.1469426751592356,144.0,0.5833333333333334,0.1568055555555555,141.0,0.5319148936170213,0.1656028368794326,139.0,0.4172661870503597,0.1848905109489051
4074,20260810,923,0.2632719393282773,0.6706392199349945,0.1322643553629469,0.0512758932004213,5.0,0.6,191.0,0.9057591623036648,0.1218848167539267,139.0,0.697841726618705,0.1439568345323741,161.0,0.6583850931677019,0.125527950310559,158.0,0.6708860759493671,0.1403164556962025,159.0,0.5534591194968553,0.1345283018867924,115.0,0.4260869565217391,0.1306086956521739
4075,20260810,900,0.2366666666666666,0.6233333333333333,0.1330812013348165,0.0545725127335548,5.0,0.2,182.0,0.934065934065934,0.1167582417582417,137.0,0.7153284671532847,0.1278102189781022,154.0,0.5714285714285714,0.136038961038961,151.0,0.543046357615894,0.1282119205298013,145.0,0.4827586206896552,0.1433793103448276,131.0,0.4045801526717557,0.1521538461538461
4076,20260805,825,0.1636363636363636,0.526060606060606,0.1955407047387606,0.0715046955811107,5.0,0.8,148.0,0.7567567567567568,0.1799324324324324,129.0,0.5348837209302325,0.1844961240310077,144.0,0.5763888888888888,0.1816666666666666,135.0,0.562962962962963,0.1961940298507462,141.0,0.4539007092198581,0.2105673758865248,128.0,0.234375,0.2233070866141732
4077,20260810,835,0.118562874251497,0.4526946107784431,0.1818083832335329,0.0590723634311186,5.0,1.0,137.0,0.7153284671532847,0.1738686131386861,150.0,0.56,0.1776,141.0,0.5531914893617021,0.1605673758865248,127.0,0.4645669291338583,0.1724409448818897,156.0,0.2435897435897435,0.1926282051282051,124.0,0.1693548387096774,0.2158064516129032
4078,20250729,425,0.0447058823529411,0.2894117647058823,0.187435294117647,0.0698250666365299,5.0,0.0,60.0,0.5833333333333334,0.1815,83.0,0.4216867469879518,0.1849397590361445,73.0,0.3287671232876712,0.174931506849315,70.0,0.2285714285714285,0.1745714285714285,82.0,0.1341463414634146,0.1826829268292683,57.0,0.0350877192982456,0.2359649122807017
4079,20260808,902,0.2405764966740576,0.647450110864745,0.1597222222222222,0.0632967486926598,5.0,1.0,190.0,0.9263157894736842,0.154578947368421,142.0,0.7112676056338029,0.1585106382978723,146.0,0.7534246575342466,0.166027397260274,140.0,0.6214285714285714,0.1523571428571428,149.0,0.4429530201342282,0.1556081081081081,135.0,0.3259259259259259,0.1735555555555555
4080,20260126,491,0.2769857433808554,0.6822810590631364,0.1224439918533604,0.0552621453096786,5.0,1.0,86.0,0.9767441860465116,0.1208139534883721,93.0,0.7419354838709677,0.1223655913978494,79.0,0.7341772151898734,0.1221518987341772,82.0,0.6341463414634146,0.1159756097560975,88.0,0.5340909090909091,0.1231818181818181,63.0,0.3968253968253968,0.1325396825396825
4081,20260809,770,0.0896103896103896,0.3714285714285714,0.1856566970091027,0.0696983409848063,5.0,0.2,111.0,0.7837837837837838,0.1623423423423423,133.0,0.4360902255639097,0.1787218045112782,145.0,0.4,0.1775172413793103,136.0,0.3308823529411764,0.1877205882352941,135.0,0.2074074074074074,0.1945925925925926,110.0,0.0909090909090909,0.215045871559633
4082,20260728,395,0.1620253164556962,0.5139240506329114,0.1675949367088607,0.0801298817486124,5.0,0.6,52.0,0.8461538461538461,0.1292307692307692,65.0,0.5846153846153846,0.1686153846153846,66.0,0.5757575757575758,0.1553030303030303,71.0,0.5352112676056338,0.168169014084507,79.0,0.3544303797468354,0.1829113924050633,62.0,0.2741935483870967,0.1916129032258064
4083,20260809,825,0.2909090909090909,0.6581818181818182,0.1391859052247873,0.0647244327516198,5.0,0.8,170.0,0.9,0.111,133.0,0.6541353383458647,0.1403030303030303,144.0,0.7291666666666666,0.1439583333333333,132.0,0.5606060606060606,0.1422137404580152,145.0,0.6,0.1384827586206896,101.0,0.3663366336633663,0.1754455445544554
4084,20260810,976,0.2684426229508196,0.6680327868852459,0.1563001027749229,0.0573559267467643,5.0,0.4,212.0,0.9245283018867924,0.1550471698113207,155.0,0.6774193548387096,0.1627272727272727,154.0,0.7272727272727273,0.1440909090909091,154.0,0.6753246753246753,0.154640522875817,160.0,0.55625,0.1558125,141.0,0.3262411347517731,0.1669285714285714
4085,20260808,508,0.1102362204724409,0.4822834645669291,0.2096825396825397,0.0825889276173179,5.0,0.0,60.0,0.8,0.1681666666666666,67.0,0.582089552238806,0.2118181818181818,68.0,0.5588235294117647,0.1714705882352941,69.0,0.463768115942029,0.2129850746268656,70.0,0.4428571428571428,0.2166666666666666,174.0,0.3275862068965517,0.2340804597701149
4086,20260810,776,0.1932989690721649,0.6146907216494846,0.1455109961190168,0.0638615412504549,5.0,0.4,146.0,0.8698630136986302,0.1323972602739726,124.0,0.6612903225806451,0.1386178861788617,140.0,0.6571428571428571,0.1424285714285714,130.0,0.6307692307692307,0.1417829457364341,131.0,0.4503816793893129,0.1518461538461538,105.0,0.3333333333333333,0.1726666666666666
4088,20240123,139,0.079136690647482,0.2661870503597122,0.2001438848920863,0.0642833835283835,5.0,0.2,18.0,0.3888888888888889,0.2038888888888889,29.0,0.3793103448275862,0.1851724137931034,21.0,0.3809523809523809,0.1885714285714285,22.0,0.3181818181818182,0.2009090909090909,30.0,0.1333333333333333,0.193,19.0,0.0,0.2426315789473684
4089,20260810,975,0.2143589743589743,0.6882051282051282,0.154958932238193,0.0612108178935443,5.0,0.8,215.0,0.9116279069767442,0.1523364485981308,161.0,0.7639751552795031,0.1523602484472049,169.0,0.6982248520710059,0.1475739644970414,157.0,0.6815286624203821,0.1522929936305732,152.0,0.5131578947368421,0.1607236842105263,121.0,0.4049586776859504,0.1695867768595041
4090,20260718,803,0.2627646326276463,0.6264009962640099,0.1321321695760598,0.0597193560231657,5.0,0.6,161.0,0.9316770186335404,0.1157142857142857,125.0,0.624,0.14048,139.0,0.6834532374100719,0.118273381294964,121.0,0.5785123966942148,0.1292561983471074,132.0,0.5227272727272727,0.1334848484848484,125.0,0.328,0.1619354838709677
4091,20240412,197,0.1725888324873096,0.4314720812182741,0.175765306122449,0.080381272697168,5.0,0.6,29.0,0.8275862068965517,0.1406896551724138,33.0,0.4848484848484848,0.1706060606060606,36.0,0.4722222222222222,0.1658333333333333,34.0,0.3823529411764705,0.1927272727272727,36.0,0.25,0.1902777777777778,29.0,0.2068965517241379,0.1917241379310344
4092,20260810,771,0.178988326848249,0.5252918287937743,0.1541634241245136,0.0647607129844323,5.0,0.2,131.0,0.8396946564885496,0.1191603053435114,132.0,0.6515151515151515,0.1481818181818181,149.0,0.5771812080536913,0.1463087248322147,117.0,0.4871794871794871,0.1585470085470085,125.0,0.344,0.15832,117.0,0.1965811965811965,0.2012820512820513
4093,20260731,648,0.0910493827160493,0.3950617283950617,0.196646058732612,0.0790595998006146,5.0,0.0,113.0,0.7256637168141593,0.1739823008849557,102.0,0.4411764705882353,0.1953921568627451,126.0,0.4682539682539682,0.1884,117.0,0.3076923076923077,0.2016239316239316,115.0,0.1826086956521739,0.2088695652173913,75.0,0.1733333333333333,0.2197333333333333
4094,20260729,643,0.0917573872472783,0.4121306376360809,0.1869890795631825,0.068170760673864,5.0,0.4,82.0,0.7317073170731707,0.1798780487804878,123.0,0.4878048780487805,0.1867479674796748,109.0,0.3944954128440367,0.1877570093457944,112.0,0.375,0.17625,130.0,0.3384615384615385,0.1926153846153846,87.0,0.1839080459770115,0.1985057471264368
4095,20260810,815,0.2907975460122699,0.6797546012269938,0.1404294478527607,0.0644233476449417,5.0,1.0,178.0,0.8651685393258427,0.131629213483146,121.0,0.6942148760330579,0.134297520661157,128.0,0.65625,0.136484375,130.0,0.6461538461538462,0.1525384615384615,143.0,0.6363636363636364,0.1407692307692307,115.0,0.4956521739130435,0.1507826086956521
4096,20260810,767,0.2972620599739243,0.6870925684485006,0.1432375979112271,0.0584187945585703,5.0,1.0,176.0,0.9375,0.1363068181818181,121.0,0.6611570247933884,0.1546280991735537,130.0,0.6384615384615384,0.1595384615384615,125.0,0.68,0.1412096774193548,119.0,0.5630252100840336,0.1245378151260504,96.0,0.4895833333333333,0.1453125
4097,20260810,606,0.0313531353135313,0.33003300330033,0.2129187396351575,0.0777658924396519,5.0,0.6,83.0,0.5060240963855421,0.1895180722891566,101.0,0.396039603960396,0.2083168316831683,112.0,0.3214285714285714,0.2219999999999999,92.0,0.2826086956521739,0.2165934065934066,127.0,0.3385826771653543,0.2074803149606299,91.0,0.1428571428571428,0.2323076923076923
4098,20260724,540,0.0703703703703703,0.3944444444444444,0.1966111111111111,0.0791213125445061,5.0,0.0,86.0,0.6627906976744186,0.1698837209302325,90.0,0.4333333333333333,0.1911111111111111,98.0,0.4897959183673469,0.1808163265306122,96.0,0.25,0.2003125,96.0,0.3333333333333333,0.218125,74.0,0.1756756756756756,0.2225675675675675
4099,20260810,826,0.2506053268765133,0.6646489104116223,0.1634793187347931,0.0520720204560734,5.0,0.6,187.0,0.893048128342246,0.177807486631016,132.0,0.6666666666666666,0.1787878787878788,153.0,0.6601307189542484,0.1623841059602649,152.0,0.5921052631578947,0.1604605263157894,125.0,0.592,0.1437903225806451,77.0,0.3766233766233766,0.1419736842105263
4100,20260810,752,0.1582446808510638,0.5039893617021277,0.1658588548601864,0.0684955414550558,5.0,0.4,122.0,0.860655737704918,0.1587704918032787,126.0,0.5873015873015873,0.1483199999999999,131.0,0.4885496183206106,0.152442748091603,124.0,0.5483870967741935,0.154758064516129,128.0,0.3515625,0.1684375,121.0,0.1900826446280991,0.214297520661157
4102,20260810,948,0.3196202531645569,0.6687763713080169,0.1423945147679325,0.0555796502566797,5.0,1.0,201.0,0.9552238805970148,0.1328358208955223,134.0,0.7089552238805971,0.1466417910447761,160.0,0.725,0.1356875,159.0,0.6415094339622641,0.1390566037735849,166.0,0.5060240963855421,0.1424698795180723,128.0,0.3515625,0.165390625
4103,20260808,646,0.0495356037151702,0.3328173374613003,0.2236222910216718,0.0743425657900618,5.0,0.8,97.0,0.6391752577319587,0.2069072164948453,118.0,0.4406779661016949,0.2211016949152542,117.0,0.3931623931623931,0.2046153846153846,120.0,0.3166666666666666,0.21825,100.0,0.12,0.2259,94.0,0.0531914893617021,0.272127659574468
4104,20260801,597,0.1306532663316583,0.4304857621440536,0.1471380471380471,0.0670561185167301,5.0,0.6,87.0,0.6436781609195402,0.16,98.0,0.5,0.1419387755102041,103.0,0.4368932038834951,0.1531067961165048,109.0,0.4770642201834862,0.1368518518518518,103.0,0.3203883495145631,0.141747572815534,97.0,0.2268041237113402,0.1517894736842105
4105,20260810,887,0.1409244644870349,0.5614430665163472,0.1736343115124153,0.0698021835420267,5.0,0.2,164.0,0.774390243902439,0.1825609756097561,149.0,0.6510067114093959,0.1640268456375839,163.0,0.5828220858895705,0.1706748466257668,150.0,0.52,0.1642666666666666,145.0,0.4482758620689655,0.1737931034482758,116.0,0.3103448275862069,0.1895652173913043
4106,20260808,614,0.0846905537459283,0.3469055374592834,0.1940293637846656,0.0666238677777736,5.0,0.6,81.0,0.6049382716049383,0.1904938271604938,118.0,0.4406779661016949,0.2077118644067796,110.0,0.2727272727272727,0.1879090909090909,134.0,0.3507462686567164,0.1836567164179104,109.0,0.2293577981651376,0.1963888888888888,62.0,0.1612903225806451,0.2017741935483871
4108,20260803,667,0.272863568215892,0.5997001499250375,0.1371471471471471,0.056896454862718,5.0,0.4,149.0,0.9261744966442952,0.1255704697986577,99.0,0.6262626262626263,0.1432323232323232,109.0,0.5688073394495413,0.1438532110091743,124.0,0.5080645161290323,0.1256451612903225,123.0,0.4227642276422764,0.1412295081967213,63.0,0.365079365079365,0.1580952380952381
4109,20260809,881,0.2417707150964812,0.6140749148694665,0.1276818181818181,0.0574384147379026,5.0,0.6,176.0,0.8863636363636364,0.1240571428571428,143.0,0.6503496503496503,0.1291608391608391,143.0,0.6153846153846154,0.1217482517482517,155.0,0.6387096774193548,0.1236129032258064,142.0,0.4366197183098591,0.1289436619718309,122.0,0.3524590163934426,0.1418032786885246
4110,20260804,620,0.1112903225806451,0.3983870967741935,0.1714677419354838,0.0684124629614336,5.0,0.2,88.0,0.7954545454545454,0.1420454545454545,108.0,0.4074074074074074,0.1667592592592592,116.0,0.4051724137931034,0.1633620689655172,109.0,0.3761467889908257,0.1703669724770642,107.0,0.2710280373831775,0.1866355140186915,92.0,0.1739130434782608,0.1990217391304347
4111,20260809,743,0.126514131897712,0.5020188425302826,0.1805114401076716,0.0683491713416799,5.0,0.6,113.0,0.8053097345132744,0.1647787610619469,134.0,0.5671641791044776,0.1840298507462686,140.0,0.5642857142857143,0.1632857142857142,124.0,0.4516129032258064,0.1762096774193548,131.0,0.3511450381679389,0.1861068702290076,101.0,0.2475247524752475,0.2153465346534653
4112,20260803,613,0.1566068515497553,0.5595432300163132,0.1755882352941176,0.0699893576795007,5.0,0.8,97.0,0.845360824742268,0.1370103092783505,97.0,0.6288659793814433,0.1720833333333333,110.0,0.6090909090909091,0.1712727272727272,114.0,0.5614035087719298,0.1874561403508771,111.0,0.4054054054054054,0.1853153153153153,84.0,0.2857142857142857,0.2008333333333333
4113,20260808,780,0.1384615384615384,0.4358974358974359,0.1872913992297817,0.060936053651574,5.0,0.2,126.0,0.7777777777777778,0.1909523809523809,146.0,0.4931506849315068,0.1884246575342466,126.0,0.5,0.1869841269841269,141.0,0.3617021276595745,0.1895714285714285,145.0,0.296551724137931,0.1863448275862069,96.0,0.1354166666666666,0.1792708333333333
4114,20260808,735,0.1496598639455782,0.5414965986394558,0.1815279672578444,0.0717705214167731,5.0,0.8,125.0,0.824,0.17016,122.0,0.5573770491803278,0.200983606557377,131.0,0.6030534351145038,0.1647692307692307,124.0,0.5483870967741935,0.1820967741935484,133.0,0.3458646616541353,0.1827272727272727,100.0,0.34,0.1915
4116,20260719,726,0.1308539944903581,0.4752066115702479,0.1762707182320442,0.0699144202518525,5.0,0.4,119.0,0.6722689075630253,0.1772268907563025,112.0,0.4910714285714285,0.1933333333333333,123.0,0.5934959349593496,0.1534426229508196,131.0,0.4580152671755725,0.17,127.0,0.3700787401574803,0.1733858267716535,114.0,0.2631578947368421,0.1935087719298245
4117,20260810,728,0.1881868131868131,0.6648351648351648,0.1965521978021978,0.0701239680976702,5.0,0.4,157.0,0.8471337579617835,0.1923566878980891,120.0,0.7666666666666667,0.1956666666666666,122.0,0.6639344262295082,0.190983606557377,125.0,0.56,0.20208,107.0,0.5700934579439252,0.2054205607476635,97.0,0.4845360824742268,0.1945360824742268
4118,20260810,938,0.2409381663113006,0.6311300639658849,0.1423454157782516,0.0561793511346498,5.0,0.2,191.0,0.9214659685863874,0.1290052356020942,147.0,0.6938775510204082,0.1440136054421769,159.0,0.6226415094339622,0.1391823899371069,181.0,0.569060773480663,0.1472375690607734,136.0,0.5,0.1494117647058823,124.0,0.3548387096774194,0.1500806451612903
4119,20260805,706,0.1827195467422096,0.556657223796034,0.1616147308781869,0.0659229441889289,5.0,0.6,113.0,0.8495575221238938,0.1566371681415929,122.0,0.7131147540983607,0.1663934426229508,132.0,0.6287878787878788,0.1521212121212121,124.0,0.4838709677419355,0.1537096774193548,133.0,0.3533834586466165,0.1617293233082707,82.0,0.2439024390243902,0.1884146341463414
4120,20260809,876,0.1883561643835616,0.5776255707762558,0.1644597701149425,0.0593615078265488,5.0,0.8,167.0,0.8862275449101796,0.1710240963855421,153.0,0.6666666666666666,0.1564473684210526,131.0,0.6717557251908397,0.1493076923076923,167.0,0.5209580838323353,0.1628313253012048,143.0,0.4055944055944055,0.1672027972027972,115.0,0.2,0.1819469026548672
4121,20260805,820,0.1975609756097561,0.598780487804878,0.1381829268292683,0.0599206035758743,5.0,0.6,150.0,0.8933333333333333,0.1197333333333333,141.0,0.6737588652482269,0.1436170212765957,131.0,0.6335877862595419,0.1470229007633587,123.0,0.5609756097560976,0.1334959349593496,143.0,0.4685314685314685,0.1412587412587412,132.0,0.3257575757575757,0.1456060606060606
4122,20260805,932,0.1791845493562232,0.6062231759656652,0.1682618025751072,0.0621553511983291,5.0,0.6,183.0,0.8852459016393442,0.1607650273224043,152.0,0.6907894736842105,0.1684210526315789,164.0,0.6219512195121951,0.1703048780487804,149.0,0.5838926174496645,0.1633557046979865,144.0,0.4375,0.1758333333333333,140.0,0.3285714285714285,0.1729285714285714
4123,20260810,897,0.2541806020066889,0.7101449275362319,0.1853013392857143,0.0706768823211301,5.0,0.6,214.0,0.8691588785046729,0.1844392523364486,142.0,0.704225352112676,0.180709219858156,142.0,0.7323943661971831,0.179225352112676,153.0,0.7124183006535948,0.1788888888888889,135.0,0.6444444444444445,0.1844444444444444,111.0,0.4594594594594595,0.2104504504504504
4124,20260727,807,0.2354399008674101,0.6517967781908303,0.1591666666666666,0.0641684434722014,5.0,0.4,167.0,0.8562874251497006,0.1551204819277108,133.0,0.7293233082706767,0.1581954887218045,129.0,0.6744186046511628,0.1559375,131.0,0.648854961832061,0.1661832061068702,133.0,0.5714285714285714,0.1487218045112782,114.0,0.3333333333333333,0.174070796460177
4126,20241025,239,0.0711297071129707,0.2217573221757322,0.177016806722689,0.064631532641983,5.0,0.0,37.0,0.6486486486486487,0.1743243243243243,42.0,0.119047619047619,0.1821428571428571,48.0,0.2916666666666667,0.1595833333333333,40.0,0.175,0.1709999999999999,38.0,0.0789473684210526,0.1847368421052631,34.0,0.0,0.1972727272727272
4128,20260808,676,0.1242603550295858,0.4970414201183432,0.1446279761904761,0.0673643587988514,5.0,0.4,107.0,0.794392523364486,0.1402803738317757,123.0,0.5121951219512195,0.1421951219512195,115.0,0.5652173913043478,0.1335087719298245,110.0,0.4727272727272727,0.1501834862385321,114.0,0.4122807017543859,0.1438053097345132,107.0,0.2242990654205607,0.1589622641509434
4129,20260810,721,0.0915395284327323,0.3869625520110957,0.1670319001386962,0.0782811911690261,5.0,0.2,100.0,0.6,0.1672,134.0,0.5,0.1546268656716417,131.0,0.4580152671755725,0.1655725190839694,123.0,0.2764227642276423,0.172520325203252,142.0,0.3028169014084507,0.1597183098591549,91.0,0.1648351648351648,0.1912087912087912
4131,20260802,739,0.1989174560216508,0.5899864682002707,0.1690909090909091,0.0694843471834878,5.0,0.4,130.0,0.8769230769230769,0.1735658914728682,115.0,0.7043478260869566,0.1609565217391304,121.0,0.6611570247933884,0.1414166666666666,123.0,0.5447154471544715,0.1635772357723577,134.0,0.4925373134328358,0.1726865671641791,116.0,0.2413793103448276,0.2025
4133,20260810,845,0.208284023668639,0.6284023668639053,0.1550236966824644,0.0679114589970778,5.0,0.4,164.0,0.8780487804878049,0.150920245398773,135.0,0.6444444444444445,0.1617037037037037,148.0,0.6756756756756757,0.1521621621621621,137.0,0.6715328467153284,0.1360583941605839,140.0,0.45,0.1590714285714285,121.0,0.371900826446281,0.1733884297520661
4134,20260809,837,0.2281959378733572,0.6356033452807647,0.1591397849462365,0.0635600605450388,5.0,0.6,167.0,0.8982035928143712,0.1279041916167664,128.0,0.65625,0.164609375,140.0,0.7,0.1522142857142857,145.0,0.6137931034482759,0.1639310344827586,123.0,0.4634146341463415,0.1652845528455284,134.0,0.4029850746268656,0.1892537313432835
4136,20260515,819,0.2454212454212454,0.6910866910866911,0.1506633906633906,0.0584719610774091,5.0,0.8,190.0,0.9526315789473684,0.1282105263157894,132.0,0.7878787878787878,0.1484090909090909,118.0,0.6779661016949152,0.1388793103448276,122.0,0.6311475409836066,0.1564754098360655,125.0,0.512,0.1703252032520325,132.0,0.4545454545454545,0.17206106870229
4137,20260809,920,0.2641304347826086,0.6684782608695652,0.1379629629629629,0.055366581285528,5.0,1.0,202.0,0.9207920792079208,0.1464356435643564,143.0,0.6853146853146853,0.1344755244755244,156.0,0.6794871794871795,0.1424358974358974,159.0,0.6729559748427673,0.1343037974683544,134.0,0.4776119402985074,0.1358955223880597,126.0,0.4285714285714285,0.1295199999999999
4138,20260731,653,0.1393568147013782,0.445635528330781,0.1656134969325153,0.067317745329428,5.0,0.4,92.0,0.6847826086956522,0.1830434782608695,117.0,0.5128205128205128,0.18,119.0,0.4621848739495798,0.1765546218487395,114.0,0.5175438596491229,0.1510526315789473,112.0,0.2857142857142857,0.1538392857142857,99.0,0.2222222222222222,0.1494949494949495
4139,20260805,724,0.1270718232044199,0.4267955801104972,0.1688227146814404,0.0685656297150844,5.0,0.4,99.0,0.7878787878787878,0.1487878787878788,125.0,0.504,0.18096,144.0,0.4444444444444444,0.1645454545454545,123.0,0.3658536585365853,0.1642622950819672,133.0,0.2706766917293233,0.1680451127819549,100.0,0.23,0.1862
4140,20260717,721,0.260748959778086,0.6449375866851595,0.1511748251748251,0.0580163124740044,5.0,0.4,150.0,0.8866666666666667,0.1304026845637584,116.0,0.6637931034482759,0.1641228070175438,128.0,0.7265625,0.1505511811023622,115.0,0.6434782608695652,0.1617699115044248,118.0,0.4576271186440678,0.1560169491525423,94.0,0.3617021276595745,0.1504255319148936
4142,20260810,893,0.1556550951847704,0.58006718924972,0.1827640449438202,0.0603901216849375,5.0,0.4,172.0,0.936046511627907,0.1627325581395348,145.0,0.6,0.1786111111111111,160.0,0.61875,0.18175,157.0,0.6050955414012739,0.1806369426751592,137.0,0.3503649635036496,0.1941911764705882,122.0,0.2295081967213114,0.2074380165289256
4143,20260810,698,0.1060171919770773,0.3638968481375358,0.1525718390804598,0.0595975054447622,5.0,0.0,86.0,0.6627906976744186,0.1426744186046511,127.0,0.3543307086614173,0.1613385826771653,131.0,0.4274809160305343,0.1587022900763358,122.0,0.3688524590163934,0.1369421487603306,132.0,0.2575757575757575,0.1533587786259542,100.0,0.17,0.1598
4144,20260801,754,0.2267904509283819,0.6737400530503979,0.1696774193548387,0.0645905484763835,5.0,0.6,140.0,0.9071428571428573,0.1717391304347826,135.0,0.7481481481481481,0.1823134328358208,112.0,0.6875,0.1637272727272727,135.0,0.7333333333333333,0.1530827067669173,130.0,0.4769230769230769,0.17078125,102.0,0.4117647058823529,0.177029702970297
4145,20260810,707,0.0438472418670438,0.3168316831683168,0.2529603399433427,0.0699707839629014,5.0,0.2,99.0,0.5050505050505051,0.2537373737373737,127.0,0.4094488188976378,0.2555905511811023,130.0,0.2923076923076923,0.2426923076923077,128.0,0.328125,0.25953125,135.0,0.2,0.2457037037037037,88.0,0.1704545454545454,0.2651724137931034
4146,20260810,752,0.1077127659574468,0.4720744680851064,0.1543617021276595,0.0669082972089459,5.0,0.2,110.0,0.7727272727272727,0.1539090909090909,135.0,0.6074074074074074,0.1465925925925925,135.0,0.4444444444444444,0.1565925925925926,125.0,0.44,0.14864,133.0,0.3759398496240601,0.1554135338345864,114.0,0.2017543859649122,0.1664035087719298
4148,20260810,740,0.2554054054054054,0.6594594594594595,0.1356309362279511,0.0607788840565211,5.0,1.0,169.0,0.9053254437869822,0.124792899408284,105.0,0.7428571428571429,0.1448076923076923,117.0,0.6923076923076923,0.1378260869565217,141.0,0.5815602836879432,0.1292907801418439,108.0,0.4537037037037037,0.1338888888888889,100.0,0.45,0.1527
4150,20260802,778,0.2339331619537275,0.6131105398457584,0.1348320413436692,0.0562631341585408,5.0,0.4,146.0,0.8767123287671232,0.137103448275862,112.0,0.6517857142857143,0.1355855855855856,134.0,0.6044776119402985,0.136390977443609,130.0,0.6615384615384615,0.1320769230769231,120.0,0.5,0.1301666666666666,136.0,0.3602941176470588,0.137037037037037
4151,20260808,782,0.1508951406649616,0.5537084398976982,0.1905776636713735,0.0657575588703322,5.0,0.6,137.0,0.8029197080291971,0.1827205882352941,150.0,0.6866666666666666,0.1775838926174496,144.0,0.6041666666666666,0.1784722222222222,183.0,0.4918032786885246,0.2002732240437158,101.0,0.2475247524752475,0.2003960396039604,67.0,0.2686567164179104,0.2206060606060606
4152,20260805,648,0.1466049382716049,0.4891975308641975,0.1731635802469135,0.063818979390082,5.0,0.4,110.0,0.7727272727272727,0.1632727272727273,110.0,0.6,0.1852727272727272,113.0,0.495575221238938,0.1604424778761062,103.0,0.4951456310679611,0.1597087378640776,117.0,0.3675213675213675,0.1676923076923077,95.0,0.1684210526315789,0.2070526315789473
4153,20230609,39,0.0512820512820512,0.2051282051282051,0.2028205128205128,0.100433642283356,5.0,0.2,5.0,0.6,0.102,8.0,0.25,0.20875,7.0,0.0,0.1728571428571428,8.0,0.25,0.2225,5.0,0.2,0.254,6.0,0.0,0.245
4154,20260809,784,0.1428571428571428,0.5,0.1804092071611253,0.0664583504527136,5.0,0.8,125.0,0.808,0.1687096774193548,134.0,0.6417910447761194,0.1683582089552238,147.0,0.5306122448979592,0.1715646258503401,137.0,0.4744525547445255,0.172992700729927,133.0,0.3909774436090225,0.1893984962406015,108.0,0.0925925925925925,0.2195327102803738
4155,20260810,758,0.2546174142480211,0.6292875989445911,0.1563095238095238,0.0569182507091917,5.0,0.6,164.0,0.8536585365853658,0.1532515337423313,120.0,0.6666666666666666,0.1664705882352941,131.0,0.6183206106870229,0.1499236641221374,120.0,0.725,0.14425,123.0,0.4634146341463415,0.1674796747967479,100.0,0.32,0.1583
4156,20260808,813,0.1832718327183271,0.5621156211562116,0.1589421894218942,0.0698803254183127,5.0,0.4,145.0,0.8896551724137931,0.1507586206896551,130.0,0.6307692307692307,0.1594615384615384,146.0,0.6095890410958904,0.1436301369863013,140.0,0.4571428571428571,0.1582857142857142,144.0,0.4444444444444444,0.1620833333333333,108.0,0.2685185185185185,0.1866666666666666
4158,20260809,753,0.1407702523240372,0.4276228419654714,0.167406914893617,0.0497766752504901,5.0,0.4,103.0,0.7961165048543689,0.1585436893203883,130.0,0.4307692307692308,0.1813076923076923,128.0,0.4765625,0.1665625,123.0,0.3983739837398374,0.1633606557377049,139.0,0.3237410071942446,0.1625899280575539,130.0,0.2230769230769231,0.1703076923076923
4159,20260801,885,0.2090395480225988,0.5977401129943503,0.1649773755656108,0.0613286114562981,5.0,0.4,175.0,0.8914285714285715,0.1430857142857143,137.0,0.7153284671532847,0.1554744525547445,159.0,0.6415094339622641,0.1563522012578616,144.0,0.5694444444444444,0.1657638888888889,158.0,0.3860759493670886,0.1808917197452229,112.0,0.2678571428571428,0.1997321428571428
4161,20260810,834,0.1870503597122302,0.5599520383693045,0.1602286401925391,0.0642447238827208,5.0,0.6,169.0,0.8461538461538461,0.1573809523809524,125.0,0.576,0.1740322580645161,147.0,0.5918367346938775,0.1489115646258503,144.0,0.5347222222222222,0.1602797202797203,138.0,0.4057971014492754,0.1553623188405797,111.0,0.2882882882882883,0.17009009009009
4162,20260311,204,0.0735294117647058,0.3431372549019608,0.1872549019607843,0.0781483865419372,5.0,0.4,30.0,0.6333333333333333,0.1756666666666667,30.0,0.4333333333333333,0.166,40.0,0.35,0.174,37.0,0.2702702702702703,0.1959459459459459,38.0,0.2894736842105263,0.2005263157894737,29.0,0.1034482758620689,0.2110344827586207
4163,20260810,901,0.1809100998890122,0.564927857935627,0.1701888888888888,0.0592608910654957,5.0,0.6,160.0,0.88125,0.1611874999999999,166.0,0.5843373493975904,0.1695180722891566,175.0,0.6057142857142858,0.1714857142857143,160.0,0.55625,0.1773125,150.0,0.4,0.1654666666666666,90.0,0.1777777777777777,0.1802247191011236
4164,20260810,525,0.0514285714285714,0.3123809523809523,0.1851619047619047,0.0716248325931093,5.0,0.4,73.0,0.6712328767123288,0.1542465753424657,97.0,0.3814432989690721,0.1711340206185567,98.0,0.2857142857142857,0.1840816326530612,91.0,0.2417582417582417,0.1889010989010989,103.0,0.174757281553398,0.201747572815534,63.0,0.1587301587301587,0.2117460317460317
4166,20260810,920,0.2847826086956522,0.6717391304347826,0.1245434782608695,0.0504739306460099,5.0,0.8,213.0,0.9483568075117372,0.1218309859154929,135.0,0.6962962962962963,0.1328888888888889,137.0,0.6642335766423357,0.1317518248175182,144.0,0.6666666666666666,0.1171527777777777,159.0,0.4968553459119497,0.1188050314465408,132.0,0.4242424242424242,0.1278787878787878
4167,20260810,669,0.0822122571001494,0.4095665171898355,0.1534684684684684,0.0652701459222014,5.0,0.4,90.0,0.6333333333333333,0.1701111111111111,116.0,0.4655172413793103,0.155,113.0,0.4778761061946903,0.1363716814159292,110.0,0.4272727272727272,0.1542201834862385,122.0,0.3442622950819672,0.1588333333333333,118.0,0.1694915254237288,0.1494915254237288
4168,20260729,700,0.2957142857142857,0.6171428571428571,0.144763948497854,0.0649511321915519,5.0,0.6,169.0,0.9171597633136096,0.1359523809523809,104.0,0.6538461538461539,0.1485576923076923,128.0,0.640625,0.131171875,111.0,0.4504504504504504,0.1401801801801802,106.0,0.490566037735849,0.1561320754716981,82.0,0.3048780487804878,0.1707317073170731
4169,20260810,666,0.087087087087087,0.3363363363363363,0.1815915915915915,0.0745629197280239,5.0,0.2,99.0,0.6262626262626263,0.1735353535353535,110.0,0.3545454545454545,0.178,112.0,0.4285714285714285,0.1660714285714286,121.0,0.3140495867768595,0.1726446280991735,117.0,0.2136752136752136,0.192051282051282,107.0,0.1121495327102803,0.2076635514018691
4171,20260810,917,0.2388222464558342,0.6303162486368593,0.1791712104689204,0.0638800856563599,5.0,1.0,200.0,0.915,0.15585,142.0,0.7464788732394366,0.1683802816901408,149.0,0.6845637583892618,0.178255033557047,148.0,0.6013513513513513,0.1762837837837838,133.0,0.4135338345864661,0.1889473684210526,145.0,0.296551724137931,0.2168275862068965
4172,20260727,883,0.2208380520951302,0.6579841449603624,0.1545340909090909,0.0620759155579309,5.0,0.8,195.0,0.9282051282051282,0.1335567010309278,150.0,0.68,0.1429333333333333,145.0,0.6551724137931034,0.1479166666666666,135.0,0.6370370370370371,0.1531111111111111,135.0,0.562962962962963,0.1662686567164179,123.0,0.3333333333333333,0.1982926829268292
4173,20260810,786,0.1157760814249363,0.4834605597964376,0.18,0.0524866358111806,5.0,0.8,115.0,0.7391304347826086,0.1732173913043478,151.0,0.6026490066225165,0.1867333333333333,136.0,0.5367647058823529,0.1805882352941176,132.0,0.3863636363636363,0.1836363636363636,150.0,0.4,0.1825503355704698,102.0,0.196078431372549,0.1685294117647059
4174,20260810,924,0.2510822510822511,0.6569264069264069,0.1498373101952277,0.0601973939927981,5.0,0.6,217.0,0.8847926267281107,0.1413425925925926,159.0,0.7169811320754716,0.1488679245283019,175.0,0.7085714285714285,0.1447428571428571,186.0,0.5645161290322581,0.1568279569892473,144.0,0.4513888888888889,0.1589510489510489,43.0,0.1627906976744186,0.1562790697674418
4175,20260809,661,0.1603630862329803,0.5355521936459909,0.1500455927051671,0.0620287538998083,5.0,0.4,118.0,0.8135593220338984,0.1380508474576271,94.0,0.574468085106383,0.1520212765957447,122.0,0.5983606557377049,0.1530833333333333,128.0,0.5625,0.1408661417322834,116.0,0.3793103448275862,0.1477586206896551,83.0,0.180722891566265,0.1777108433734939
4176,20260727,453,0.0728476821192053,0.3134657836644591,0.1606637168141592,0.0747118488925709,5.0,0.4,53.0,0.5849056603773585,0.1713207547169811,84.0,0.4047619047619047,0.1725,88.0,0.2840909090909091,0.1445454545454545,82.0,0.2439024390243902,0.1626829268292683,100.0,0.24,0.1633333333333333,46.0,0.1739130434782608,0.1482608695652174
4177,20260808,585,0.1487179487179487,0.4393162393162393,0.1639554794520548,0.0686908256230053,5.0,0.2,92.0,0.7717391304347826,0.1551086956521739,94.0,0.425531914893617,0.1669148936170212,100.0,0.52,0.1524242424242424,99.0,0.494949494949495,0.1432323232323232,98.0,0.3673469387755102,0.1631632653061224,102.0,0.088235294117647,0.2012745098039216
4179,20260729,779,0.1373555840821566,0.5378690629011553,0.1578433889602054,0.0615730557814946,5.0,0.8,138.0,0.855072463768116,0.1520289855072464,135.0,0.562962962962963,0.1593333333333333,139.0,0.5611510791366906,0.1389928057553957,132.0,0.5,0.1561363636363636,133.0,0.4135338345864661,0.1609022556390977,102.0,0.2549019607843137,0.1876470588235294
4180,20260810,700,0.1242857142857142,0.4471428571428571,0.1746494992846924,0.0616532962421111,5.0,0.6,103.0,0.7669902912621359,0.1751456310679611,114.0,0.5263157894736842,0.1698245614035087,129.0,0.5426356589147286,0.1702325581395349,108.0,0.4722222222222222,0.1728971962616822,134.0,0.2761194029850746,0.1734328358208955,112.0,0.1428571428571428,0.1873214285714285
4181,20260809,717,0.0920502092050209,0.3737796373779637,0.188228730822873,0.067782679316069,5.0,0.2,101.0,0.7029702970297029,0.158019801980198,132.0,0.5075757575757576,0.175,138.0,0.4202898550724637,0.1710869565217391,144.0,0.3055555555555556,0.1932638888888889,141.0,0.1347517730496454,0.2063829787234042,61.0,0.1475409836065573,0.2518032786885246
4182,20260805,771,0.1141374837872892,0.4228274967574578,0.1676264591439688,0.0702169735359381,5.0,0.6,122.0,0.7459016393442623,0.1522950819672131,138.0,0.4927536231884058,0.1550724637681159,136.0,0.4705882352941176,0.1434558823529411,133.0,0.3684210526315789,0.1760150375939849,131.0,0.2442748091603053,0.1809160305343511,111.0,0.1981981981981982,0.2039639639639639
4183,20260612,852,0.278169014084507,0.5363849765258216,0.1321269095182138,0.0566313484600558,5.0,0.2,174.0,0.8563218390804598,0.1304597701149425,141.0,0.6524822695035462,0.1389285714285714,145.0,0.5103448275862069,0.135103448275862,140.0,0.5285714285714286,0.1174285714285714,120.0,0.325,0.1299166666666666,132.0,0.2196969696969697,0.1414393939393939
4184,20260727,729,0.2839506172839506,0.6954732510288066,0.1642482758620689,0.0676493526267653,5.0,0.6,157.0,0.9426751592356688,0.1635897435897436,118.0,0.7372881355932204,0.1668376068376068,104.0,0.6826923076923077,0.1631067961165048,139.0,0.6258992805755396,0.1574820143884892,116.0,0.646551724137931,0.1663478260869565,95.0,0.4105263157894737,0.1707368421052632
4186,20260808,448,0.0602678571428571,0.2857142857142857,0.1694407158836688,0.0714966274602514,5.0,0.2,68.0,0.5882352941176471,0.1480882352941176,82.0,0.3780487804878049,0.1812195121951219,81.0,0.3333333333333333,0.1502469135802469,76.0,0.2236842105263158,0.1702631578947368,86.0,0.0930232558139534,0.1734883720930232,55.0,0.0909090909090909,0.1996296296296296
4188,20260808,843,0.3629893238434163,0.7615658362989324,0.13075,0.0619507052498386,5.0,1.0,197.0,0.9593908629441624,0.1200507614213197,143.0,0.7482517482517482,0.1402797202797202,150.0,0.8,0.1354054054054054,147.0,0.7414965986394558,0.1304081632653061,137.0,0.6131386861313869,0.1285401459854014,69.0,0.4782608695652174,0.1367647058823529
4189,20260810,1034,0.2379110251450677,0.6150870406189555,0.1609090909090909,0.062237032506601,5.0,0.4,230.0,0.8956521739130435,0.1577826086956522,184.0,0.6086956521739131,0.1555434782608695,196.0,0.6275510204081632,0.1621428571428571,189.0,0.5873015873015873,0.155026455026455,158.0,0.3734177215189873,0.165759493670886,77.0,0.3246753246753247,0.1844155844155844
4190,20260810,668,0.2739520958083832,0.6422155688622755,0.1512425149700599,0.0604581895486068,5.0,0.4,144.0,0.8888888888888888,0.1530555555555555,115.0,0.6608695652173913,0.1490434782608695,107.0,0.6822429906542056,0.1474766355140187,106.0,0.6226415094339622,0.1533018867924528,105.0,0.4952380952380952,0.1395238095238095,91.0,0.3736263736263736,0.1667032967032967
4191,20260728,802,0.2369077306733167,0.614713216957606,0.1607990012484394,0.0627032389815532,5.0,0.6,153.0,0.915032679738562,0.1501307189542483,152.0,0.625,0.1614473684210526,136.0,0.6838235294117647,0.156985294117647,133.0,0.5488721804511278,0.1657894736842105,120.0,0.4583333333333333,0.1598333333333333,108.0,0.3425925925925926,0.1748598130841121
4193,20260810,851,0.2350176263219741,0.6098707403055229,0.1550177514792899,0.0585942293110304,5.0,0.6,167.0,0.9221556886227544,0.137125748502994,155.0,0.7290322580645161,0.1508441558441558,139.0,0.6690647482014388,0.1512408759124087,157.0,0.6050955414012739,0.1503846153846154,130.0,0.3153846153846154,0.1743410852713178,103.0,0.2233009708737864,0.1783333333333333
4195,20260809,649,0.1371340523882896,0.4761171032357473,0.1464451313755796,0.0607656430291132,5.0,0.6,111.0,0.7747747747747747,0.152,120.0,0.55,0.1468067226890756,95.0,0.5473684210526316,0.1390526315789473,102.0,0.3823529411764705,0.1511764705882353,114.0,0.3771929824561403,0.1364035087719298,107.0,0.2149532710280373,0.1530841121495327
4196,20260808,685,0.1094890510948905,0.3824817518248175,0.1748533724340176,0.0721662642978208,5.0,0.2,93.0,0.7096774193548387,0.1695652173913043,129.0,0.4418604651162791,0.1775193798449612,115.0,0.4434782608695652,0.1721929824561403,116.0,0.4137931034482758,0.165603448275862,134.0,0.208955223880597,0.1720149253731343,98.0,0.1224489795918367,0.1944329896907216
4197,20260809,748,0.0842245989304812,0.3275401069518716,0.1912566844919786,0.0693207949734087,5.0,0.2,109.0,0.6422018348623854,0.1899082568807339,139.0,0.4460431654676259,0.1887769784172661,153.0,0.2941176470588235,0.1876470588235294,132.0,0.2348484848484848,0.1908333333333333,127.0,0.2125984251968504,0.1774015748031496,88.0,0.1136363636363636,0.2237499999999999
4199,20260803,952,0.2436974789915966,0.6565126050420168,0.1401050420168067,0.0596945084938804,5.0,1.0,209.0,0.9282296650717704,0.1233971291866028,257.0,0.5992217898832685,0.1514785992217898,235.0,0.625531914893617,0.141063829787234,218.0,0.5275229357798165,0.1372935779816513,30.0,0.4333333333333333,0.1709999999999999,3.0,0.6666666666666666,0.15
4200,20260802,778,0.0848329048843187,0.3727506426735218,0.1759511568123393,0.0759138510512944,5.0,0.6,106.0,0.660377358490566,0.1756603773584905,140.0,0.4071428571428571,0.1759285714285714,141.0,0.3971631205673759,0.1698581560283688,149.0,0.3087248322147651,0.1808724832214765,139.0,0.2661870503597122,0.179568345323741,103.0,0.233009708737864,0.172621359223301
4201,20260803,648,0.1311728395061728,0.4351851851851852,0.1569135802469136,0.0691351686478882,5.0,0.4,96.0,0.625,0.1744791666666666,121.0,0.4958677685950413,0.1628099173553719,109.0,0.5045871559633027,0.1511009174311926,105.0,0.3142857142857143,0.1442857142857143,120.0,0.4166666666666667,0.1565,97.0,0.2474226804123711,0.1528865979381443
4202,20260810,804,0.1019900497512437,0.4104477611940298,0.1893781094527363,0.0699670236356087,5.0,0.4,117.0,0.7606837606837606,0.1546153846153846,134.0,0.5,0.1826119402985074,159.0,0.4150943396226415,0.1896226415094339,128.0,0.3828125,0.195390625,155.0,0.2709677419354839,0.1973548387096774,111.0,0.1531531531531531,0.2157657657657657
4203,20260809,606,0.1072607260726072,0.3696369636963696,0.1557590759075907,0.0550307568529283,5.0,0.4,92.0,0.6739130434782609,0.1307608695652173,109.0,0.4311926605504587,0.1723853211009174,105.0,0.4380952380952381,0.1602857142857143,112.0,0.3303571428571428,0.1424107142857143,99.0,0.2525252525252525,0.1585858585858586,89.0,0.0786516853932584,0.1695505617977528
4204,20260810,590,0.1220338983050847,0.411864406779661,0.205358361774744,0.0963955759966137,5.0,0.6,81.0,0.691358024691358,0.1750617283950617,99.0,0.6464646464646465,0.1862886597938144,93.0,0.4086021505376344,0.206195652173913,99.0,0.3535353535353535,0.2034343434343434,111.0,0.2522522522522522,0.2109009009009009,107.0,0.205607476635514,0.2412264150943396
4205,20260802,802,0.3204488778054863,0.7206982543640897,0.1201747815230961,0.0581613358426343,5.0,0.4,184.0,0.9510869565217392,0.1096195652173913,164.0,0.7682926829268293,0.1245731707317073,144.0,0.7083333333333334,0.1131468531468531,138.0,0.6304347826086957,0.1119565217391304,108.0,0.5833333333333334,0.1315740740740741,64.0,0.390625,0.1534375
4207,20260801,710,0.2704225352112676,0.6183098591549295,0.130042492917847,0.0566023193602361,5.0,0.8,144.0,0.8819444444444444,0.1227272727272727,121.0,0.6942148760330579,0.1270833333333333,123.0,0.7317073170731707,0.13130081300813,108.0,0.6203703703703703,0.1337962962962963,107.0,0.3831775700934579,0.1269523809523809,107.0,0.2803738317757009,0.1409345794392523
4208,20260810,876,0.3184931506849315,0.7271689497716894,0.158157894736842,0.0615023041979309,5.0,0.6,211.0,0.9383886255924172,0.157867298578199,144.0,0.7152777777777778,0.1655244755244755,130.0,0.6615384615384615,0.1613076923076923,143.0,0.7272727272727273,0.1485314685314685,135.0,0.6444444444444445,0.1575373134328358,113.0,0.5221238938053098,0.1586725663716814
4209,20260801,861,0.1300813008130081,0.5551684088269454,0.164357476635514,0.0564987657229083,5.0,1.0,153.0,0.7843137254901961,0.1669078947368421,151.0,0.6291390728476821,0.1676158940397351,149.0,0.6308724832214765,0.1573469387755102,137.0,0.5182481751824818,0.1635294117647058,156.0,0.4294871794871794,0.1571612903225806,115.0,0.2695652173913043,0.1763478260869565
4210,20260809,855,0.1532163742690058,0.6081871345029239,0.1732825322391559,0.0650043637252002,5.0,0.2,170.0,0.8411764705882353,0.1551479289940828,136.0,0.6764705882352942,0.1854814814814814,132.0,0.6363636363636364,0.1682575757575757,168.0,0.5476190476190477,0.176547619047619,139.0,0.4820143884892086,0.1698561151079136,110.0,0.3818181818181818,0.1915454545454545
4211,20260809,677,0.0753323485967503,0.3426883308714918,0.149674074074074,0.0634271620317504,5.0,0.2,94.0,0.6702127659574468,0.1636170212765957,107.0,0.4299065420560747,0.1636448598130841,133.0,0.4060150375939849,0.1368181818181818,106.0,0.320754716981132,0.1396226415094339,115.0,0.208695652173913,0.1340869565217391,122.0,0.0901639344262295,0.1641322314049586
4213,20260810,684,0.1169590643274853,0.3947368421052631,0.17099560761347,0.0710074232279565,5.0,0.2,73.0,0.7123287671232876,0.1732876712328767,86.0,0.4186046511627907,0.1795348837209302,89.0,0.4719101123595505,0.17,91.0,0.3736263736263736,0.179010989010989,128.0,0.3359375,0.1644094488188976,217.0,0.2903225806451613,0.167741935483871
4214,20260810,753,0.1792828685258964,0.5697211155378487,0.1542666666666666,0.0570630839996889,5.0,0.2,150.0,0.86,0.1462,109.0,0.6146788990825688,0.1681481481481481,126.0,0.5079365079365079,0.1432,138.0,0.6014492753623188,0.1476811594202898,120.0,0.375,0.1601680672268907,110.0,0.3727272727272727,0.1660909090909091
4215,20260808,922,0.2006507592190889,0.5629067245119306,0.1634201954397394,0.0692359918479641,5.0,0.6,173.0,0.838150289017341,0.1414450867052023,143.0,0.5874125874125874,0.1699295774647887,156.0,0.6089743589743589,0.1490384615384615,154.0,0.5194805194805194,0.1561688311688311,159.0,0.490566037735849,0.1732704402515723,137.0,0.2700729927007299,0.1975182481751824
4216,20260808,843,0.1530249110320284,0.5219454329774614,0.1519477434679334,0.0632474845360171,5.0,0.6,147.0,0.9047619047619048,0.1284353741496598,137.0,0.6131386861313869,0.1538235294117647,143.0,0.5734265734265734,0.1465734265734266,141.0,0.4539007092198581,0.1567375886524822,144.0,0.3263888888888889,0.1565277777777777,131.0,0.2290076335877862,0.17206106870229
4218,20260808,996,0.2479919678714859,0.6957831325301205,0.158504016064257,0.0593714650939773,5.0,0.8,221.0,0.9547511312217196,0.1386877828054298,187.0,0.7005347593582888,0.1601069518716577,198.0,0.7171717171717171,0.1491414141414141,195.0,0.6,0.1654871794871795,159.0,0.5031446540880503,0.1749056603773585,36.0,0.3333333333333333,0.2130555555555555
4219,20260809,722,0.0346260387811634,0.3254847645429363,0.1857697642163661,0.0633813478697065,5.0,0.4,91.0,0.5164835164835165,0.1765934065934066,129.0,0.4341085271317829,0.174140625,132.0,0.3712121212121212,0.1806818181818182,131.0,0.3358778625954198,0.1803816793893129,138.0,0.1884057971014492,0.191159420289855,101.0,0.1287128712871287,0.215049504950495
4220,20260810,644,0.1723602484472049,0.4860248447204969,0.165404984423676,0.0659786700174677,5.0,0.8,101.0,0.8415841584158416,0.1596039603960396,104.0,0.5192307692307693,0.169326923076923,122.0,0.5,0.1695867768595041,113.0,0.4247787610619469,0.1538938053097345,120.0,0.375,0.1642016806722689,84.0,0.238095238095238,0.1786904761904761
4222,20240709,249,0.1244979919678714,0.4738955823293173,0.1720481927710843,0.0762171760065975,5.0,0.6,36.0,0.8333333333333334,0.1822222222222222,44.0,0.6136363636363636,0.1872727272727272,46.0,0.5217391304347826,0.1706521739130434,34.0,0.3823529411764705,0.163235294117647,51.0,0.2549019607843137,0.1719607843137255,38.0,0.2894736842105263,0.1544736842105263
4224,20260810,681,0.1527165932452276,0.4566813509544787,0.1974558823529411,0.0719119015396269,5.0,0.0,100.0,0.81,0.1791,120.0,0.5583333333333333,0.2067226890756302,121.0,0.4876033057851239,0.1967768595041322,122.0,0.4098360655737705,0.1918852459016393,124.0,0.282258064516129,0.199516129032258,94.0,0.202127659574468,0.2106382978723404
4225,20260810,585,0.1931623931623931,0.6547008547008547,0.1629572649572649,0.0676085253768387,5.0,0.4,116.0,0.8620689655172413,0.165603448275862,101.0,0.7326732673267327,0.1554455445544554,96.0,0.6458333333333334,0.1714583333333333,99.0,0.6161616161616161,0.16,90.0,0.5333333333333333,0.1628888888888889,83.0,0.4578313253012048,0.1621686746987952
4226,20260809,672,0.1041666666666666,0.3645833333333333,0.1583134328358209,0.0644354840953624,5.0,0.0,97.0,0.711340206185567,0.175578947368421,117.0,0.4102564102564102,0.172991452991453,121.0,0.3801652892561983,0.1529752066115702,103.0,0.3106796116504854,0.1585436893203883,128.0,0.265625,0.15125,106.0,0.1509433962264151,0.1410377358490566
4227,20260728,796,0.2374371859296482,0.614321608040201,0.1550943396226415,0.0679980384893592,5.0,0.6,160.0,0.91875,0.148875,131.0,0.6564885496183206,0.1647328244274809,134.0,0.6044776119402985,0.1423134328358209,141.0,0.5460992907801419,0.1570921985815602,132.0,0.5075757575757576,0.1551515151515151,98.0,0.3163265306122449,0.1670103092783505
4228,20260805,834,0.2278177458033573,0.5815347721822542,0.1694837935174069,0.0599367216462133,5.0,1.0,162.0,0.8703703703703703,0.1732098765432098,122.0,0.5983606557377049,0.1812295081967213,143.0,0.6503496503496503,0.1746153846153846,141.0,0.5673758865248227,0.1482142857142857,139.0,0.4388489208633093,0.1626618705035971,127.0,0.2913385826771653,0.1785826771653543
4229,20260804,585,0.0735042735042735,0.3846153846153846,0.1863184931506849,0.0660762422886598,5.0,0.4,81.0,0.7654320987654321,0.1593827160493827,107.0,0.4859813084112149,0.1914018691588785,107.0,0.3738317757009345,0.1838317757009346,89.0,0.3146067415730337,0.1830337078651685,108.0,0.2407407407407407,0.1920560747663551,93.0,0.1827956989247312,0.2033333333333333
4230,20260808,737,0.32157394843962,0.6580732700135685,0.144945652173913,0.0636587990657042,5.0,0.2,163.0,0.9263803680981596,0.1387116564417178,106.0,0.6886792452830188,0.1482075471698113,111.0,0.6936936936936937,0.123,121.0,0.5702479338842975,0.1502479338842975,115.0,0.5739130434782609,0.1545217391304347,121.0,0.4049586776859504,0.1560330578512396
4231,20260809,886,0.172686230248307,0.5158013544018059,0.1720316027088036,0.0584018065670758,5.0,0.0,139.0,0.8201438848920863,0.1557553956834532,152.0,0.5921052631578947,0.1665131578947368,168.0,0.5595238095238095,0.1766666666666666,147.0,0.4625850340136054,0.1745578231292517,159.0,0.3647798742138364,0.1811949685534591,121.0,0.2727272727272727,0.1761157024793388
4232,20260810,543,0.1104972375690607,0.3664825046040516,0.1817527675276752,0.0794263899609575,5.0,0.6,68.0,0.6029411764705882,0.1748529411764705,99.0,0.3838383838383838,0.1868686868686868,94.0,0.3936170212765957,0.1945744680851063,93.0,0.3870967741935484,0.1717204301075268,104.0,0.3461538461538461,0.1754368932038835,85.0,0.1294117647058823,0.1857647058823529
4233,20260809,862,0.1809744779582366,0.6102088167053364,0.1660046457607433,0.0651600012460791,5.0,0.8,158.0,0.9177215189873418,0.1584177215189873,142.0,0.7464788732394366,0.1440140845070422,141.0,0.6666666666666666,0.1548226950354609,152.0,0.5263157894736842,0.1631578947368421,151.0,0.4304635761589404,0.1804666666666666,118.0,0.3050847457627119,0.2012711864406779
4234,20260809,636,0.10062893081761,0.4386792452830189,0.1757255520504732,0.0722237611972512,5.0,0.4,89.0,0.8426966292134831,0.1484269662921348,109.0,0.5137614678899083,0.1828440366972477,102.0,0.5392156862745098,0.1572549019607843,115.0,0.3739130434782609,0.1672173913043478,122.0,0.3278688524590163,0.1771900826446281,99.0,0.101010101010101,0.22
4236,20260808,888,0.375,0.7601351351351351,0.1191328828828828,0.0487597567023356,5.0,1.0,232.0,0.9655172413793104,0.1205603448275862,135.0,0.7481481481481481,0.1225185185185185,120.0,0.7833333333333333,0.1225833333333333,154.0,0.7402597402597403,0.1121428571428571,151.0,0.6622516556291391,0.1167549668874172,96.0,0.4375,0.1215625
4237,20260810,836,0.2882775119617224,0.7165071770334929,0.1625450180072029,0.0682257090336108,5.0,0.8,191.0,0.9319371727748692,0.162,138.0,0.7536231884057971,0.1678102189781022,132.0,0.6590909090909091,0.1719847328244275,156.0,0.75,0.1503205128205128,138.0,0.5652173913043478,0.1558695652173913,81.0,0.4320987654320987,0.1745679012345679
4238,20260731,666,0.3603603603603603,0.7057057057057057,0.1345195195195195,0.0618350057597367,5.0,1.0,172.0,0.9476744186046512,0.1127325581395348,119.0,0.6974789915966386,0.1448739495798319,114.0,0.7280701754385965,0.1440350877192982,110.0,0.6,0.1377272727272727,98.0,0.5612244897959183,0.1371428571428571,53.0,0.3773584905660377,0.15
4239,20260809,810,0.2938271604938272,0.6518518518518519,0.1505816831683168,0.0683995488168968,5.0,0.6,184.0,0.9293478260869564,0.1371195652173913,139.0,0.7553956834532374,0.1284782608695652,119.0,0.7647058823529411,0.1534745762711864,120.0,0.5666666666666667,0.15225,131.0,0.4351145038167939,0.1570229007633587,117.0,0.3076923076923077,0.1859829059829059
4240,20260805,736,0.2377717391304347,0.592391304347826,0.1524048913043478,0.0593653406604166,5.0,0.8,157.0,0.8726114649681529,0.1517197452229299,128.0,0.6875,0.155,124.0,0.5806451612903226,0.1442741935483871,113.0,0.5663716814159292,0.1428318584070796,104.0,0.4423076923076923,0.1585576923076923,110.0,0.2636363636363636,0.1635454545454545
4241,20260810,772,0.1295336787564766,0.538860103626943,0.1668051948051948,0.0702494699265557,5.0,0.4,126.0,0.873015873015873,0.1534920634920634,131.0,0.5038167938931297,0.1763076923076923,147.0,0.6326530612244898,0.1488356164383561,122.0,0.4918032786885246,0.1672131147540983,135.0,0.3481481481481481,0.168074074074074,111.0,0.3603603603603603,0.1924324324324324
4243,20260810,734,0.1798365122615803,0.5504087193460491,0.1630653950953678,0.0715115400172174,5.0,0.6,129.0,0.7751937984496124,0.1580620155038759,128.0,0.703125,0.169609375,135.0,0.562962962962963,0.1564444444444444,119.0,0.5042016806722689,0.1660504201680672,127.0,0.4409448818897638,0.1524409448818897,96.0,0.2291666666666666,0.1807291666666667
4244,20260730,564,0.1241134751773049,0.3794326241134751,0.1443872113676731,0.0548801954967843,5.0,0.2,86.0,0.813953488372093,0.1338372093023255,104.0,0.4326923076923077,0.1563461538461538,100.0,0.46,0.1295,89.0,0.2921348314606741,0.1298863636363636,106.0,0.2075471698113207,0.1536792452830188,79.0,0.0632911392405063,0.1626582278481012
4245,20260810,704,0.0909090909090909,0.4417613636363636,0.1810968660968661,0.0689858919999006,5.0,0.2,104.0,0.7115384615384616,0.165,127.0,0.4566929133858268,0.1956692913385826,129.0,0.4728682170542636,0.174921875,109.0,0.4954128440366973,0.1813888888888888,124.0,0.3225806451612903,0.184758064516129,111.0,0.2162162162162162,0.1822522522522522
4246,20260802,666,0.0615615615615615,0.3933933933933934,0.1805112781954887,0.060636054256604,5.0,0.4,97.0,0.6907216494845361,0.1749484536082474,118.0,0.5338983050847458,0.1864406779661017,122.0,0.3934426229508196,0.1797540983606557,119.0,0.3865546218487395,0.1788135593220339,117.0,0.2393162393162393,0.1823076923076923,93.0,0.1075268817204301,0.1796774193548387
4247,20260810,705,0.1134751773049645,0.4638297872340425,0.1633948863636363,0.0686019710241344,5.0,0.6,109.0,0.6697247706422018,0.1771296296296296,127.0,0.5354330708661418,0.1685826771653543,125.0,0.608,0.1524799999999999,123.0,0.4308943089430894,0.1564227642276422,125.0,0.288,0.15056,96.0,0.21875,0.1809375
4248,20260810,611,0.0785597381342062,0.3698854337152209,0.1694599018003273,0.076221335118998,5.0,0.2,78.0,0.7692307692307693,0.1324358974358974,105.0,0.4380952380952381,0.1558095238095238,123.0,0.3821138211382114,0.1598373983739837,109.0,0.2660550458715596,0.1806422018348624,119.0,0.2521008403361344,0.1807563025210084,77.0,0.1818181818181818,0.2076623376623376
4251,20260728,787,0.1041931385006353,0.4053367217280813,0.2042058449809403,0.0709634071200091,5.0,0.4,110.0,0.7272727272727273,0.1914545454545454,143.0,0.5524475524475524,0.2093006993006993,148.0,0.3716216216216216,0.191554054054054,114.0,0.3596491228070175,0.2022807017543859,136.0,0.2867647058823529,0.2043382352941176,136.0,0.1838235294117647,0.2244117647058823
4252,20260810,658,0.1109422492401215,0.4209726443768997,0.1739817629179331,0.0715138920034122,5.0,0.6,88.0,0.7045454545454546,0.1634090909090909,116.0,0.4655172413793103,0.1825862068965517,108.0,0.4814814814814814,0.1753703703703703,127.0,0.4173228346456692,0.1764566929133858,110.0,0.3454545454545454,0.1552727272727272,109.0,0.1651376146788991,0.1879816513761467
4253,20260805,806,0.0930521091811414,0.3660049627791563,0.1785572139303482,0.0626044040238631,5.0,0.2,109.0,0.7889908256880734,0.1609174311926605,152.0,0.4671052631578947,0.1777631578947368,145.0,0.3655172413793103,0.1709722222222222,147.0,0.3265306122448979,0.1753741496598639,162.0,0.1975308641975308,0.1912345679012345,91.0,0.0549450549450549,0.1957777777777778
4254,20260805,775,0.2012903225806451,0.5651612903225807,0.1369041450777202,0.0581482483924364,5.0,0.4,147.0,0.8707482993197279,0.1192465753424657,123.0,0.7479674796747967,0.1375609756097561,140.0,0.5285714285714286,0.1385714285714285,133.0,0.5488721804511278,0.1249624060150376,126.0,0.3571428571428571,0.14568,106.0,0.2452830188679245,0.1631428571428571
4256,20260810,913,0.2880613362541073,0.7349397590361446,0.1315005476451259,0.0497578390982403,5.0,0.4,212.0,0.929245283018868,0.1216981132075471,143.0,0.7482517482517482,0.1375524475524475,155.0,0.7096774193548387,0.1258709677419354,143.0,0.7202797202797203,0.1305594405594405,133.0,0.6842105263157895,0.1384962406015037,127.0,0.4960629921259842,0.1416535433070866
4257,20260801,638,0.1394984326018808,0.45141065830721,0.1528257456828885,0.0606287523918698,5.0,0.6,102.0,0.7745098039215687,0.1500980392156863,105.0,0.580952380952381,0.1395238095238095,107.0,0.3831775700934579,0.1587850467289719,96.0,0.4791666666666667,0.1523157894736842,115.0,0.3826086956521739,0.1498260869565217,113.0,0.1504424778761062,0.1654867256637168
4258,20260810,764,0.1151832460732984,0.4921465968586387,0.1786649214659685,0.0691367699417476,5.0,0.4,121.0,0.8181818181818182,0.1407438016528925,141.0,0.6028368794326241,0.1819858156028369,134.0,0.5522388059701493,0.1627611940298507,119.0,0.4369747899159664,0.186890756302521,134.0,0.2835820895522388,0.202910447761194,115.0,0.2434782608695652,0.1962608695652174
4259,20260810,885,0.1830508474576271,0.5559322033898305,0.1500680272108843,0.053341792679113,5.0,0.2,171.0,0.8947368421052632,0.1324561403508772,156.0,0.6089743589743589,0.1476774193548387,157.0,0.5923566878980892,0.144140127388535,143.0,0.4685314685314685,0.1577464788732394,142.0,0.4014084507042254,0.1595774647887324,116.0,0.2327586206896551,0.1663478260869565
4260,20260810,833,0.2028811524609844,0.56062424969988,0.1688822115384615,0.0678450976838008,5.0,0.6,151.0,0.8874172185430463,0.15,136.0,0.5441176470588235,0.1736764705882353,130.0,0.5769230769230769,0.1768992248062015,154.0,0.564935064935065,0.1653246753246753,127.0,0.4330708661417323,0.1678740157480314,135.0,0.3111111111111111,0.1825185185185185
4261,20260810,848,0.2617924528301887,0.6261792452830188,0.1534123222748815,0.0562237038255061,5.0,0.6,175.0,0.8971428571428571,0.1404624277456647,128.0,0.6875,0.1572440944881889,138.0,0.6521739130434783,0.1537956204379562,143.0,0.5944055944055944,0.1568531468531468,128.0,0.4921875,0.151875,136.0,0.3529411764705882,0.16375
4262,20260810,899,0.3125695216907675,0.6651835372636262,0.1327951002227171,0.055664484669291,5.0,0.6,207.0,0.8985507246376812,0.1183574879227053,139.0,0.7050359712230215,0.1230935251798561,155.0,0.7096774193548387,0.1261688311688311,151.0,0.5960264900662252,0.1443046357615894,133.0,0.5112781954887218,0.1422556390977443,114.0,0.4035087719298245,0.1535087719298245
4263,20260808,771,0.1945525291828793,0.562905317769131,0.1710951760104302,0.0681118036717197,5.0,0.8,149.0,0.8926174496644296,0.1520805369127516,128.0,0.7109375,0.1729365079365079,123.0,0.6585365853658537,0.1627868852459016,127.0,0.4724409448818897,0.1580314960629921,117.0,0.4017094017094017,0.1824786324786325,127.0,0.1732283464566929,0.2023809523809523
4264,20260801,974,0.2494866529774127,0.6919917864476386,0.1599383983572895,0.0552964412107725,5.0,0.6,220.0,0.9090909090909092,0.1489090909090909,153.0,0.6601307189542484,0.1563398692810457,166.0,0.7289156626506024,0.163433734939759,167.0,0.6646706586826348,0.1591616766467066,142.0,0.6338028169014085,0.1519718309859155,126.0,0.4047619047619047,0.1889682539682539
4266,20260810,875,0.2548571428571428,0.64,0.1437571592210767,0.0567149230323428,5.0,0.2,192.0,0.9270833333333334,0.12796875,139.0,0.6115107913669064,0.1406474820143884,149.0,0.7181208053691275,0.1353378378378378,151.0,0.4966887417218543,0.1525827814569536,140.0,0.5428571428571428,0.1531654676258992,104.0,0.375,0.1636538461538461
4268,20260520,546,0.0512820512820512,0.2893772893772894,0.1630952380952381,0.0676078577647354,5.0,0.4,66.0,0.5606060606060606,0.1512121212121212,96.0,0.3645833333333333,0.1557291666666666,109.0,0.3302752293577982,0.1499082568807339,94.0,0.2765957446808511,0.1612765957446808,94.0,0.1808510638297872,0.1587234042553191,87.0,0.0804597701149425,0.2034482758620689
4269,20260808,903,0.2890365448504983,0.6976744186046512,0.1494235033259423,0.0563810702232825,5.0,0.6,208.0,0.9471153846153846,0.1477884615384615,151.0,0.6688741721854304,0.1533774834437086,155.0,0.6774193548387096,0.1487662337662337,146.0,0.7465753424657534,0.1487671232876712,151.0,0.5298013245033113,0.1466887417218542,92.0,0.4130434782608695,0.1532608695652174
4270,20260810,663,0.1025641025641025,0.3906485671191553,0.1783257918552036,0.0800060483098169,5.0,0.6,93.0,0.8279569892473119,0.1483870967741935,126.0,0.4365079365079365,0.1713492063492063,118.0,0.4152542372881356,0.1686440677966101,112.0,0.3303571428571428,0.1915178571428571,111.0,0.2432432432432432,0.194054054054054,103.0,0.1359223300970873,0.1936893203883495
4271,20260801,725,0.0868965517241379,0.4055172413793103,0.1629501385041551,0.0632435406683473,5.0,0.2,99.0,0.7070707070707071,0.1542424242424242,134.0,0.4850746268656716,0.1683458646616541,122.0,0.4426229508196721,0.1451239669421487,140.0,0.4285714285714285,0.1561428571428571,138.0,0.2536231884057971,0.1704379562043795,92.0,0.108695652173913,0.1871739130434782
4272,20260810,795,0.10062893081761,0.4792452830188679,0.1578490566037735,0.0588572720566692,5.0,0.6,108.0,0.8055555555555556,0.1361111111111111,138.0,0.6884057971014492,0.152536231884058,136.0,0.5147058823529411,0.1500735294117647,136.0,0.3970588235294117,0.1711029411764706,149.0,0.3154362416107382,0.1633557046979865,128.0,0.21875,0.1696875
4273,20260802,769,0.1404421326397919,0.4954486345903771,0.1801692708333333,0.0653444199789468,5.0,0.4,118.0,0.7627118644067796,0.1700847457627118,135.0,0.5777777777777777,0.1837037037037037,124.0,0.6129032258064516,0.1668548387096774,139.0,0.4532374100719424,0.1897841726618705,135.0,0.3185185185185185,0.1862686567164179,118.0,0.2627118644067797,0.1819491525423728
4274,20260809,673,0.1144130757800891,0.413075780089153,0.1579880774962742,0.0643896473315958,5.0,0.4,101.0,0.7425742574257426,0.1416831683168317,116.0,0.4224137931034483,0.1589655172413793,121.0,0.4132231404958678,0.1541322314049587,125.0,0.4,0.1620967741935484,108.0,0.3518518518518518,0.1635514018691588,102.0,0.1568627450980392,0.1667647058823529
4275,20260805,538,0.0408921933085501,0.3029739776951672,0.2080223880597015,0.0760143315648594,5.0,0.2,81.0,0.4444444444444444,0.2281481481481481,99.0,0.4343434343434343,0.204040404040404,104.0,0.3173076923076923,0.2092307692307692,86.0,0.3488372093023256,0.1743529411764706,100.0,0.16,0.2017171717171717,68.0,0.0735294117647058,0.2392647058823529
4276,20260810,756,0.3187830687830688,0.6084656084656085,0.1464550264550264,0.0707321824078254,5.0,0.6,159.0,0.8553459119496856,0.1560377358490565,126.0,0.626984126984127,0.1469047619047619,124.0,0.6209677419354839,0.1483870967741935,145.0,0.6413793103448275,0.1249655172413793,129.0,0.4573643410852713,0.1505426356589147,73.0,0.2191780821917808,0.156986301369863
4277,20260810,642,0.1744548286604361,0.4127725856697819,0.15946875,0.0717941869056089,5.0,0.6,89.0,0.7752808988764045,0.1437078651685393,111.0,0.4054054054054054,0.182072072072072,112.0,0.4553571428571428,0.1705405405405405,121.0,0.3884297520661157,0.1619008264462809,106.0,0.3490566037735849,0.1547169811320755,103.0,0.1553398058252427,0.1386274509803921
4278,20260810,927,0.3052858683926645,0.6893203883495146,0.1257775377969762,0.0544220584485134,5.0,0.6,211.0,0.90521327014218,0.1111374407582938,152.0,0.7697368421052632,0.1322368421052631,160.0,0.69375,0.1148125,150.0,0.7066666666666667,0.1273333333333333,156.0,0.4679487179487179,0.136258064516129,98.0,0.4183673469387755,0.1462244897959183
4281,20260731,712,0.1306179775280899,0.4803370786516854,0.1606751054852321,0.0643574313687774,5.0,0.6,108.0,0.8240740740740741,0.1426168224299065,125.0,0.528,0.1571999999999999,125.0,0.52,0.15408,139.0,0.4964028776978417,0.1625179856115108,118.0,0.3220338983050847,0.1711016949152542,97.0,0.1546391752577319,0.1782474226804123
4282,20230929,73,0.0684931506849315,0.2054794520547945,0.187945205479452,0.0855114973301409,5.0,0.2,8.0,0.25,0.1825,15.0,0.1333333333333333,0.1619999999999999,16.0,0.25,0.20875,15.0,0.2666666666666666,0.1473333333333333,11.0,0.2727272727272727,0.1981818181818182,8.0,0.0,0.2625
4283,20260724,459,0.0588235294117647,0.3703703703703703,0.178714596949891,0.0768545809051169,5.0,0.4,69.0,0.5652173913043478,0.161159420289855,92.0,0.5543478260869565,0.1776086956521739,78.0,0.3461538461538461,0.1667948717948718,81.0,0.3580246913580246,0.1946913580246913,79.0,0.1265822784810126,0.190759493670886,60.0,0.2333333333333333,0.1786666666666666
4285,20231021,86,0.0581395348837209,0.2558139534883721,0.1725581395348837,0.072867928417703,5.0,0.2,12.0,0.6666666666666666,0.1441666666666666,12.0,0.3333333333333333,0.1283333333333333,15.0,0.2666666666666666,0.1746666666666666,14.0,0.2857142857142857,0.18,20.0,0.1,0.183,13.0,0.0,0.213076923076923
4286,20260808,934,0.1788008565310492,0.569593147751606,0.1570770877944325,0.0574020014878985,5.0,0.6,179.0,0.8547486033519553,0.1552513966480447,162.0,0.6481481481481481,0.1599382716049382,166.0,0.6024096385542169,0.1498192771084337,157.0,0.5859872611464968,0.1536942675159235,149.0,0.3355704697986577,0.1530872483221476,121.0,0.2644628099173554,0.1752066115702479
4287,20260810,920,0.2782608695652174,0.6554347826086957,0.1491739130434782,0.056182661857407,5.0,0.6,208.0,0.9423076923076924,0.1370673076923076,140.0,0.6928571428571428,0.1505,133.0,0.5789473684210527,0.1568421052631579,161.0,0.6273291925465838,0.1466459627329192,147.0,0.4625850340136054,0.1592517006802721,131.0,0.4885496183206106,0.1509923664122137
4288,20260810,947,0.3474128827877508,0.737064413938754,0.1287817796610169,0.0549161441504976,5.0,1.0,239.0,0.9456066945606696,0.1248535564853556,156.0,0.7564102564102564,0.1315384615384615,147.0,0.6802721088435374,0.1418367346938775,151.0,0.7880794701986755,0.1239735099337748,138.0,0.5434782608695652,0.1195588235294117,116.0,0.5172413793103449,0.1337391304347826
4289,20260810,779,0.2336328626444159,0.5969191270860077,0.1402187902187902,0.0616406199713635,5.0,0.8,159.0,0.9245283018867924,0.1361006289308176,129.0,0.689922480620155,0.1451937984496124,138.0,0.6594202898550725,0.1318840579710145,133.0,0.5112781954887218,0.1445864661654135,121.0,0.371900826446281,0.1391596638655462,99.0,0.2525252525252525,0.1473737373737373
4290,20260810,839,0.2753277711561382,0.6376638855780691,0.1255743651753325,0.0585743791416345,5.0,0.4,188.0,0.9148936170212766,0.1236021505376344,129.0,0.6976744186046512,0.1207086614173228,129.0,0.6124031007751938,0.137109375,145.0,0.6068965517241379,0.1186619718309859,131.0,0.4732824427480916,0.125546875,117.0,0.376068376068376,0.1298275862068965
4292,20260809,833,0.2593037214885954,0.6602641056422569,0.1395421686746988,0.0612247097932914,5.0,0.8,182.0,0.8681318681318682,0.1533149171270718,129.0,0.6511627906976745,0.1475193798449612,140.0,0.6571428571428571,0.1324460431654676,136.0,0.7279411764705882,0.1349264705882353,131.0,0.5343511450381679,0.1251538461538461,115.0,0.408695652173913,0.1392173913043478
4293,20260810,744,0.157258064516129,0.5013440860215054,0.1677016129032258,0.0587134667703606,5.0,0.2,129.0,0.875968992248062,0.1596124031007751,117.0,0.5555555555555556,0.1704273504273504,125.0,0.536,0.16776,118.0,0.3728813559322034,0.1699999999999999,124.0,0.4435483870967742,0.165,131.0,0.2213740458015267,0.1736641221374046
4294,20260810,811,0.2737361282367447,0.6633785450061652,0.1472242874845105,0.0613962126223467,5.0,0.8,166.0,0.9156626506024096,0.146,135.0,0.7407407407407407,0.1609629629629629,142.0,0.647887323943662,0.1458571428571428,140.0,0.6428571428571429,0.1321582733812949,132.0,0.4696969696969697,0.1487878787878788,96.0,0.4375,0.1516666666666666
4295,20260810,940,0.2787234042553191,0.7159574468085106,0.1435106382978723,0.0619953232074208,5.0,0.8,208.0,0.9615384615384616,0.1387499999999999,144.0,0.8333333333333334,0.1491666666666666,155.0,0.7419354838709677,0.1318709677419355,140.0,0.6285714285714286,0.139,158.0,0.5506329113924051,0.1510759493670886,135.0,0.4666666666666667,0.154
4296,20260808,729,0.2812071330589849,0.654320987654321,0.1304539202200825,0.0577018639050068,5.0,0.8,168.0,0.9345238095238096,0.1176785714285714,116.0,0.5862068965517241,0.1339130434782608,121.0,0.5867768595041323,0.1399173553719008,139.0,0.6690647482014388,0.128695652173913,116.0,0.5086206896551724,0.1278448275862069,69.0,0.4202898550724637,0.1471014492753623
4297,20260805,781,0.3047375160051216,0.6133162612035852,0.1069408740359897,0.0486596606128569,5.0,1.0,154.0,0.9155844155844156,0.1199346405228758,115.0,0.6608695652173913,0.1190434782608695,155.0,0.5548387096774193,0.1107792207792207,128.0,0.59375,0.09390625,130.0,0.4923076923076923,0.0990697674418604,99.0,0.3636363636363636,0.0939393939393939
4298,20260810,842,0.1638954869358669,0.6128266033254157,0.1634244946492271,0.0561692009772153,5.0,0.6,165.0,0.8666666666666667,0.1558787878787878,143.0,0.6713286713286714,0.1509154929577464,127.0,0.6377952755905512,0.1521259842519685,170.0,0.5647058823529412,0.1725882352941176,130.0,0.4538461538461538,0.1686923076923077,107.0,0.3831775700934579,0.1841121495327102
4299,20260809,621,0.0772946859903381,0.391304347826087,0.1483333333333333,0.0690010005712047,5.0,0.2,78.0,0.717948717948718,0.1374358974358974,108.0,0.5,0.1514814814814814,118.0,0.3898305084745763,0.1412068965517241,106.0,0.3962264150943396,0.1411320754716981,118.0,0.2796610169491525,0.1491525423728813,93.0,0.1290322580645161,0.1701086956521739
4300,20260805,616,0.1185064935064935,0.4594155844155844,0.1821915584415584,0.0773940561589847,5.0,0.6,96.0,0.8229166666666666,0.1641666666666666,109.0,0.5412844036697247,0.1862385321100917,111.0,0.4864864864864865,0.1786486486486486,95.0,0.3684210526315789,0.1818947368421052,107.0,0.3177570093457944,0.1786915887850467,98.0,0.2244897959183673,0.203469387755102
4301,20260806,537,0.1284916201117318,0.4487895716945996,0.1711028037383177,0.0743677317446843,5.0,0.2,82.0,0.902439024390244,0.1671951219512195,93.0,0.4516129032258064,0.1604301075268817,113.0,0.4424778761061947,0.1809821428571428,128.0,0.328125,0.1673228346456693,93.0,0.3118279569892473,0.1753763440860214,28.0,0.1428571428571428,0.1814285714285714
4302,20260804,872,0.2568807339449541,0.6422018348623854,0.1468771526980482,0.0609408236739206,5.0,0.8,205.0,0.8878048780487805,0.148,179.0,0.664804469273743,0.1443016759776536,179.0,0.6312849162011173,0.1486592178770949,154.0,0.5714285714285714,0.1448051948051948,141.0,0.3971631205673759,0.1467857142857143,14.0,0.1428571428571428,0.1642857142857143
4303,20260803,738,0.1395663956639566,0.4932249322493225,0.1806929347826087,0.0621637323846931,5.0,0.2,117.0,0.8547008547008547,0.1631623931623931,128.0,0.6484375,0.1811718749999999,118.0,0.4576271186440678,0.1711111111111111,137.0,0.5036496350364964,0.1653284671532846,129.0,0.2713178294573643,0.191328125,109.0,0.2110091743119266,0.2160550458715596
4304,20250330,95,0.2631578947368421,0.6210526315789474,0.1337894736842105,0.0697692278325808,5.0,0.6,15.0,0.8,0.1533333333333333,21.0,0.6666666666666666,0.1271428571428571,13.0,0.6923076923076923,0.1453846153846154,20.0,0.75,0.1275,14.0,0.5,0.1364285714285714,12.0,0.1666666666666666,0.1158333333333333
4305,20260809,708,0.3064971751412429,0.713276836158192,0.1481497175141242,0.0617091333004164,5.0,0.8,163.0,0.9447852760736196,0.1413496932515337,110.0,0.7727272727272727,0.144,118.0,0.6779661016949152,0.1423728813559322,113.0,0.6637168141592921,0.1592035398230088,91.0,0.5604395604395604,0.1439560439560439,113.0,0.5309734513274337,0.1603539823008849
4306,20260805,654,0.1299694189602446,0.5,0.1905061349693251,0.071379193230001,5.0,0.0,110.0,0.7272727272727273,0.1987272727272727,107.0,0.5327102803738317,0.202803738317757,111.0,0.6396396396396397,0.1781081081081081,130.0,0.4923076923076923,0.1878294573643411,107.0,0.3738317757009345,0.1833644859813084,89.0,0.1685393258426966,0.1935227272727273
4308,20260801,837,0.2747909199522103,0.6929510155316607,0.156901913875598,0.0528797041064426,5.0,0.8,202.0,0.905940594059406,0.1473762376237623,127.0,0.7007874015748031,0.1577777777777777,138.0,0.7318840579710145,0.1440579710144927,124.0,0.6935483870967742,0.1508064516129032,140.0,0.5142857142857142,0.1750714285714285,106.0,0.4622641509433962,0.1738679245283018
4311,20260809,844,0.2701421800947867,0.6883886255924171,0.1514691943127962,0.0666974689815526,5.0,0.8,191.0,0.900523560209424,0.1470680628272251,133.0,0.7669172932330827,0.1385714285714285,147.0,0.6802721088435374,0.1505442176870748,133.0,0.5939849624060151,0.1453383458646616,119.0,0.5546218487394958,0.156890756302521,121.0,0.512396694214876,0.1751239669421487
4313,20260810,397,0.234256926952141,0.5692695214105793,0.1473047858942065,0.0642573564755523,5.0,0.2,71.0,0.9295774647887324,0.1452112676056338,70.0,0.6,0.1541428571428571,64.0,0.609375,0.138125,63.0,0.5238095238095238,0.1326984126984126,59.0,0.4406779661016949,0.1391525423728813,70.0,0.2857142857142857,0.1709999999999999
4314,20260808,721,0.2080443828016643,0.5617198335644937,0.1440138888888889,0.0653059026291641,5.0,0.4,124.0,0.8629032258064516,0.1559677419354838,116.0,0.5775862068965517,0.1507826086956521,122.0,0.6721311475409836,0.1404918032786885,119.0,0.5882352941176471,0.1273109243697479,124.0,0.4032258064516129,0.1345967741935484,116.0,0.25,0.1554310344827586
4315,20260810,760,0.1447368421052631,0.4671052631578947,0.1742499999999999,0.0641684922273919,5.0,0.4,121.0,0.7024793388429752,0.1752892561983471,122.0,0.5081967213114754,0.1857377049180328,143.0,0.5244755244755245,0.1642657342657343,138.0,0.4492753623188406,0.1627536231884058,123.0,0.4227642276422764,0.1695121951219512,113.0,0.168141592920354,0.1925663716814159
4316,20231227,73,0.0547945205479452,0.1917808219178082,0.1698611111111111,0.0690509686060384,5.0,0.4,12.0,0.4166666666666667,0.16,9.0,0.4444444444444444,0.1422222222222222,10.0,0.4,0.162,11.0,0.0909090909090909,0.215,11.0,0.0,0.1472727272727272,20.0,0.0,0.182
4317,20260726,605,0.1008264462809917,0.4033057851239669,0.1678311258278145,0.0732099717137984,5.0,1.0,83.0,0.7108433734939759,0.1554216867469879,111.0,0.5315315315315315,0.1768468468468468,107.0,0.4579439252336448,0.1629906542056075,108.0,0.3611111111111111,0.1759259259259259,117.0,0.2393162393162393,0.1664102564102564,79.0,0.1265822784810126,0.1657692307692307
4318,20260727,852,0.1619718309859155,0.5645539906103286,0.1556,0.0567403166136016,5.0,0.6,163.0,0.7791411042944786,0.155679012345679,139.0,0.6546762589928058,0.1546376811594202,152.0,0.5394736842105263,0.1500657894736842,143.0,0.5244755244755245,0.1564335664335664,124.0,0.4838709677419355,0.1554838709677419,131.0,0.3511450381679389,0.1621374045801527
4319,20260810,895,0.1743016759776536,0.5564245810055866,0.1731731843575419,0.0640355012955525,5.0,0.6,145.0,0.8620689655172413,0.1584827586206896,152.0,0.6644736842105263,0.1661184210526315,164.0,0.5487804878048781,0.1589024390243902,149.0,0.5771812080536913,0.1702684563758389,167.0,0.4011976047904191,0.1826347305389221,118.0,0.2457627118644068,0.2104237288135593
4320,20260810,717,0.3542538354253835,0.7754532775453278,0.1243654114365411,0.0494888272220084,5.0,1.0,177.0,0.9491525423728814,0.1204519774011299,130.0,0.8076923076923077,0.1337692307692307,115.0,0.7478260869565218,0.1207826086956521,129.0,0.7674418604651163,0.1248837209302325,98.0,0.6632653061224489,0.1246938775510204,68.0,0.4852941176470588,0.1211764705882353
4323,20260810,712,0.1657303370786516,0.5126404494382022,0.1579577464788732,0.0677478624203545,5.0,0.6,116.0,0.7931034482758621,0.1429310344827586,116.0,0.5775862068965517,0.1549137931034482,113.0,0.4690265486725664,0.1561061946902655,121.0,0.6115702479338843,0.1521008403361344,130.0,0.3461538461538461,0.1592307692307692,116.0,0.293103448275862,0.1824137931034482
4324,20260802,954,0.3144654088050314,0.7075471698113207,0.1404088050314465,0.0583125800103282,5.0,0.8,228.0,0.9517543859649122,0.1217543859649122,187.0,0.732620320855615,0.1349732620320855,197.0,0.700507614213198,0.1491370558375634,156.0,0.5064102564102564,0.1450641025641025,143.0,0.6223776223776224,0.1578321678321678,43.0,0.3488372093023256,0.1481395348837209
4325,20260729,701,0.1255349500713266,0.4607703281027104,0.1439914163090128,0.058916831715287,5.0,0.4,119.0,0.7058823529411765,0.145126050420168,117.0,0.5811965811965812,0.1476923076923077,120.0,0.3916666666666666,0.1399159663865546,118.0,0.4576271186440678,0.1401694915254237,115.0,0.3739130434782609,0.1482608695652174,112.0,0.2410714285714285,0.1428828828828828
4327,20260810,760,0.0763157894736842,0.356578947368421,0.1957915567282322,0.0770316306375813,5.0,0.4,112.0,0.6875,0.1882142857142857,132.0,0.4242424242424242,0.1968181818181818,145.0,0.4137931034482758,0.1821527777777777,128.0,0.3125,0.19484375,144.0,0.2152777777777778,0.1997902097902097,99.0,0.0707070707070707,0.2182828282828282
4329,20260808,648,0.0941358024691358,0.4521604938271605,0.1744598765432099,0.0763177543214952,5.0,0.0,95.0,0.7894736842105263,0.1372631578947368,106.0,0.5754716981132075,0.1683018867924528,107.0,0.3738317757009345,0.1632710280373831,129.0,0.4883720930232558,0.1667441860465116,109.0,0.3119266055045872,0.1811926605504587,102.0,0.196078431372549,0.2298039215686274
4330,20260804,699,0.2560801144492131,0.6037195994277539,0.1246991404011461,0.053271037781423,5.0,0.4,145.0,0.8689655172413793,0.1267361111111111,108.0,0.6666666666666666,0.115,131.0,0.6870229007633588,0.1233587786259542,113.0,0.5929203539823009,0.1348672566371681,103.0,0.4368932038834951,0.1225242718446602,99.0,0.2222222222222222,0.1247474747474747
4331,20260810,771,0.2049286640726329,0.562905317769131,0.1494293125810635,0.066220447952458,5.0,0.4,134.0,0.9029850746268656,0.1275373134328358,137.0,0.6423357664233577,0.1318978102189781,129.0,0.6046511627906976,0.1330232558139535,149.0,0.5100671140939598,0.1565100671140939,138.0,0.3478260869565217,0.1659420289855072,84.0,0.2738095238095238,0.1984523809523809
4332,20260720,527,0.0759013282732447,0.413662239089184,0.1833079847908745,0.0794879538242321,5.0,0.4,75.0,0.6533333333333333,0.1704,83.0,0.4939759036144578,0.1778048780487804,99.0,0.4646464646464646,0.1723232323232323,92.0,0.4456521739130434,0.1982608695652174,91.0,0.2637362637362637,0.1829670329670329,87.0,0.1954022988505747,0.1966666666666666
4333,20240929,238,0.0546218487394958,0.2521008403361344,0.1829831932773109,0.0753808797272786,5.0,0.2,35.0,0.6,0.1442857142857143,39.0,0.3076923076923077,0.1848717948717948,36.0,0.3611111111111111,0.1827777777777778,43.0,0.1627906976744186,0.1741860465116279,47.0,0.0851063829787234,0.1919148936170212,38.0,0.0789473684210526,0.2157894736842105
4335,20260809,812,0.2967980295566502,0.6958128078817734,0.1213669950738916,0.0486945672649239,5.0,0.8,190.0,0.9473684210526316,0.1176842105263157,119.0,0.7478991596638656,0.1218487394957983,138.0,0.7246376811594203,0.1268840579710145,131.0,0.6412213740458015,0.1106106870229007,120.0,0.5416666666666666,0.1185833333333333,114.0,0.4122807017543859,0.1356140350877193
4336,20260728,802,0.1683291770573566,0.5224438902743143,0.1493890274314214,0.0578091345654277,5.0,0.6,137.0,0.8613138686131386,0.1510948905109489,138.0,0.6594202898550725,0.1430434782608695,141.0,0.6028368794326241,0.1356028368794326,126.0,0.4841269841269841,0.1525396825396825,140.0,0.2714285714285714,0.1604285714285714,120.0,0.2166666666666666,0.15475
4337,20260802,869,0.240506329113924,0.6386651323360184,0.1315322580645161,0.0540977747778498,5.0,0.6,189.0,0.9153439153439152,0.1253723404255319,130.0,0.5923076923076923,0.1391538461538461,149.0,0.6644295302013423,0.130738255033557,137.0,0.583941605839416,0.121970802919708,154.0,0.538961038961039,0.1355194805194805,110.0,0.3909090909090909,0.1404545454545454
4339,20260810,657,0.0669710806697108,0.3287671232876712,0.1828963414634146,0.0711544283199713,5.0,0.6,92.0,0.6304347826086957,0.1525,114.0,0.4385964912280701,0.1814912280701754,115.0,0.2956521739130435,0.1777391304347826,121.0,0.3388429752066115,0.1696694214876033,119.0,0.1428571428571428,0.1939830508474576,96.0,0.1666666666666666,0.2229166666666666
4340,20260805,368,0.1195652173913043,0.3967391304347826,0.1859128065395095,0.0754472443183288,5.0,0.2,53.0,0.7924528301886793,0.1677358490566038,53.0,0.5094339622641509,0.1859615384615384,61.0,0.4098360655737705,0.1799999999999999,67.0,0.373134328358209,0.1859701492537313,63.0,0.1904761904761904,0.18,71.0,0.2112676056338028,0.2097183098591549
4342,20260727,821,0.2813641900121802,0.6845310596833131,0.1394390243902439,0.062094950417412,5.0,0.8,154.0,0.9155844155844156,0.1322077922077922,139.0,0.6834532374100719,0.138273381294964,125.0,0.752,0.12976,141.0,0.6879432624113475,0.132127659574468,140.0,0.5642857142857143,0.1477857142857143,122.0,0.4590163934426229,0.1588429752066115
4343,20260810,694,0.0619596541786743,0.3501440922190201,0.1781700288184438,0.0634976676668884,5.0,0.2,92.0,0.5978260869565217,0.1690217391304347,127.0,0.4015748031496063,0.1807086614173228,132.0,0.3636363636363636,0.1671212121212121,107.0,0.2897196261682243,0.1795327102803738,150.0,0.3133333333333333,0.1770666666666666,86.0,0.127906976744186,0.2013953488372093
4344,20260802,789,0.3105196451204056,0.7110266159695817,0.1384283903675538,0.06140157666793,5.0,0.6,179.0,0.9608938547486032,0.1193296089385474,125.0,0.704,0.13824,140.0,0.6428571428571429,0.1279285714285714,139.0,0.7410071942446043,0.1441726618705036,126.0,0.6349206349206349,0.1545238095238095,80.0,0.35,0.1645
4345,20260810,742,0.1819407008086253,0.5134770889487871,0.1583805668016194,0.0664590899312994,5.0,0.6,140.0,0.7857142857142857,0.1535714285714285,117.0,0.5982905982905983,0.1594017094017094,128.0,0.5546875,0.155,119.0,0.4705882352941176,0.1494957983193277,122.0,0.3934426229508196,0.1600826446280991,116.0,0.2241379310344827,0.1742241379310345
4346,20260808,701,0.1440798858773181,0.4136947218259629,0.1660801144492131,0.0690592778234171,5.0,0.4,96.0,0.7708333333333334,0.1495833333333333,124.0,0.4596774193548387,0.1904838709677419,117.0,0.4444444444444444,0.1583620689655172,108.0,0.4259259259259259,0.1637037037037037,139.0,0.302158273381295,0.1623913043478261,117.0,0.1623931623931624,0.1679487179487179
4347,20260810,670,0.2074626865671641,0.655223880597015,0.1620926756352765,0.0599111231891015,5.0,0.2,154.0,0.8571428571428571,0.1468831168831169,108.0,0.7592592592592593,0.1786915887850467,108.0,0.6851851851851852,0.164537037037037,117.0,0.5811965811965812,0.1765811965811966,99.0,0.5050505050505051,0.1613131313131313,84.0,0.3928571428571428,0.1464285714285714
4348,20260809,847,0.1936245572609209,0.6328217237308147,0.1651303317535545,0.0574031810418969,5.0,0.6,168.0,0.9047619047619048,0.1544047619047619,131.0,0.6946564885496184,0.1636153846153846,143.0,0.6643356643356644,0.1544755244755244,158.0,0.620253164556962,0.1681012658227848,125.0,0.528,0.1721774193548387,122.0,0.2786885245901639,0.1831404958677686
4349,20260719,604,0.1109271523178807,0.4801324503311258,0.1546268656716417,0.0694827017710154,5.0,0.4,93.0,0.8494623655913979,0.1602150537634408,106.0,0.5754716981132075,0.171047619047619,100.0,0.53,0.157,99.0,0.4141414141414141,0.1607070707070707,105.0,0.3047619047619048,0.147047619047619,101.0,0.2376237623762376,0.131980198019802
4350,20260809,876,0.2796803652968037,0.6472602739726028,0.1319014891179839,0.0513466257622053,5.0,0.8,205.0,0.9121951219512195,0.1188725490196078,129.0,0.7054263565891473,0.12578125,145.0,0.6758620689655173,0.1406896551724138,161.0,0.6211180124223602,0.1428571428571428,132.0,0.4166666666666667,0.1265909090909091,104.0,0.3461538461538461,0.1426213592233009
4351,20260729,823,0.2952612393681652,0.7047387606318347,0.1356341463414634,0.0650587937092704,5.0,1.0,195.0,0.917948717948718,0.1329896907216494,118.0,0.7542372881355932,0.143728813559322,130.0,0.7384615384615385,0.1383076923076923,126.0,0.6587301587301587,0.1262698412698412,126.0,0.5793650793650794,0.1362903225806451,128.0,0.46875,0.138046875
4352,20260810,707,0.272984441301273,0.6888260254596889,0.1384441301272984,0.0584148038717244,5.0,1.0,159.0,0.9245283018867924,0.1349056603773585,103.0,0.7572815533980582,0.1412621359223301,114.0,0.7280701754385965,0.1314035087719298,113.0,0.6106194690265486,0.1350442477876106,100.0,0.59,0.1386,118.0,0.4322033898305085,0.1506779661016949
4355,20260429,631,0.0554675118858954,0.2567353407290015,0.1923930269413629,0.0778136924192755,5.0,0.0,78.0,0.6025641025641025,0.1464102564102564,115.0,0.2782608695652174,0.1920869565217391,107.0,0.2803738317757009,0.1926168224299065,114.0,0.2280701754385964,0.1984210526315789,114.0,0.1491228070175438,0.1922807017543859,103.0,0.0970873786407767,0.2207766990291262
4356,20260805,789,0.2306717363751584,0.6615969581749049,0.1589326556543837,0.0635072300834422,5.0,0.6,162.0,0.9074074074074074,0.1495031055900621,129.0,0.751937984496124,0.15234375,145.0,0.696551724137931,0.16,150.0,0.62,0.1625333333333333,145.0,0.4758620689655172,0.1642068965517241,58.0,0.2586206896551724,0.1744827586206896
4357,20260810,843,0.2787663107947805,0.7069988137603797,0.1769157769869513,0.0693075479600181,5.0,0.6,209.0,0.8851674641148325,0.1646411483253588,143.0,0.6783216783216783,0.1862937062937062,151.0,0.6423841059602649,0.1733112582781457,139.0,0.7482014388489209,0.1776258992805755,126.0,0.6507936507936508,0.1858730158730158,75.0,0.4133333333333333,0.1841333333333333
4358,20260808,668,0.0868263473053892,0.3772455089820359,0.2094910179640718,0.068224125911944,5.0,0.4,90.0,0.6666666666666666,0.1775555555555555,133.0,0.5037593984962406,0.203984962406015,124.0,0.5,0.1967741935483871,118.0,0.2542372881355932,0.23,120.0,0.2166666666666666,0.22525,83.0,0.0843373493975903,0.22
4359,20260712,742,0.1388140161725067,0.5161725067385444,0.132527027027027,0.0594362531495612,5.0,0.8,116.0,0.8620689655172413,0.1347826086956521,139.0,0.5323741007194245,0.1384782608695652,123.0,0.5040650406504065,0.1265040650406504,127.0,0.5275590551181102,0.1284251968503937,124.0,0.4112903225806452,0.1243548387096774,113.0,0.2566371681415929,0.1430973451327434
4360,20260804,718,0.149025069637883,0.5,0.1775348189415041,0.0716045374988682,5.0,0.6,117.0,0.8205128205128205,0.163076923076923,121.0,0.5289256198347108,0.1843801652892562,134.0,0.5373134328358209,0.1807462686567164,132.0,0.4242424242424242,0.1822727272727272,117.0,0.3675213675213675,0.1721367521367521,97.0,0.2886597938144329,0.1820618556701031
4361,20260803,872,0.3165137614678899,0.6857798165137615,0.1465862068965517,0.0548284789922251,5.0,0.8,207.0,0.9420289855072465,0.1457971014492753,130.0,0.7076923076923077,0.148062015503876,134.0,0.6119402985074627,0.1422556390977443,146.0,0.726027397260274,0.1401369863013698,136.0,0.5735294117647058,0.15,119.0,0.3781512605042016,0.1552100840336134
4362,20260805,781,0.2483994878361075,0.6530089628681178,0.1331538461538461,0.0576288026551264,5.0,0.8,190.0,0.8789473684210526,0.122,148.0,0.722972972972973,0.1336486486486486,127.0,0.6141732283464567,0.1370866141732283,129.0,0.5736434108527132,0.130703125,120.0,0.55,0.1391666666666666,67.0,0.2686567164179104,0.1501492537313433
4363,20260810,889,0.170978627671541,0.5534308211473565,0.1607223476297968,0.0623119083720173,5.0,0.2,165.0,0.8909090909090909,0.1436969696969697,145.0,0.5793103448275863,0.1599310344827586,151.0,0.5761589403973509,0.1524161073825503,145.0,0.5172413793103449,0.1608333333333333,150.0,0.4066666666666667,0.1667333333333333,133.0,0.2857142857142857,0.1851127819548872
4364,20260810,881,0.3178206583427923,0.6730987514188422,0.1409194097616345,0.0525831623708422,5.0,0.8,208.0,0.9375,0.1373557692307692,142.0,0.7323943661971831,0.1338732394366197,137.0,0.6861313868613139,0.1375182481751825,138.0,0.6376811594202898,0.1417391304347826,140.0,0.4928571428571429,0.1415,116.0,0.3706896551724138,0.1582758620689655
4365,20260810,815,0.1815950920245398,0.5079754601226993,0.1828711656441717,0.0696695220122421,5.0,0.4,138.0,0.8405797101449275,0.1516666666666666,149.0,0.5771812080536913,0.1786577181208054,129.0,0.5891472868217055,0.1748837209302325,143.0,0.5384615384615384,0.1853846153846154,148.0,0.304054054054054,0.1891216216216216,108.0,0.1296296296296296,0.2262037037037037
4366,20260810,910,0.245054945054945,0.6681318681318681,0.1460198456449834,0.0622220978657961,5.0,0.6,181.0,0.9005524861878453,0.1494444444444444,149.0,0.738255033557047,0.1410738255033557,151.0,0.7152317880794702,0.1454304635761589,164.0,0.6219512195121951,0.1375925925925926,147.0,0.564625850340136,0.1410204081632653,118.0,0.3559322033898305,0.165593220338983
4367,20260810,637,0.0784929356357927,0.4317111459968603,0.2092295597484277,0.0838811161224296,5.0,0.8,82.0,0.7195121951219512,0.1803703703703703,110.0,0.4636363636363636,0.1949090909090909,114.0,0.5614035087719298,0.1893859649122807,122.0,0.3770491803278688,0.2218852459016393,115.0,0.3391304347826087,0.2205217391304347,94.0,0.1702127659574468,0.2446808510638297
4368,20260808,666,0.1006006006006006,0.3768768768768769,0.1841804511278195,0.0736255344095356,5.0,0.2,82.0,0.8048780487804879,0.1567901234567901,122.0,0.4016393442622951,0.181311475409836,127.0,0.4173228346456692,0.1677952755905511,114.0,0.3070175438596491,0.1950877192982456,119.0,0.2941176470588235,0.1829411764705882,102.0,0.1274509803921568,0.2190196078431372
4369,20260808,855,0.231578947368421,0.5906432748538012,0.1565029239766082,0.0633494323277302,5.0,0.8,161.0,0.8944099378881988,0.1450310559006211,133.0,0.6090225563909775,0.1730075187969925,154.0,0.6168831168831169,0.1522727272727272,144.0,0.5694444444444444,0.1550694444444444,144.0,0.4791666666666667,0.1528472222222222,119.0,0.2857142857142857,0.1652100840336134
4370,20260810,826,0.3075060532687651,0.6380145278450363,0.1553575757575757,0.0666871439625406,5.0,0.8,195.0,0.8564102564102564,0.1416923076923077,151.0,0.6754966887417219,0.1561589403973509,146.0,0.7054794520547946,0.1517808219178082,138.0,0.5217391304347826,0.15992700729927,107.0,0.514018691588785,0.1647663551401869,89.0,0.3146067415730337,0.1714606741573033
4371,20260802,808,0.2462871287128712,0.6274752475247525,0.133287841191067,0.055612841279606,5.0,0.4,178.0,0.9382022471910112,0.1182022471910112,134.0,0.6791044776119403,0.1353731343283582,145.0,0.6344827586206897,0.1324137931034482,139.0,0.5179856115107914,0.1245985401459854,126.0,0.5079365079365079,0.1386507936507936,86.0,0.2441860465116279,0.1687209302325581
4372,20260729,559,0.1878354203935599,0.5706618962432916,0.1672710951526032,0.0660021770033205,5.0,0.4,113.0,0.8849557522123894,0.167433628318584,85.0,0.6470588235294118,0.1798823529411765,97.0,0.5773195876288659,0.1804166666666666,92.0,0.5869565217391305,0.1656521739130435,76.0,0.3815789473684211,0.1473684210526316,96.0,0.2604166666666667,0.16
4373,20260810,734,0.1566757493188011,0.6239782016348774,0.1828649386084583,0.0786983432770095,5.0,0.4,151.0,0.8675496688741722,0.1662913907284768,117.0,0.7948717948717948,0.178034188034188,119.0,0.6302521008403361,0.1771428571428571,131.0,0.6412213740458015,0.1743511450381679,106.0,0.4056603773584906,0.1994339622641509,110.0,0.2909090909090909,0.2113761467889908
4374,20260810,702,0.1239316239316239,0.4259259259259259,0.1566333808844507,0.0554511361520438,5.0,0.2,103.0,0.7961165048543689,0.1442718446601941,120.0,0.5416666666666666,0.14325,130.0,0.3923076923076923,0.1613846153846153,117.0,0.4017094017094017,0.1562393162393162,125.0,0.264,0.1530399999999999,107.0,0.1962616822429906,0.1826415094339622
4375,20260810,850,0.2094117647058823,0.5952941176470589,0.1604004711425206,0.0663170796460576,5.0,0.6,171.0,0.8888888888888888,0.1604117647058823,129.0,0.627906976744186,0.1717829457364341,150.0,0.66,0.1522666666666666,137.0,0.5328467153284672,0.1468613138686131,141.0,0.4609929078014184,0.1547517730496453,122.0,0.2950819672131147,0.1800819672131147
4376,20260808,935,0.1946524064171123,0.5754010695187166,0.1563636363636363,0.0538827838888367,5.0,0.6,171.0,0.8830409356725146,0.1449122807017543,168.0,0.6607142857142857,0.1482142857142857,147.0,0.6326530612244898,0.1479591836734693,156.0,0.5961538461538461,0.1594230769230769,145.0,0.3793103448275862,0.1577931034482758,148.0,0.2364864864864864,0.1825675675675675
4377,20260803,848,0.2264150943396226,0.652122641509434,0.1605917159763313,0.0710921074524158,5.0,0.6,175.0,0.9085714285714286,0.1429310344827586,134.0,0.7238805970149254,0.1538805970149253,123.0,0.6422764227642277,0.1553658536585365,141.0,0.6666666666666666,0.1575,151.0,0.4834437086092715,0.1626,124.0,0.4112903225806452,0.1988709677419355
4379,20260810,868,0.195852534562212,0.6209677419354839,0.1611866359447004,0.0673364015483138,5.0,0.8,159.0,0.8867924528301887,0.1577987421383647,144.0,0.7083333333333334,0.164375,144.0,0.6944444444444444,0.1434027777777778,141.0,0.5177304964539007,0.1516312056737588,149.0,0.5033557046979866,0.1706040268456376,131.0,0.366412213740458,0.1809160305343511
4380,20260801,701,0.1255349500713266,0.4037089871611983,0.1662231759656652,0.0660128437729285,5.0,0.4,97.0,0.8247422680412371,0.1386458333333333,122.0,0.4426229508196721,0.1672950819672131,135.0,0.4444444444444444,0.1708888888888889,111.0,0.3783783783783784,0.1622522522522522,124.0,0.2177419354838709,0.1764227642276422,112.0,0.1785714285714285,0.1758035714285714
4381,20260810,788,0.1941624365482233,0.5647208121827412,0.1648730964467004,0.0682438084959085,5.0,1.0,144.0,0.8402777777777778,0.1763194444444444,130.0,0.5846153846153846,0.1668461538461538,138.0,0.6376811594202898,0.1706521739130435,118.0,0.635593220338983,0.1473728813559322,157.0,0.4076433121019108,0.1504458598726114,101.0,0.2079207920792079,0.180990099009901
4382,20260803,707,0.0763790664780763,0.4045261669024045,0.1630878186968838,0.0628869726151901,5.0,0.2,99.0,0.6767676767676768,0.1413131313131313,125.0,0.48,0.16304,127.0,0.3858267716535433,0.1576190476190476,140.0,0.4214285714285714,0.1677142857142857,139.0,0.2446043165467626,0.1663309352517985,77.0,0.2207792207792207,0.1858441558441558
4383,20260810,776,0.1623711340206185,0.5141752577319587,0.1703354838709677,0.0655312067909292,5.0,0.4,131.0,0.8549618320610687,0.146793893129771,133.0,0.5639097744360902,0.1766917293233082,129.0,0.5271317829457365,0.16546875,140.0,0.4928571428571429,0.1701428571428571,129.0,0.3410852713178294,0.1801550387596899,114.0,0.2719298245614035,0.1845614035087719
4384,20260805,855,0.2198830409356725,0.6502923976608187,0.1744262295081967,0.0668675930692844,5.0,0.2,186.0,0.9193548387096774,0.1439784946236559,134.0,0.7164179104477612,0.162781954887218,146.0,0.7054794520547946,0.1671917808219178,147.0,0.6394557823129252,0.184421768707483,130.0,0.5,0.1848461538461538,112.0,0.2410714285714285,0.2230357142857142
4385,20260712,403,0.0893300248138957,0.3250620347394541,0.2093532338308458,0.0699365711347048,5.0,0.2,58.0,0.5,0.1667241379310345,77.0,0.4545454545454545,0.2157894736842105,69.0,0.4057971014492754,0.2228985507246376,60.0,0.2833333333333333,0.2201666666666666,79.0,0.1645569620253164,0.2053164556962025,60.0,0.15,0.2213333333333333
4387,20260810,833,0.2845138055222089,0.687875150060024,0.1550540216086434,0.0567827156232471,5.0,0.8,197.0,0.9086294416243654,0.1549746192893401,129.0,0.7131782945736435,0.1665116279069767,134.0,0.6865671641791045,0.1477611940298507,153.0,0.6993464052287581,0.1454248366013072,116.0,0.5258620689655172,0.1505172413793103,104.0,0.4038461538461538,0.1696153846153846
4388,20260808,874,0.2345537757437071,0.6189931350114416,0.1613302752293578,0.0660575305343094,5.0,0.8,170.0,0.8294117647058824,0.1497041420118343,146.0,0.6232876712328768,0.1666438356164383,143.0,0.6713286713286714,0.1502797202797202,146.0,0.6232876712328768,0.1577241379310344,152.0,0.5197368421052632,0.1683552631578947,117.0,0.3675213675213675,0.1803418803418803
4389,20260805,724,0.1146408839779005,0.5400552486187845,0.1785082872928177,0.0574262552601092,5.0,0.8,115.0,0.782608695652174,0.1772173913043478,129.0,0.5348837209302325,0.1892248062015503,126.0,0.5952380952380952,0.1716666666666666,126.0,0.5714285714285714,0.1691269841269841,122.0,0.4590163934426229,0.1752459016393442,106.0,0.2735849056603773,0.1899056603773584
4390,20260806,654,0.0657492354740061,0.3486238532110092,0.1823853211009174,0.073057713551004,5.0,0.0,93.0,0.5161290322580645,0.1936559139784946,117.0,0.3846153846153846,0.197094017094017,117.0,0.3675213675213675,0.1819658119658119,116.0,0.3362068965517241,0.1716379310344827,128.0,0.3046875,0.164921875,83.0,0.1686746987951807,0.1915662650602409
4391,20260810,847,0.2845336481700118,0.654073199527745,0.160177304964539,0.0618439411314908,5.0,1.0,194.0,0.8762886597938144,0.1544329896907216,131.0,0.7633587786259542,0.1613740458015267,152.0,0.6578947368421053,0.1391447368421052,133.0,0.5789473684210527,0.1660902255639097,117.0,0.5555555555555556,0.1568376068376068,120.0,0.35,0.1917647058823529
4393,20260805,542,0.0719557195571955,0.3560885608856088,0.1900924214417745,0.0726103644512596,5.0,0.2,68.0,0.75,0.1545588235294117,97.0,0.4432989690721649,0.1805154639175258,106.0,0.3962264150943396,0.1729523809523809,91.0,0.2857142857142857,0.2015384615384615,98.0,0.2244897959183673,0.2028571428571428,82.0,0.1097560975609756,0.2248780487804877
4394,20260810,615,0.1528455284552845,0.5300813008130081,0.1521533442088091,0.0623513905079744,5.0,0.8,95.0,0.8105263157894737,0.1445744680851063,101.0,0.5544554455445545,0.1551485148514851,109.0,0.5963302752293578,0.1488073394495412,115.0,0.5217391304347826,0.1551304347826086,114.0,0.3859649122807017,0.1498230088495575,81.0,0.2962962962962963,0.1607407407407407
4395,20260728,765,0.1503267973856209,0.515032679738562,0.1669150326797385,0.0721320455570252,5.0,0.6,123.0,0.8130081300813008,0.1586178861788618,117.0,0.6495726495726496,0.159059829059829,150.0,0.5933333333333334,0.1656,134.0,0.4626865671641791,0.1666417910447761,134.0,0.3134328358208955,0.1511194029850746,107.0,0.2336448598130841,0.2070093457943925
4396,20260808,811,0.1159062885326757,0.5006165228113441,0.1876761433868974,0.0701140792969432,5.0,0.4,133.0,0.7969924812030075,0.1876515151515151,130.0,0.5615384615384615,0.1710077519379844,155.0,0.4967741935483871,0.1648387096774193,142.0,0.4788732394366197,0.1914788732394366,143.0,0.3496503496503496,0.1941958041958042,108.0,0.2962962962962963,0.2267592592592592
4397,20260808,966,0.2774327122153209,0.6894409937888198,0.1374223602484472,0.0524323647641463,5.0,0.6,213.0,0.9342723004694836,0.1368544600938967,167.0,0.7245508982035929,0.1291616766467065,180.0,0.7222222222222222,0.1353888888888889,146.0,0.636986301369863,0.1343835616438356,167.0,0.5329341317365269,0.1426347305389221,93.0,0.3655913978494624,0.1529032258064516
4398,20260810,905,0.2773480662983425,0.63646408839779,0.1405239687848383,0.0606601893096321,5.0,0.6,194.0,0.8917525773195877,0.12875,142.0,0.6690140845070423,0.1425714285714285,137.0,0.708029197080292,0.1305882352941176,158.0,0.5886075949367089,0.1344303797468354,151.0,0.5033112582781457,0.1433557046979865,123.0,0.3414634146341463,0.1722131147540983
4399,20250406,344,0.1598837209302325,0.5726744186046512,0.1775146198830409,0.0544989786615116,5.0,0.2,69.0,0.8260869565217391,0.1885507246376811,53.0,0.5471698113207547,0.1915384615384615,63.0,0.5238095238095238,0.1701587301587301,55.0,0.6181818181818182,0.1675925925925926,56.0,0.4285714285714285,0.1625,48.0,0.4166666666666667,0.1847916666666667
4400,20260802,594,0.0454545454545454,0.3552188552188552,0.192053872053872,0.0717399704518204,5.0,0.6,84.0,0.5952380952380952,0.1855952380952381,105.0,0.4095238095238095,0.2008571428571428,120.0,0.4333333333333333,0.1929166666666666,101.0,0.3366336633663366,0.185049504950495,101.0,0.1881188118811881,0.1841584158415841,83.0,0.1566265060240964,0.2043373493975903
4401,20260810,760,0.2289473684210526,0.5697368421052632,0.1488624338624338,0.0558084129782927,5.0,1.0,152.0,0.875,0.1327152317880794,128.0,0.640625,0.1545238095238095,128.0,0.6171875,0.15578125,121.0,0.5702479338842975,0.1512396694214876,120.0,0.3583333333333333,0.1468333333333333,111.0,0.2432432432432432,0.1560909090909091
4402,20260810,750,0.22,0.5893333333333334,0.1690763052208835,0.0722358795195508,5.0,0.4,154.0,0.8571428571428571,0.162077922077922,113.0,0.6106194690265486,0.1672321428571428,119.0,0.6638655462184874,0.1629411764705882,113.0,0.6106194690265486,0.1508035714285714,131.0,0.4732824427480916,0.1696946564885496,120.0,0.2583333333333333,0.2025210084033613
4403,20260810,777,0.2123552123552123,0.5855855855855856,0.1463015463917525,0.0612360381535472,5.0,0.4,146.0,0.8493150684931506,0.132945205479452,124.0,0.6774193548387096,0.1404838709677419,132.0,0.6136363636363636,0.1432575757575757,115.0,0.6260869565217392,0.1540869565217391,142.0,0.4718309859154929,0.1484507042253521,118.0,0.2288135593220339,0.1623076923076923
4404,20260727,641,0.0842433697347894,0.3510140405616224,0.19275,0.0672932017368768,5.0,0.2,85.0,0.6352941176470588,0.1869411764705882,110.0,0.4636363636363636,0.183,118.0,0.4152542372881356,0.1905982905982906,120.0,0.3,0.1905833333333333,111.0,0.2072072072072072,0.206036036036036,97.0,0.1237113402061855,0.1989690721649484
4405,20260809,622,0.085209003215434,0.3954983922829582,0.1638087520259319,0.0708543536924752,5.0,0.8,84.0,0.6309523809523809,0.1626506024096385,106.0,0.4528301886792453,0.1631132075471698,121.0,0.371900826446281,0.1684999999999999,104.0,0.4038461538461538,0.1613461538461538,119.0,0.3361344537815126,0.1542735042735042,88.0,0.2045454545454545,0.1750574712643678
4406,20260803,750,0.108,0.3986666666666666,0.1632042723631508,0.0592894029838342,5.0,0.4,90.0,0.7666666666666667,0.1501111111111111,133.0,0.4962406015037593,0.1768939393939394,127.0,0.4409448818897638,0.1579527559055118,138.0,0.3115942028985507,0.1672463768115942,141.0,0.3404255319148936,0.1540425531914893,121.0,0.140495867768595,0.1695867768595041
4407,20260727,813,0.1020910209102091,0.4723247232472324,0.1815498154981549,0.0661528219949802,5.0,0.4,130.0,0.8,0.1471538461538461,146.0,0.4863013698630137,0.1686986301369863,149.0,0.4697986577181208,0.1736912751677852,139.0,0.5035971223021583,0.1817266187050359,143.0,0.3426573426573426,0.2103496503496503,106.0,0.1886792452830188,0.2133962264150943
4408,20260805,221,0.0769230769230769,0.2714932126696832,0.1889090909090909,0.0712912777343184,5.0,0.0,28.0,0.6071428571428571,0.185,40.0,0.35,0.1649999999999999,39.0,0.358974358974359,0.1779487179487179,47.0,0.0638297872340425,0.2108695652173913,42.0,0.2619047619047619,0.1997619047619047,25.0,0.04,0.19
4409,20260810,893,0.2676371780515117,0.6461366181410975,0.1491479820627803,0.0536174841217978,5.0,0.4,189.0,0.9047619047619048,0.1534920634920635,148.0,0.7905405405405406,0.146554054054054,147.0,0.6462585034013606,0.1301360544217687,143.0,0.6153846153846154,0.1484507042253521,145.0,0.4827586206896552,0.153103448275862,121.0,0.2975206611570248,0.1647107438016529
4410,20260810,791,0.1630847029077117,0.4943109987357775,0.1643544303797468,0.0665917161333669,5.0,0.4,129.0,0.8217054263565892,0.1544961240310077,125.0,0.56,0.17304,145.0,0.5448275862068965,0.1633103448275862,144.0,0.4861111111111111,0.1499305555555555,134.0,0.291044776119403,0.1721052631578947,114.0,0.2368421052631578,0.1764912280701754
4411,20260809,876,0.1689497716894977,0.5273972602739726,0.1762628571428571,0.0685863755138179,5.0,0.4,148.0,0.8445945945945946,0.1731081081081081,143.0,0.5314685314685315,0.1876923076923076,132.0,0.6363636363636364,0.1774242424242424,151.0,0.4834437086092715,0.186092715231788,164.0,0.4512195121951219,0.1619512195121951,138.0,0.217391304347826,0.1729197080291971
4413,20260810,856,0.2266355140186916,0.6051401869158879,0.1645677570093458,0.0660522314395702,5.0,0.4,183.0,0.907103825136612,0.1595081967213114,148.0,0.7297297297297297,0.1703378378378378,138.0,0.5652173913043478,0.1677536231884057,144.0,0.4861111111111111,0.1721527777777777,133.0,0.4060150375939849,0.1635338345864661,110.0,0.3818181818181818,0.1525454545454545
4414,20260810,485,0.1010309278350515,0.3278350515463917,0.1810927835051546,0.0783189464344523,5.0,0.2,70.0,0.6,0.1711428571428571,90.0,0.3888888888888889,0.1734444444444444,102.0,0.392156862745098,0.1756862745098039,80.0,0.325,0.173,80.0,0.15,0.1962499999999999,63.0,0.0634920634920634,0.2028571428571428
4415,20260809,899,0.2847608453837597,0.6017797552836485,0.1416331096196868,0.061137755298935,5.0,0.6,176.0,0.9204545454545454,0.1274431818181818,143.0,0.5664335664335665,0.1283098591549295,146.0,0.6643835616438356,0.1539583333333333,139.0,0.60431654676259,0.1333333333333333,123.0,0.4634146341463415,0.1536585365853658,172.0,0.3488372093023256,0.1549707602339181
4416,20260809,693,0.1154401154401154,0.4848484848484848,0.179407514450867,0.0692867990425861,5.0,0.4,93.0,0.6666666666666666,0.1805376344086021,109.0,0.5871559633027523,0.1818348623853211,129.0,0.5736434108527132,0.1647286821705426,122.0,0.5,0.1731404958677685,119.0,0.4453781512605042,0.1794117647058823,121.0,0.1818181818181818,0.1982644628099173
4417,20260803,585,0.0871794871794871,0.4495726495726496,0.2012027491408934,0.0642209201925693,5.0,0.2,91.0,0.7362637362637363,0.1920879120879121,102.0,0.5686274509803921,0.2075490196078431,97.0,0.4948453608247423,0.2033333333333333,96.0,0.3333333333333333,0.1985263157894737,98.0,0.3877551020408163,0.1987755102040816,101.0,0.198019801980198,0.2059
4418,20260810,798,0.3446115288220551,0.7769423558897243,0.1276691729323308,0.0538174844371745,5.0,1.0,196.0,0.923469387755102,0.1214285714285714,124.0,0.7741935483870968,0.1339516129032258,127.0,0.8346456692913385,0.1264566929133858,124.0,0.7983870967741935,0.1182258064516129,124.0,0.6935483870967742,0.1273387096774193,103.0,0.5048543689320388,0.1452427184466019
4419,20260730,588,0.1479591836734693,0.532312925170068,0.1569557823129251,0.0700346227585485,5.0,0.8,91.0,0.7692307692307693,0.1732967032967033,107.0,0.6822429906542056,0.1545794392523364,108.0,0.5555555555555556,0.1463888888888889,113.0,0.5663716814159292,0.148141592920354,96.0,0.3645833333333333,0.1592708333333333,73.0,0.1506849315068493,0.1663013698630137
4420,20260728,919,0.177366702937976,0.5701849836779108,0.1562527233115468,0.0634494066045216,5.0,0.6,163.0,0.8895705521472392,0.1552147239263803,151.0,0.6688741721854304,0.1502649006622516,150.0,0.6133333333333333,0.1389333333333333,160.0,0.48125,0.1468125,160.0,0.4625,0.1675625,135.0,0.2592592592592592,0.1814179104477611
4421,20260731,420,0.0380952380952381,0.2976190476190476,0.184343675417661,0.0751116036902799,5.0,0.2,54.0,0.6111111111111112,0.1509259259259259,71.0,0.3380281690140845,0.1736619718309859,76.0,0.4473684210526316,0.1664,69.0,0.2463768115942029,0.1763768115942029,84.0,0.119047619047619,0.2001190476190476,66.0,0.106060606060606,0.2318181818181818
4422,20260729,738,0.1192411924119241,0.4065040650406504,0.1882448979591837,0.0701197801080732,5.0,0.4,103.0,0.8543689320388349,0.1544660194174757,123.0,0.5447154471544715,0.1654918032786885,134.0,0.4328358208955223,0.1806015037593984,131.0,0.3358778625954198,0.1947328244274809,138.0,0.217391304347826,0.2062773722627737,109.0,0.1192660550458715,0.2244954128440366
4423,20260801,711,0.1448663853727144,0.4908579465541491,0.1651476793248945,0.0678809197030654,5.0,0.4,95.0,0.8631578947368421,0.1327368421052631,125.0,0.632,0.17296,116.0,0.4913793103448275,0.1706896551724138,130.0,0.5153846153846153,0.1606153846153846,125.0,0.328,0.16184,120.0,0.1916666666666666,0.1856666666666666
4424,20260802,958,0.2379958246346555,0.6075156576200418,0.1581002087682672,0.0650866002516301,5.0,0.2,203.0,0.896551724137931,0.1551724137931034,152.0,0.6118421052631579,0.164078947368421,157.0,0.643312101910828,0.1475796178343949,162.0,0.5802469135802469,0.1601851851851851,136.0,0.4411764705882353,0.1619117647058823,148.0,0.3513513513513513,0.1613513513513513
4425,20260719,626,0.1134185303514377,0.4456869009584664,0.1726038338658146,0.0720185429485522,5.0,0.8,87.0,0.7816091954022989,0.1719540229885057,119.0,0.4117647058823529,0.1772268907563025,105.0,0.5714285714285714,0.1708571428571428,114.0,0.4298245614035088,0.1640350877192982,107.0,0.2990654205607476,0.1773831775700934,94.0,0.2234042553191489,0.1742553191489361
4427,20260803,810,0.3172839506172839,0.6728395061728395,0.1465965346534653,0.0620198434220079,5.0,1.0,173.0,0.907514450867052,0.134393063583815,122.0,0.6721311475409836,0.1589344262295082,141.0,0.6808510638297872,0.1420567375886525,130.0,0.6461538461538462,0.1543846153846154,133.0,0.5639097744360902,0.1357894736842105,111.0,0.4594594594594595,0.1619266055045871
4428,20260805,844,0.2345971563981042,0.6374407582938388,0.136196682464455,0.0578104779724362,5.0,0.4,163.0,0.8834355828220859,0.1339263803680981,146.0,0.6506849315068494,0.1397945205479452,137.0,0.6934306569343066,0.138978102189781,134.0,0.6343283582089553,0.1252238805970149,143.0,0.5104895104895105,0.1415384615384615,121.0,0.3801652892561983,0.1376033057851239
4429,20260810,741,0.078272604588394,0.3117408906882591,0.1781646423751687,0.0754733502906116,5.0,0.6,94.0,0.6914893617021277,0.1579787234042553,134.0,0.3805970149253731,0.1625373134328358,139.0,0.2949640287769784,0.1571942446043165,130.0,0.3307692307692307,0.1861538461538461,136.0,0.1617647058823529,0.1902941176470588,108.0,0.0833333333333333,0.2172222222222222
4430,20260810,868,0.2050691244239631,0.6255760368663594,0.1755414746543779,0.0659723925197799,5.0,0.6,165.0,0.8606060606060606,0.1536363636363636,156.0,0.6858974358974359,0.175,141.0,0.6312056737588653,0.1719148936170212,128.0,0.5625,0.17546875,149.0,0.5234899328859061,0.1849664429530201,129.0,0.4263565891472868,0.1973643410852713
4431,20260804,622,0.1414790996784566,0.4871382636655949,0.161207729468599,0.0706832790028411,5.0,0.6,95.0,0.7578947368421053,0.1456842105263157,94.0,0.5531914893617021,0.1438297872340425,112.0,0.5535714285714286,0.1465178571428571,115.0,0.5043478260869565,0.1503508771929824,96.0,0.40625,0.1740625,110.0,0.1818181818181818,0.2044545454545454
4432,20260728,765,0.1372549019607843,0.5281045751633987,0.1573394495412844,0.0630327785347826,5.0,0.4,140.0,0.8357142857142857,0.1477697841726618,118.0,0.576271186440678,0.1558474576271186,126.0,0.5793650793650794,0.1421428571428571,122.0,0.4836065573770491,0.1538524590163934,139.0,0.3884892086330935,0.1606474820143885,120.0,0.275,0.185798319327731
4433,20260810,861,0.2752613240418118,0.6945412311265969,0.1843372093023255,0.0664456606918024,5.0,1.0,208.0,0.8894230769230769,0.1667307692307692,132.0,0.6666666666666666,0.1803030303030303,138.0,0.7608695652173914,0.1833576642335766,142.0,0.676056338028169,0.1830985915492957,113.0,0.5486725663716814,0.2069026548672566,128.0,0.484375,0.199609375
4434,20260728,832,0.2331730769230769,0.6490384615384616,0.1637635705669481,0.0606086704080051,5.0,0.6,165.0,0.9212121212121211,0.1533939393939394,138.0,0.7028985507246377,0.1667391304347826,136.0,0.625,0.1515555555555555,143.0,0.6853146853146853,0.1537323943661972,133.0,0.4812030075187969,0.1722556390977443,117.0,0.376068376068376,0.1917241379310345
4435,20260810,714,0.1512605042016806,0.5224089635854342,0.1733941093969144,0.0695506137682423,5.0,0.6,118.0,0.7711864406779662,0.1482051282051282,108.0,0.5648148148148148,0.1723148148148148,125.0,0.552,0.16888,119.0,0.5546218487394958,0.176890756302521,130.0,0.4846153846153846,0.1681538461538461,114.0,0.2017543859649122,0.2075438596491228
4436,20260808,842,0.2268408551068883,0.6520190023752969,0.1555595238095238,0.0595732544636624,5.0,0.2,158.0,0.9177215189873418,0.1462025316455696,141.0,0.7021276595744681,0.1603571428571428,143.0,0.7412587412587412,0.1448251748251748,126.0,0.6904761904761905,0.1561904761904761,143.0,0.4895104895104895,0.1579720279720279,131.0,0.3206106870229007,0.1703076923076923
4437,20260808,844,0.2606635071090047,0.6421800947867299,0.1557857142857143,0.0543323264795486,5.0,0.6,185.0,0.9297297297297298,0.147027027027027,127.0,0.6535433070866141,0.1553543307086614,133.0,0.6842105263157895,0.1581954887218045,135.0,0.6666666666666666,0.154,138.0,0.5289855072463768,0.1538970588235294,126.0,0.2619047619047619,0.1707258064516129
4438,20260810,800,0.17375,0.49625,0.132075,0.0574625475853619,5.0,0.4,140.0,0.7214285714285714,0.1449285714285714,134.0,0.6044776119402985,0.129776119402985,131.0,0.4809160305343511,0.1298473282442748,155.0,0.5225806451612903,0.1187096774193548,135.0,0.3333333333333333,0.1248888888888888,105.0,0.2476190476190476,0.1496190476190476
4439,20260715,657,0.0700152207001522,0.3378995433789954,0.1688262195121951,0.0726878997904866,5.0,0.4,90.0,0.6888888888888889,0.1612222222222222,128.0,0.40625,0.1694488188976378,115.0,0.3652173913043478,0.168695652173913,106.0,0.2735849056603773,0.170188679245283,111.0,0.2252252252252252,0.1769369369369369,107.0,0.1121495327102803,0.1648598130841121
4440,20260810,680,0.0676470588235294,0.3602941176470588,0.176235294117647,0.0711167469412213,5.0,0.4,95.0,0.631578947368421,0.1585263157894736,118.0,0.3813559322033898,0.1627118644067796,126.0,0.365079365079365,0.1619841269841269,113.0,0.336283185840708,0.1603539823008849,133.0,0.3082706766917293,0.2006015037593985,95.0,0.1578947368421052,0.2144210526315789
4441,20260810,897,0.249721293199554,0.6287625418060201,0.1341694537346711,0.061886059245278,5.0,0.8,183.0,0.8524590163934426,0.1256284153005464,151.0,0.7218543046357616,0.1248344370860927,148.0,0.6283783783783784,0.1320945945945946,150.0,0.62,0.136,129.0,0.4806201550387597,0.1405426356589147,136.0,0.375,0.1502205882352941
4442,20260729,809,0.2187886279357231,0.5488257107540173,0.1587004950495049,0.0635591982558247,5.0,1.0,140.0,0.8857142857142857,0.1532374100719424,150.0,0.6333333333333333,0.1464666666666666,135.0,0.5555555555555556,0.1577777777777778,141.0,0.4609929078014184,0.1583687943262411,137.0,0.3941605839416058,0.1648905109489051,106.0,0.2924528301886792,0.1767924528301886
4443,20260808,792,0.1401515151515151,0.5782828282828283,0.1921673003802281,0.0684723207040478,5.0,0.8,141.0,0.8297872340425532,0.1857446808510638,138.0,0.717391304347826,0.1876642335766423,141.0,0.5531914893617021,0.1710714285714286,140.0,0.6214285714285714,0.1929285714285714,124.0,0.3629032258064516,0.2005691056910569,108.0,0.2962962962962963,0.2230555555555555
4444,20260805,681,0.2804698972099853,0.7033773861967695,0.1364904552129222,0.052425910072495,5.0,0.8,153.0,0.9411764705882352,0.1285620915032679,116.0,0.7068965517241379,0.1325,110.0,0.6545454545454545,0.1348181818181818,105.0,0.6952380952380952,0.1347619047619047,107.0,0.5420560747663551,0.1475700934579439,90.0,0.5555555555555556,0.146
4445,20260810,823,0.2478736330498177,0.6172539489671932,0.1203766707168894,0.0512514496973965,5.0,0.8,169.0,0.940828402366864,0.1262721893491124,131.0,0.6412213740458015,0.1186259541984732,120.0,0.6916666666666667,0.1161666666666666,134.0,0.5746268656716418,0.117910447761194,141.0,0.5035460992907801,0.1256737588652482,128.0,0.265625,0.115078125
4446,20260810,879,0.2605233219567691,0.6655290102389079,0.1484186575654152,0.0599079872212077,5.0,0.6,184.0,0.9130434782608696,0.1413043478260869,142.0,0.7394366197183099,0.1402112676056338,144.0,0.6875,0.1499305555555555,154.0,0.6428571428571429,0.1468831168831169,152.0,0.5592105263157895,0.1609868421052631,103.0,0.2815533980582524,0.1540776699029126
4447,20260810,780,0.191025641025641,0.5833333333333334,0.16599486521181,0.071264968514928,5.0,0.8,160.0,0.8125,0.1585625,114.0,0.6578947368421053,0.157433628318584,136.0,0.6985294117647058,0.1636764705882353,121.0,0.5619834710743802,0.1677685950413223,129.0,0.3798449612403101,0.1748837209302325,120.0,0.3166666666666666,0.17525
4448,20260805,611,0.3109656301145663,0.7332242225859247,0.1604769736842105,0.067326307686007,5.0,0.8,132.0,0.9393939393939394,0.1482575757575757,93.0,0.7419354838709677,0.1625,99.0,0.7575757575757576,0.1534343434343434,103.0,0.6796116504854369,0.1469902912621359,96.0,0.5833333333333334,0.1684210526315789,88.0,0.6136363636363636,0.192183908045977
4449,20260810,691,0.0868306801736613,0.3371924746743849,0.167677793904209,0.0767338005979389,5.0,0.0,92.0,0.5978260869565217,0.1732222222222222,110.0,0.3090909090909091,0.1888181818181818,127.0,0.3307086614173228,0.1749606299212598,132.0,0.4015151515151515,0.1500757575757575,117.0,0.3076923076923077,0.1479487179487179,113.0,0.1150442477876106,0.1754867256637168
4450,20260802,745,0.2281879194630872,0.6523489932885906,0.1620053835800807,0.0676475703916997,5.0,1.0,153.0,0.8496732026143791,0.1590849673202614,118.0,0.7203389830508474,0.1571186440677966,125.0,0.672,0.1689516129032258,123.0,0.7154471544715447,0.1668032786885246,118.0,0.5169491525423728,0.146271186440678,108.0,0.3518518518518518,0.1752777777777777
4451,20260808,917,0.2268266085059978,0.6521264994547438,0.1640021929824561,0.0603506929168315,5.0,0.8,216.0,0.9212962962962964,0.1422685185185185,151.0,0.7350993377483444,0.162251655629139,141.0,0.6028368794326241,0.1575,172.0,0.627906976744186,0.1648823529411764,133.0,0.4360902255639097,0.1775572519083969,104.0,0.3557692307692308,0.2019230769230769
4452,20260803,815,0.1840490797546012,0.5730061349693252,0.1670493827160493,0.0660774706632191,5.0,0.6,164.0,0.8536585365853658,0.1583536585365853,131.0,0.648854961832061,0.1554615384615384,142.0,0.6267605633802817,0.1512765957446808,127.0,0.5826771653543307,0.16,133.0,0.3533834586466165,0.1875757575757576,118.0,0.2711864406779661,0.1952542372881356
4453,20240319,202,0.0693069306930693,0.2772277227722772,0.1558415841584158,0.0605219431073593,5.0,0.2,29.0,0.6551724137931034,0.1448275862068965,31.0,0.3225806451612903,0.1474193548387097,37.0,0.1891891891891892,0.1464864864864865,39.0,0.282051282051282,0.1630769230769231,43.0,0.1395348837209302,0.1637209302325581,23.0,0.1304347826086956,0.1691304347826087
4456,20260810,589,0.2886247877758913,0.6400679117147708,0.1702385008517887,0.0670447816206201,5.0,0.6,137.0,0.8905109489051095,0.1445925925925925,96.0,0.71875,0.1782291666666666,96.0,0.7291666666666666,0.1569791666666666,93.0,0.4946236559139785,0.1818279569892473,86.0,0.4651162790697674,0.1811627906976744,81.0,0.3703703703703703,0.194320987654321
4457,20260809,640,0.0921875,0.428125,0.178,0.0706182518900036,5.0,0.4,89.0,0.6404494382022472,0.1668539325842696,105.0,0.4952380952380952,0.1677142857142857,103.0,0.5339805825242718,0.1655339805825242,107.0,0.3177570093457944,0.1777570093457944,112.0,0.3839285714285714,0.1810714285714285,124.0,0.2661290322580645,0.2024999999999999
4458,20260809,787,0.1486658195679796,0.4574332909783989,0.1498980891719745,0.0599106749856855,5.0,0.6,116.0,0.7672413793103449,0.1426724137931034,144.0,0.5902777777777778,0.1456944444444444,136.0,0.4779411764705882,0.1492592592592592,130.0,0.4153846153846154,0.151860465116279,152.0,0.3092105263157895,0.1576973684210526,109.0,0.1834862385321101,0.1507339449541284
4459,20260802,842,0.2173396674584323,0.5676959619952494,0.1234085510688836,0.0451668516442013,5.0,0.6,165.0,0.8909090909090909,0.1255757575757575,133.0,0.5639097744360902,0.1345112781954887,139.0,0.5683453237410072,0.1179856115107913,140.0,0.6285714285714286,0.1042857142857142,137.0,0.3795620437956204,0.1205839416058394,128.0,0.2890625,0.1389062499999999
4460,20260804,816,0.2242647058823529,0.6286764705882353,0.1422208588957055,0.060897986159484,5.0,0.6,166.0,0.8855421686746988,0.1353614457831325,143.0,0.7482517482517482,0.1362237762237762,139.0,0.6474820143884892,0.146115107913669,132.0,0.5454545454545454,0.1363636363636363,138.0,0.463768115942029,0.1445985401459854,98.0,0.336734693877551,0.1616326530612244
4461,20260801,582,0.0824742268041237,0.3831615120274914,0.1708089500860585,0.0767018030950844,5.0,0.8,86.0,0.6162790697674418,0.1617441860465116,96.0,0.5104166666666666,0.1745263157894737,92.0,0.4021739130434782,0.1572826086956522,95.0,0.431578947368421,0.173578947368421,105.0,0.3047619047619048,0.1631428571428571,108.0,0.1018518518518518,0.1912962962962963
4462,20260721,638,0.1426332288401254,0.5031347962382445,0.1551500789889415,0.0708179556860059,5.0,0.0,100.0,0.73,0.1451,97.0,0.6288659793814433,0.1527368421052631,101.0,0.5148514851485149,0.1572277227722772,117.0,0.4700854700854701,0.1512068965517241,129.0,0.3875968992248062,0.1494488188976378,94.0,0.3191489361702128,0.1786170212765957
4463,20260810,834,0.2218225419664268,0.6031175059952039,0.1549400479616307,0.058058589055085,5.0,0.8,178.0,0.904494382022472,0.1428651685393258,130.0,0.6846153846153846,0.1576153846153846,133.0,0.6015037593984962,0.1516541353383458,149.0,0.5906040268456376,0.1593288590604027,127.0,0.3700787401574803,0.1548031496062992,117.0,0.3247863247863248,0.1686324786324786
4464,20260730,644,0.1413043478260869,0.5434782608695652,0.1864641744548286,0.0746317405103765,5.0,0.2,102.0,0.7941176470588235,0.1626470588235294,117.0,0.6410256410256411,0.1709482758620689,110.0,0.6,0.1921818181818181,115.0,0.4608695652173913,0.196578947368421,113.0,0.4424778761061947,0.1968141592920354,87.0,0.2873563218390804,0.2011494252873563
4465,20260810,574,0.0818815331010452,0.3501742160278746,0.1858115183246073,0.0795970177993268,5.0,0.8,89.0,0.5842696629213483,0.1729213483146067,93.0,0.4408602150537634,0.1778260869565217,103.0,0.3980582524271844,0.1790291262135922,103.0,0.3009708737864077,0.1770873786407766,98.0,0.2448979591836734,0.190204081632653,88.0,0.1363636363636363,0.2204545454545454
4466,20260810,790,0.1518987341772152,0.5556962025316455,0.1723439490445859,0.0618018936258642,5.0,0.8,138.0,0.8840579710144928,0.1499264705882353,136.0,0.6544117647058824,0.1587313432835821,151.0,0.6158940397350994,0.1682666666666666,124.0,0.532258064516129,0.1840322580645161,128.0,0.359375,0.181328125,113.0,0.2035398230088495,0.1978761061946902
4467,20260802,790,0.1620253164556962,0.5670886075949367,0.133730964467005,0.0508984128639069,5.0,0.6,132.0,0.8787878787878788,0.1351515151515151,131.0,0.6183206106870229,0.1341538461538461,134.0,0.5447761194029851,0.1235074626865671,142.0,0.6056338028169014,0.1215492957746479,138.0,0.427536231884058,0.1276811594202898,113.0,0.2920353982300885,0.1666964285714285
4468,20260712,778,0.2956298200514138,0.6619537275064268,0.1363367609254498,0.0537113556738784,5.0,0.6,161.0,0.9565217391304348,0.1280124223602484,128.0,0.75,0.130546875,125.0,0.64,0.13112,119.0,0.6050420168067226,0.1442857142857143,119.0,0.5714285714285714,0.1346218487394958,126.0,0.3571428571428571,0.1521428571428571
4469,20260809,692,0.2066473988439306,0.5390173410404624,0.1696960926193922,0.0623889598782425,5.0,0.6,124.0,0.8709677419354839,0.1618548387096774,106.0,0.5943396226415094,0.1709433962264151,125.0,0.6,0.1696774193548387,118.0,0.4067796610169492,0.1600847457627118,125.0,0.432,0.17448,94.0,0.2659574468085106,0.1843617021276595
4470,20260805,827,0.2212817412333736,0.6348246674727932,0.1537226277372262,0.0665650876900025,5.0,0.8,156.0,0.9102564102564102,0.1407051282051282,130.0,0.7076923076923077,0.1548837209302325,163.0,0.6073619631901841,0.1377018633540372,132.0,0.6060606060606061,0.1496212121212121,135.0,0.5555555555555556,0.1667407407407407,111.0,0.3333333333333333,0.1834862385321101
4471,20260808,878,0.2687927107061503,0.6583143507972665,0.1565410958904109,0.0655606269014587,5.0,1.0,189.0,0.925925925925926,0.1356084656084656,139.0,0.7266187050359713,0.1517266187050359,145.0,0.7034482758620689,0.1613194444444444,137.0,0.7007299270072993,0.1538970588235294,142.0,0.4084507042253521,0.1654929577464788,126.0,0.365079365079365,0.1805555555555555
4472,20260810,924,0.2716450216450216,0.6688311688311688,0.1539935064935065,0.0564398691732471,5.0,0.8,185.0,0.945945945945946,0.1572972972972973,164.0,0.676829268292683,0.1614634146341463,154.0,0.6623376623376623,0.1518831168831169,156.0,0.6474358974358975,0.1493589743589743,150.0,0.5133333333333333,0.1518666666666666,115.0,0.4521739130434782,0.1499130434782608
4473,20260724,589,0.1714770797962648,0.5551782682512734,0.1610526315789474,0.0746212549821572,5.0,0.4,102.0,0.8627450980392157,0.1576470588235294,101.0,0.6534653465346535,0.1546534653465346,100.0,0.64,0.1646,93.0,0.5483870967741935,0.1605376344086021,93.0,0.3440860215053763,0.1664516129032258,100.0,0.26,0.1629
4474,20260728,714,0.1316526610644257,0.4929971988795518,0.1767977528089887,0.0697114727512794,5.0,0.4,99.0,0.8282828282828283,0.1415151515151515,125.0,0.568,0.17624,128.0,0.640625,0.15703125,132.0,0.4166666666666667,0.1877692307692307,127.0,0.4094488188976378,0.1781102362204724,103.0,0.0970873786407767,0.2204854368932038
4475,20260803,812,0.1871921182266009,0.5972906403940886,0.1538909541511772,0.060230684214101,5.0,0.4,164.0,0.8841463414634146,0.148159509202454,135.0,0.6962962962962963,0.1596240601503759,134.0,0.5895522388059702,0.1552631578947368,135.0,0.5851851851851851,0.1485074626865671,118.0,0.4322033898305085,0.1451694915254237,126.0,0.2936507936507936,0.1676984126984126
4477,20260810,770,0.2454545454545454,0.6584415584415585,0.1395708712613784,0.0529562764357098,5.0,0.2,164.0,0.9329268292682928,0.1319512195121951,121.0,0.7107438016528925,0.1345454545454545,120.0,0.7083333333333334,0.14175,124.0,0.6854838709677419,0.1375806451612903,127.0,0.4173228346456692,0.1421428571428571,114.0,0.3947368421052631,0.1528947368421052
4478,20260810,725,0.216551724137931,0.5862068965517241,0.1564909847434119,0.0666809967522914,5.0,0.6,146.0,0.8561643835616438,0.1537671232876712,119.0,0.7899159663865546,0.1526890756302521,129.0,0.5348837209302325,0.148203125,115.0,0.5391304347826087,0.1455263157894736,112.0,0.3839285714285714,0.1602702702702703,104.0,0.3076923076923077,0.1831067961165048
4479,20260810,275,0.0763636363636363,0.3236363636363636,0.1858545454545454,0.0724750535593438,5.0,0.4,34.0,0.7647058823529411,0.1779411764705882,50.0,0.24,0.1871999999999999,49.0,0.4081632653061224,0.1769387755102041,56.0,0.3214285714285714,0.1617857142857142,48.0,0.1666666666666666,0.1925,38.0,0.131578947368421,0.2297368421052631
4482,20260810,829,0.3365500603136309,0.6887816646562123,0.1573220747889023,0.0727045594350407,5.0,0.8,205.0,0.9317073170731708,0.1289268292682927,129.0,0.8294573643410853,0.1581395348837209,131.0,0.6030534351145038,0.17206106870229,141.0,0.6382978723404256,0.1601418439716312,119.0,0.5042016806722689,0.1668067226890756,104.0,0.4230769230769231,0.1790384615384615
4483,20260808,805,0.306832298136646,0.6658385093167701,0.1425590062111801,0.0530384654416367,5.0,0.6,173.0,0.9364161849710982,0.1466473988439306,134.0,0.664179104477612,0.1542537313432836,126.0,0.7142857142857143,0.1406349206349206,125.0,0.64,0.12928,137.0,0.5474452554744526,0.1398540145985401,110.0,0.3636363636363636,0.1425454545454545
4484,20260724,595,0.0789915966386554,0.4134453781512605,0.1950423011844331,0.074219844725314,5.0,0.4,84.0,0.6071428571428571,0.186867469879518,106.0,0.5188679245283019,0.1977358490566037,120.0,0.45,0.19375,101.0,0.3564356435643564,0.1795999999999999,104.0,0.3461538461538461,0.2033009708737864,80.0,0.175,0.210759493670886
4485,20260807,782,0.1636828644501279,0.5242966751918159,0.1549807938540333,0.0726569537055949,5.0,0.4,137.0,0.7956204379562044,0.145985401459854,114.0,0.6403508771929824,0.155438596491228,130.0,0.5769230769230769,0.1482307692307692,140.0,0.4928571428571429,0.1547857142857143,134.0,0.4104477611940298,0.1591044776119403,127.0,0.2283464566929134,0.1671428571428571
4486,20260801,764,0.206806282722513,0.5981675392670157,0.1590052356020942,0.0694051386499427,5.0,0.2,133.0,0.8721804511278195,0.1454135338345864,136.0,0.7279411764705882,0.1521323529411764,122.0,0.6147540983606558,0.1585245901639344,135.0,0.5259259259259259,0.168074074074074,126.0,0.4761904761904761,0.1553174603174603,112.0,0.3214285714285714,0.1772321428571428
4487,20260810,719,0.0959666203059805,0.3977746870653685,0.1836211699164345,0.0669842304459513,5.0,0.0,92.0,0.7282608695652174,0.165,126.0,0.4603174603174603,0.1944444444444444,139.0,0.4460431654676259,0.1770503597122302,128.0,0.359375,0.1850393700787401,148.0,0.2432432432432432,0.1887837837837838,86.0,0.1976744186046511,0.1873255813953488
4488,20260719,773,0.2380336351875808,0.6520051746442432,0.1644501940491591,0.0600246966472546,5.0,0.8,161.0,0.9130434782608696,0.1549689440993789,132.0,0.7348484848484849,0.1640151515151515,129.0,0.7209302325581395,0.1635658914728682,114.0,0.6491228070175439,0.1489473684210526,121.0,0.4958677685950413,0.1633057851239669,116.0,0.2844827586206896,0.1955172413793103
4489,20260728,721,0.1678224687933426,0.5034674063800277,0.1576527777777777,0.0606668177017859,5.0,0.6,116.0,0.853448275862069,0.144051724137931,112.0,0.5714285714285714,0.1439285714285714,110.0,0.5363636363636364,0.1419090909090909,138.0,0.5072463768115942,0.1518978102189781,136.0,0.3897058823529412,0.1595588235294117,109.0,0.1651376146788991,0.2069724770642202
4491,20260728,767,0.1225554106910039,0.439374185136897,0.1857757496740547,0.0708406720747702,5.0,0.2,128.0,0.7265625,0.168203125,121.0,0.5041322314049587,0.1730578512396694,135.0,0.4888888888888889,0.1793333333333333,127.0,0.4330708661417323,0.1833070866141732,123.0,0.3252032520325203,0.1965853658536585,133.0,0.1654135338345864,0.2131578947368421
4492,20260111,453,0.23841059602649,0.5982339955849889,0.1633995584988962,0.0650074656930384,5.0,0.8,94.0,0.8191489361702128,0.1386170212765957,83.0,0.6746987951807228,0.1650602409638554,70.0,0.6428571428571429,0.1814285714285714,80.0,0.65,0.15525,68.0,0.3529411764705882,0.1764705882352941,58.0,0.293103448275862,0.1753448275862069
4494,20260712,869,0.2715765247410817,0.6777905638665133,0.1402534562211981,0.0626355142817943,5.0,0.4,182.0,0.8736263736263736,0.127403314917127,129.0,0.6976744186046512,0.1489147286821705,152.0,0.7302631578947368,0.1272368421052631,154.0,0.6298701298701299,0.1491558441558441,151.0,0.6291390728476821,0.1394039735099337,101.0,0.3663366336633663,0.1595049504950495
4495,20260809,594,0.1599326599326599,0.4629629629629629,0.14858347386172,0.0664849843961646,5.0,0.4,82.0,0.7073170731707317,0.1379268292682927,96.0,0.5729166666666666,0.1528125,101.0,0.5346534653465347,0.1437623762376237,103.0,0.4174757281553398,0.1543137254901961,112.0,0.375,0.1482142857142857,100.0,0.23,0.1527
4496,20260801,760,0.2460526315789473,0.6368421052631579,0.1668552631578947,0.068213905810937,5.0,0.8,174.0,0.8218390804597702,0.1767241379310344,120.0,0.6666666666666666,0.183,131.0,0.6717557251908397,0.1654961832061068,131.0,0.6183206106870229,0.1611450381679389,99.0,0.494949494949495,0.1587878787878787,105.0,0.4095238095238095,0.1484761904761904
4497,20260810,778,0.2917737789203085,0.6439588688946015,0.1382474226804123,0.0583560933183334,5.0,0.6,177.0,0.9265536723163842,0.1282485875706214,133.0,0.6766917293233082,0.1336090225563909,124.0,0.6854838709677419,0.1303225806451612,120.0,0.5666666666666667,0.1526890756302521,116.0,0.4310344827586206,0.1442608695652174,108.0,0.4074074074074074,0.1471296296296296
4498,20260810,668,0.1841317365269461,0.4880239520958084,0.1598203592814371,0.0690762232279658,5.0,0.0,109.0,0.7706422018348624,0.1697247706422018,102.0,0.5196078431372549,0.1565686274509804,109.0,0.5871559633027523,0.1478899082568807,106.0,0.490566037735849,0.1471698113207547,113.0,0.3628318584070796,0.1668141592920354,129.0,0.2480620155038759,0.1683720930232558
4499,20260810,572,0.1905594405594405,0.5559440559440559,0.1699124343257443,0.0730939421654727,5.0,0.8,108.0,0.8055555555555556,0.1622222222222222,95.0,0.6736842105263158,0.161595744680851,94.0,0.6170212765957447,0.1561702127659574,100.0,0.6,0.1755,94.0,0.3297872340425531,0.1826595744680851,81.0,0.2222222222222222,0.184074074074074
4500,20260810,883,0.332955832389581,0.6783691959229898,0.1366364665911665,0.0594187617488295,5.0,1.0,211.0,0.933649289099526,0.1293364928909952,145.0,0.8137931034482758,0.1277931034482758,155.0,0.6709677419354839,0.1381290322580645,136.0,0.6323529411764706,0.1355147058823529,142.0,0.4929577464788732,0.143169014084507,94.0,0.2553191489361702,0.1559574468085106
4501,20260728,835,0.18562874251497,0.5389221556886228,0.1514748201438849,0.0562122345510037,5.0,0.2,159.0,0.8427672955974843,0.1387421383647798,136.0,0.6617647058823529,0.1475735294117647,138.0,0.6014492753623188,0.1650724637681159,147.0,0.4421768707482993,0.1524489795918367,137.0,0.3722627737226277,0.1541911764705882,118.0,0.2288135593220339,0.1528813559322034
4502,20260810,800,0.2875,0.665,0.1412515644555694,0.0603364413279461,5.0,0.6,189.0,0.8941798941798942,0.1318518518518518,119.0,0.7058823529411765,0.1373109243697479,121.0,0.71900826446281,0.1358333333333333,127.0,0.6535433070866141,0.1430708661417322,120.0,0.5083333333333333,0.1419166666666666,124.0,0.3870967741935484,0.1620967741935484
4503,20260810,946,0.3372093023255814,0.7177589852008457,0.1186892177589852,0.0505401545297943,5.0,0.8,223.0,0.9820627802690582,0.1077130044843049,152.0,0.6513157894736842,0.1299342105263158,137.0,0.7518248175182481,0.1156934306569343,164.0,0.6951219512195121,0.1201829268292683,148.0,0.6351351351351351,0.126081081081081,122.0,0.4098360655737705,0.1171311475409836
4504,20260808,924,0.2792207792207792,0.658008658008658,0.1350270855904659,0.0524489570044644,5.0,0.6,210.0,0.9095238095238096,0.134066985645933,145.0,0.7241379310344828,0.1503448275862069,154.0,0.6233766233766234,0.1421428571428571,144.0,0.6319444444444444,0.1323611111111111,149.0,0.5234899328859061,0.1195302013422818,122.0,0.3852459016393442,0.1315573770491803
4505,20260810,795,0.2679245283018868,0.6377358490566037,0.1504171934260429,0.0630148812132728,5.0,0.8,161.0,0.9254658385093169,0.1284472049689441,119.0,0.6974789915966386,0.1489830508474576,128.0,0.65625,0.1634645669291338,138.0,0.5434782608695652,0.1550724637681159,130.0,0.5153846153846153,0.1452713178294573,119.0,0.4117647058823529,0.1679661016949152
4506,20260810,812,0.2278325123152709,0.5665024630541872,0.1394444444444444,0.05755995264199,5.0,0.6,148.0,0.8378378378378378,0.1425675675675675,130.0,0.6384615384615384,0.1473846153846154,136.0,0.5955882352941176,0.1383703703703703,140.0,0.5428571428571428,0.1373571428571428,138.0,0.4130434782608695,0.1342335766423357,120.0,0.325,0.1365833333333333
4508,20260718,560,0.1428571428571428,0.5035714285714286,0.1831956912028725,0.0828022635365988,5.0,0.4,77.0,0.8701298701298701,0.1463636363636363,93.0,0.6021505376344086,0.1726881720430107,91.0,0.5164835164835165,0.186043956043956,99.0,0.4444444444444444,0.1768367346938775,100.0,0.41,0.1978,100.0,0.27,0.2109183673469387
4509,20260731,860,0.1813953488372093,0.6011627906976744,0.1733916083916084,0.0696647852735029,5.0,0.8,160.0,0.875,0.1506875,133.0,0.6541353383458647,0.1646212121212121,143.0,0.6363636363636364,0.175034965034965,139.0,0.6474820143884892,0.1729496402877697,157.0,0.4777070063694267,0.1749044585987261,128.0,0.265625,0.2078740157480315
4510,20260731,126,0.0238095238095238,0.2063492063492063,0.2262698412698413,0.0874301002160258,5.0,0.2,16.0,0.5,0.1856249999999999,21.0,0.3333333333333333,0.2328571428571428,24.0,0.25,0.2304166666666667,25.0,0.12,0.2176,23.0,0.0869565217391304,0.2304347826086956,17.0,0.0,0.2576470588235294
4511,20260809,641,0.0873634945397816,0.4024960998439937,0.1668025078369906,0.0680825277829931,5.0,0.4,88.0,0.75,0.146551724137931,108.0,0.4907407407407407,0.1716822429906542,113.0,0.4424778761061947,0.1463392857142857,118.0,0.3559322033898305,0.1722881355932203,124.0,0.2903225806451613,0.1691935483870967,90.0,0.1222222222222222,0.1955555555555555
4512,20260810,966,0.3084886128364389,0.6863354037267081,0.1503519668737059,0.057929066455777,5.0,0.6,222.0,0.9054054054054054,0.1498648648648649,152.0,0.7631578947368421,0.156578947368421,151.0,0.7682119205298014,0.154569536423841,154.0,0.6818181818181818,0.1513636363636363,161.0,0.4658385093167702,0.1403726708074534,126.0,0.3968253968253968,0.1501587301587301
4513,20260810,838,0.1825775656324582,0.5835322195704057,0.1697596153846154,0.0634954564080569,5.0,1.0,154.0,0.8701298701298701,0.1646753246753246,144.0,0.5972222222222222,0.1673049645390071,152.0,0.6578947368421053,0.1616447368421052,152.0,0.5526315789473685,0.1676158940397351,127.0,0.4566929133858268,0.17952,109.0,0.2477064220183486,0.1832110091743119
4514,20260809,938,0.3049040511727079,0.7014925373134329,0.1839807897545357,0.072151356195642,5.0,0.8,215.0,0.9348837209302324,0.1592093023255814,175.0,0.8,0.1755428571428571,159.0,0.7232704402515723,0.1849056603773584,148.0,0.6216216216216216,0.1919047619047619,135.0,0.4666666666666667,0.2017777777777778,106.0,0.4433962264150943,0.2131132075471698
4515,20260810,919,0.1947769314472252,0.5984766050054406,0.1671273122959738,0.0603671763356482,5.0,0.6,175.0,0.9028571428571428,0.1501142857142857,148.0,0.7432432432432432,0.1629054054054054,159.0,0.6855345911949685,0.1637735849056603,145.0,0.4689655172413793,0.1644137931034482,156.0,0.4423076923076923,0.1703846153846153,136.0,0.2647058823529412,0.1966911764705882
4516,20260724,880,0.2613636363636363,0.6647727272727273,0.1553863636363636,0.0578464723168503,5.0,0.4,183.0,0.918032786885246,0.1451366120218579,149.0,0.7516778523489933,0.1494630872483221,143.0,0.6503496503496503,0.1632167832167832,155.0,0.6,0.1480645161290322,151.0,0.5629139072847682,0.1614569536423841,99.0,0.3434343434343434,0.1741414141414141
4518,20260805,734,0.279291553133515,0.6757493188010899,0.1632280219780219,0.0673753850562061,5.0,1.0,157.0,0.9235668789808916,0.1428025477707006,107.0,0.7009345794392523,0.1666037735849056,141.0,0.7588652482269503,0.166546762589928,124.0,0.6532258064516129,0.1579838709677419,117.0,0.5384615384615384,0.1688034188034188,88.0,0.2840909090909091,0.1912941176470588
4519,20260327,629,0.1828298887122416,0.5262321144674086,0.1542925278219395,0.0697076586231142,5.0,0.2,107.0,0.7663551401869159,0.1606542056074766,123.0,0.6747967479674797,0.1629268292682927,114.0,0.4561403508771929,0.1569298245614035,106.0,0.5566037735849056,0.1420754716981132,100.0,0.35,0.1406,79.0,0.2531645569620253,0.1621518987341772
4520,20260802,739,0.1542625169147496,0.4939106901217862,0.1589715832205683,0.0692724456254663,5.0,0.6,114.0,0.7982456140350878,0.1529824561403509,126.0,0.5634920634920635,0.1532539682539682,130.0,0.5461538461538461,0.151,144.0,0.4722222222222222,0.1647916666666666,111.0,0.3243243243243243,0.1665765765765766,114.0,0.2456140350877192,0.1656140350877193
4521,20260810,682,0.1950146627565982,0.5615835777126099,0.1814369501466275,0.0842736064620686,5.0,0.6,119.0,0.8151260504201681,0.1449579831932773,111.0,0.6576576576576577,0.1741441441441441,116.0,0.5862068965517241,0.1680172413793103,111.0,0.5765765765765766,0.1855855855855856,118.0,0.4576271186440678,0.1894067796610169,107.0,0.2523364485981308,0.2310280373831775
4522,20260807,729,0.2716049382716049,0.6323731138545954,0.1440858725761772,0.057262658133223,5.0,0.8,165.0,0.9636363636363636,0.1317575757575757,113.0,0.7433628318584071,0.137433628318584,123.0,0.7154471544715447,0.1413934426229508,110.0,0.5272727272727272,0.1479090909090909,117.0,0.4017094017094017,0.1450877192982456,101.0,0.2475247524752475,0.1704081632653061
4523,20260809,724,0.2085635359116022,0.569060773480663,0.1442280945757997,0.0644323301100224,5.0,0.2,143.0,0.8881118881118881,0.1416083916083916,126.0,0.6031746031746031,0.13784,110.0,0.6727272727272727,0.1435779816513761,123.0,0.4796747967479675,0.1481818181818182,126.0,0.3888888888888889,0.14256,96.0,0.28125,0.1543749999999999
4524,20260628,806,0.2444168734491315,0.6141439205955335,0.1207816377171215,0.0581583315086389,5.0,0.2,165.0,0.9090909090909092,0.1034545454545454,118.0,0.6779661016949152,0.1311016949152542,128.0,0.6875,0.12375,147.0,0.5714285714285714,0.1241496598639455,134.0,0.4477611940298507,0.1249253731343283,114.0,0.2894736842105263,0.1226315789473684
4525,20260731,606,0.1089108910891089,0.4339933993399339,0.1492244224422442,0.0607534578264295,5.0,0.4,95.0,0.7894736842105263,0.1462105263157894,111.0,0.5585585585585585,0.1473873873873873,101.0,0.4257425742574257,0.1419801980198019,108.0,0.324074074074074,0.1516666666666666,112.0,0.2857142857142857,0.1515178571428571,79.0,0.2025316455696202,0.1581012658227848
4526,20260810,717,0.2343096234309623,0.602510460251046,0.1399581005586592,0.0589206779418699,5.0,0.2,141.0,0.9574468085106383,0.1360283687943262,119.0,0.7226890756302521,0.1484873949579832,118.0,0.6101694915254238,0.1435593220338983,117.0,0.5811965811965812,0.118034188034188,110.0,0.3363636363636363,0.1394545454545454,112.0,0.3035714285714285,0.1555855855855855
4527,20260810,625,0.1008,0.3424,0.1783493589743589,0.0621412761754801,5.0,0.4,87.0,0.6436781609195402,0.1611494252873563,109.0,0.3944954128440367,0.1652293577981651,112.0,0.4107142857142857,0.163125,112.0,0.3571428571428571,0.1758035714285714,117.0,0.1794871794871795,0.1930172413793103,88.0,0.0909090909090909,0.2148863636363636
4528,20260613,774,0.2881136950904392,0.6589147286821705,0.1521086675291073,0.0605949680892146,5.0,0.8,155.0,0.896774193548387,0.1446103896103896,123.0,0.6747967479674797,0.1496747967479675,136.0,0.6911764705882353,0.1581617647058823,134.0,0.6716417910447762,0.153731343283582,136.0,0.4411764705882353,0.1455882352941176,90.0,0.4888888888888889,0.1665555555555555
4529,20260809,736,0.186141304347826,0.5489130434782609,0.143991825613079,0.058904670028471,5.0,1.0,132.0,0.8712121212121212,0.125530303030303,115.0,0.591304347826087,0.1310434782608695,119.0,0.6722689075630253,0.1281512605042016,113.0,0.495575221238938,0.1458035714285714,135.0,0.437037037037037,0.152074074074074,122.0,0.2131147540983606,0.1813223140495868
4530,20260810,684,0.3099415204678362,0.6812865497076024,0.1522434017595308,0.0645361022801884,5.0,0.2,159.0,0.9371069182389936,0.1251898734177215,112.0,0.6964285714285714,0.1588392857142857,110.0,0.7181818181818181,0.1465137614678899,107.0,0.6355140186915887,0.1523364485981308,99.0,0.4646464646464646,0.1697979797979797,97.0,0.4742268041237113,0.1771134020618556
4531,20260810,830,0.2337349397590361,0.5987951807228916,0.1518115942028985,0.0574338793186894,5.0,0.6,157.0,0.910828025477707,0.1298076923076923,140.0,0.6785714285714286,0.1572142857142857,134.0,0.5895522388059702,0.1493283582089552,134.0,0.4925373134328358,0.1662686567164179,130.0,0.4769230769230769,0.1596124031007751,135.0,0.3851851851851852,0.1522962962962963
4532,20260808,795,0.2993710691823899,0.7018867924528301,0.1408816120906801,0.0551296030999255,5.0,0.2,180.0,0.9111111111111112,0.1305555555555555,134.0,0.7388059701492538,0.142910447761194,127.0,0.7401574803149606,0.1304761904761905,135.0,0.6444444444444445,0.1456296296296296,123.0,0.6016260162601627,0.1430894308943089,96.0,0.4166666666666667,0.1615625
4533,20260810,648,0.1604938271604938,0.4876543209876543,0.1727554179566563,0.0681477105870905,5.0,0.4,104.0,0.7884615384615384,0.1666346153846154,90.0,0.5222222222222223,0.1891111111111111,112.0,0.5267857142857143,0.1678571428571428,125.0,0.56,0.1643548387096774,119.0,0.3025210084033613,0.1589830508474576,98.0,0.2244897959183673,0.1970408163265306
4534,20260718,421,0.0641330166270783,0.3254156769596199,0.2014964370546318,0.0748642039775129,5.0,0.4,64.0,0.609375,0.224375,78.0,0.4102564102564102,0.2088461538461538,83.0,0.2771084337349397,0.1943373493975904,72.0,0.3472222222222222,0.1883333333333333,74.0,0.1621621621621621,0.1925675675675675,50.0,0.12,0.2048
4535,20260713,682,0.3064516129032258,0.718475073313783,0.1449560117302052,0.0577263323218376,5.0,1.0,164.0,0.9329268292682928,0.1509146341463414,93.0,0.7634408602150538,0.1568817204301075,105.0,0.7142857142857143,0.1458095238095238,110.0,0.7,0.1378181818181818,90.0,0.5333333333333333,0.1384444444444444,120.0,0.55,0.13825
4536,20260810,781,0.1843790012804097,0.6094750320102432,0.1652496798975672,0.0733667781684734,5.0,0.2,156.0,0.8846153846153846,0.152051282051282,131.0,0.7022900763358778,0.1477099236641221,128.0,0.6328125,0.153046875,132.0,0.5909090909090909,0.1632575757575757,130.0,0.4538461538461538,0.1883846153846154,104.0,0.2692307692307692,0.1957692307692307
4537,20260810,822,0.3126520681265207,0.6447688564476886,0.1333129584352078,0.0604012852508273,5.0,0.8,172.0,0.9476744186046512,0.1276608187134503,152.0,0.6776315789473685,0.129,131.0,0.6793893129770993,0.1311450381679389,127.0,0.6377952755905512,0.1311023622047244,129.0,0.4418604651162791,0.1263565891472868,111.0,0.3333333333333333,0.1612727272727272
4538,20260604,680,0.2514705882352941,0.5455882352941176,0.1511634756995581,0.0668630241414874,5.0,0.8,108.0,0.7870370370370371,0.146574074074074,92.0,0.5760869565217391,0.165,106.0,0.5849056603773585,0.1620952380952381,108.0,0.6203703703703703,0.144074074074074,133.0,0.4360902255639097,0.1418796992481203,133.0,0.3458646616541353,0.1517293233082706
4539,20260808,860,0.2558139534883721,0.5895348837209302,0.1423488372093023,0.0538112047297016,5.0,0.6,170.0,0.8941176470588236,0.132235294117647,128.0,0.6328125,0.14640625,154.0,0.6558441558441559,0.1424675324675324,141.0,0.5815602836879432,0.1337588652482269,131.0,0.4198473282442748,0.14206106870229,136.0,0.2647058823529412,0.1602205882352941
4540,20260805,777,0.193050193050193,0.574002574002574,0.1220542635658914,0.0600369580504476,5.0,0.6,137.0,0.8759124087591241,0.1113138686131386,124.0,0.6935483870967742,0.1218548387096774,137.0,0.635036496350365,0.1196323529411764,127.0,0.5511811023622047,0.12128,128.0,0.421875,0.129140625,124.0,0.2338709677419354,0.1302419354838709
4543,20260810,832,0.2331730769230769,0.671875,0.1746754807692307,0.0736620432132165,5.0,0.8,166.0,0.9036144578313252,0.1467469879518072,136.0,0.7279411764705882,0.1519117647058823,148.0,0.7364864864864865,0.161554054054054,158.0,0.6265822784810127,0.1955696202531645,128.0,0.5078125,0.207578125,96.0,0.3854166666666667,0.1971875
4544,20260810,904,0.3827433628318584,0.7632743362831859,0.1631782945736434,0.0660445359199968,5.0,0.6,235.0,0.948936170212766,0.1449787234042553,144.0,0.8194444444444444,0.1668531468531468,122.0,0.6639344262295082,0.175,139.0,0.7913669064748201,0.1450359712230216,136.0,0.6470588235294118,0.1760294117647058,128.0,0.546875,0.187265625
4545,20260810,856,0.3119158878504673,0.6880841121495327,0.1391207502930832,0.0571339776163425,5.0,0.4,203.0,0.9261083743842364,0.1325123152709359,134.0,0.746268656716418,0.1429850746268656,127.0,0.7165354330708661,0.139047619047619,137.0,0.6131386861313869,0.1350364963503649,122.0,0.5491803278688525,0.1368032786885245,133.0,0.4436090225563909,0.1519083969465648
4546,20260810,808,0.2784653465346535,0.7054455445544554,0.1571782178217822,0.0644873763131554,5.0,0.6,182.0,0.8736263736263736,0.1582967032967032,137.0,0.781021897810219,0.1657664233576642,127.0,0.7007874015748031,0.1481889763779527,145.0,0.6758620689655173,0.1463448275862069,118.0,0.6101694915254238,0.1544067796610169,99.0,0.4545454545454545,0.1739393939393939
4547,20260801,808,0.224009900990099,0.6646039603960396,0.1477114427860696,0.0616440296093269,5.0,0.0,159.0,0.8742138364779874,0.1393630573248407,131.0,0.7404580152671756,0.1417692307692307,112.0,0.625,0.1366071428571428,154.0,0.6818181818181818,0.1444155844155844,130.0,0.5615384615384615,0.1515384615384615,122.0,0.4344262295081967,0.1752892561983471
4548,20260805,189,0.0529100529100529,0.2063492063492063,0.2377248677248677,0.0758835676324111,5.0,0.2,24.0,0.375,0.21875,36.0,0.2777777777777778,0.2361111111111111,33.0,0.303030303030303,0.2239393939393939,26.0,0.1923076923076923,0.2273076923076923,37.0,0.1081081081081081,0.2421621621621622,33.0,0.0303030303030303,0.2703030303030303
4549,20260808,725,0.1613793103448275,0.5655172413793104,0.1860220994475138,0.0662548199686104,5.0,0.6,121.0,0.8264462809917356,0.1648760330578512,116.0,0.6379310344827587,0.1818965517241379,118.0,0.6779661016949152,0.1801694915254237,137.0,0.5474452554744526,0.1911029411764706,125.0,0.44,0.19672,108.0,0.2407407407407407,0.2017592592592592
4550,20260803,692,0.1141618497109826,0.4479768786127168,0.1593352601156069,0.0537266446052541,5.0,0.8,106.0,0.7169811320754716,0.1497169811320755,117.0,0.5384615384615384,0.1579487179487179,133.0,0.4436090225563909,0.1648872180451127,118.0,0.4067796610169492,0.1598305084745762,125.0,0.312,0.16264,93.0,0.2688172043010752,0.1590322580645161
4551,20260810,771,0.1776913099870298,0.5901426718547341,0.1664499349804941,0.0752007138493698,5.0,0.6,142.0,0.8591549295774648,0.1547517730496453,123.0,0.6585365853658537,0.1734959349593496,124.0,0.6451612903225806,0.1608064516129032,133.0,0.5338345864661654,0.1728571428571428,125.0,0.48,0.16888,124.0,0.3306451612903225,0.1691056910569105
4552,20260810,727,0.1829436038514443,0.4607977991746905,0.1499449793672627,0.0662017029495294,5.0,0.4,96.0,0.8020833333333334,0.1466666666666666,125.0,0.464,0.16112,124.0,0.4919354838709677,0.1442741935483871,125.0,0.456,0.14856,127.0,0.3622047244094488,0.1502362204724409,130.0,0.2769230769230769,0.148076923076923
4553,20260810,710,0.1971830985915492,0.6281690140845071,0.153954480796586,0.057888480409603,5.0,0.8,130.0,0.8692307692307693,0.137734375,121.0,0.6528925619834711,0.145,115.0,0.7391304347826086,0.1550877192982456,128.0,0.5703125,0.1607086614173228,117.0,0.5641025641025641,0.1612931034482758,99.0,0.303030303030303,0.1673469387755101
4555,20260729,697,0.1362984218077474,0.5007173601147776,0.1841893830703012,0.0688871053795102,5.0,0.2,114.0,0.7631578947368421,0.1717543859649123,115.0,0.5565217391304348,0.1840869565217391,126.0,0.5873015873015873,0.1783333333333333,114.0,0.4736842105263157,0.1814035087719298,109.0,0.4128440366972477,0.1957798165137614,119.0,0.2100840336134453,0.194453781512605
4556,20260810,438,0.3036529680365297,0.7168949771689498,0.1622706422018348,0.0591501755412446,5.0,0.6,94.0,0.946808510638298,0.1546808510638298,68.0,0.75,0.1716176470588235,80.0,0.7125,0.1667088607594936,84.0,0.7023809523809523,0.1490361445783132,61.0,0.6229508196721312,0.160655737704918,51.0,0.392156862745098,0.1803921568627451
4557,20260809,612,0.1127450980392156,0.4084967320261438,0.1814918032786885,0.0733120710993717,5.0,0.4,82.0,0.7439024390243902,0.1578048780487805,106.0,0.490566037735849,0.1734905660377358,105.0,0.3714285714285714,0.1757142857142857,104.0,0.4807692307692308,0.1704807692307692,112.0,0.25,0.1883783783783783,103.0,0.1941747572815534,0.2185294117647059
4558,20260810,640,0.1140625,0.4265625,0.191515625,0.0739597635938581,5.0,0.4,91.0,0.7912087912087912,0.1584615384615384,108.0,0.4351851851851852,0.1940740740740741,109.0,0.4128440366972477,0.1869724770642201,109.0,0.4862385321100917,0.1848623853211009,124.0,0.2983870967741935,0.1855645161290322,99.0,0.1919191919191919,0.2388888888888888
4560,20260727,651,0.184331797235023,0.5622119815668203,0.1517511520737327,0.0697086727589366,5.0,0.6,109.0,0.8073394495412844,0.1575229357798165,104.0,0.6923076923076923,0.1385576923076923,94.0,0.6170212765957447,0.1401063829787234,118.0,0.576271186440678,0.1342372881355932,121.0,0.4297520661157025,0.1487603305785124,105.0,0.2666666666666666,0.1923809523809523
4561,20260809,799,0.3028785982478097,0.5707133917396746,0.1983437892095357,0.0854951905414402,5.0,0.2,149.0,0.7718120805369127,0.1987919463087248,161.0,0.5031055900621118,0.2030625,153.0,0.6339869281045751,0.1794771241830065,159.0,0.6226415094339622,0.1952830188679245,100.0,0.42,0.2017,77.0,0.2857142857142857,0.2274999999999999
4562,20260810,811,0.0875462392108508,0.3847102342786683,0.1872379778051787,0.0697433472715194,5.0,0.4,101.0,0.7227722772277227,0.1612871287128713,144.0,0.375,0.1911111111111111,147.0,0.4149659863945578,0.1885714285714285,133.0,0.4511278195488721,0.1841353383458646,153.0,0.2745098039215686,0.1875816993464052,133.0,0.1654135338345864,0.203984962406015
4563,20260802,659,0.0910470409711684,0.3171471927162367,0.1765296803652968,0.0721625898774969,5.0,0.6,81.0,0.7407407407407407,0.146125,127.0,0.3070866141732283,0.1751181102362204,121.0,0.3223140495867768,0.1739669421487603,122.0,0.2786885245901639,0.1788524590163934,121.0,0.2479338842975206,0.1816666666666666,87.0,0.0804597701149425,0.1997701149425287
4564,20260810,787,0.1118170266836086,0.4574332909783989,0.1692748091603053,0.0590454890109844,5.0,0.8,126.0,0.8015873015873016,0.1554761904761904,129.0,0.5193798449612403,0.1701550387596899,142.0,0.5492957746478874,0.1548591549295774,131.0,0.4351145038167939,0.1716030534351145,143.0,0.2937062937062937,0.1853846153846154,116.0,0.1293103448275862,0.1785217391304348
4565,20260729,647,0.1035548686244204,0.4219474497681607,0.1723839009287925,0.0694173985445728,5.0,0.2,92.0,0.6304347826086957,0.1753260869565217,113.0,0.5221238938053098,0.1758407079646017,109.0,0.3944954128440367,0.1706422018348624,114.0,0.3596491228070175,0.1634210526315789,115.0,0.4,0.1634782608695652,104.0,0.25,0.1876699029126213
4566,20260803,904,0.3030973451327434,0.6803097345132744,0.1390899001109878,0.0538264333365976,5.0,1.0,208.0,0.9182692307692308,0.1390384615384615,132.0,0.7575757575757576,0.1408333333333333,159.0,0.7044025157232704,0.1475471698113207,147.0,0.6190476190476191,0.1310273972602739,158.0,0.5253164556962026,0.1390384615384615,100.0,0.38,0.1353
4567,20260801,574,0.0400696864111498,0.3205574912891986,0.2219264448336252,0.0723689819318654,5.0,0.2,74.0,0.7027027027027027,0.1809459459459459,114.0,0.3947368421052631,0.2074561403508772,106.0,0.330188679245283,0.2045283018867924,103.0,0.3203883495145631,0.2267961165048543,109.0,0.128440366972477,0.2486915887850467,68.0,0.0735294117647058,0.2691044776119403
4568,20260805,719,0.1752433936022253,0.5271210013908206,0.146694560669456,0.0615067220735454,5.0,0.4,122.0,0.8688524590163934,0.1336065573770491,125.0,0.496,0.1529838709677419,122.0,0.5491803278688525,0.1371311475409836,122.0,0.5409836065573771,0.1349586776859504,114.0,0.3947368421052631,0.1518421052631579,114.0,0.2894736842105263,0.1714035087719298
4569,20260810,632,0.1439873417721519,0.4651898734177215,0.1714240506329113,0.0762274904981333,5.0,0.4,101.0,0.7623762376237624,0.1833663366336633,107.0,0.5233644859813084,0.1599999999999999,116.0,0.5,0.165603448275862,107.0,0.4485981308411215,0.1641121495327102,105.0,0.3142857142857143,0.1738095238095238,96.0,0.2291666666666666,0.1841666666666666
4570,20260810,876,0.2477168949771689,0.6723744292237442,0.1455949656750572,0.0635158011822822,5.0,0.6,180.0,0.8611111111111112,0.1499444444444444,141.0,0.7872340425531915,0.1559285714285714,136.0,0.7279411764705882,0.1394117647058823,153.0,0.6862745098039216,0.128954248366013,148.0,0.5202702702702703,0.1412925170068027,118.0,0.3559322033898305,0.1607627118644067
4571,20260810,746,0.3605898123324397,0.6032171581769437,0.153494623655914,0.0741158818984807,5.0,1.0,139.0,0.8273381294964028,0.1622302158273381,91.0,0.7472527472527473,0.1547252747252747,97.0,0.6185567010309279,0.1596875,117.0,0.6239316239316239,0.1457264957264957,109.0,0.6146788990825688,0.1529357798165137,193.0,0.3471502590673575,0.1485416666666666
4572,20260808,812,0.1650246305418719,0.5467980295566502,0.1441256157635468,0.0602323005827258,5.0,0.6,141.0,0.8652482269503546,0.1218439716312056,129.0,0.627906976744186,0.1543410852713178,133.0,0.5864661654135338,0.1399248120300751,133.0,0.4436090225563909,0.1302255639097744,141.0,0.4113475177304964,0.1521985815602837,135.0,0.3407407407407407,0.167037037037037
4573,20260802,801,0.2459425717852684,0.66167290886392,0.1388389513108614,0.051409839198745,5.0,0.6,160.0,0.9625,0.1286875,132.0,0.7045454545454546,0.1320454545454545,133.0,0.6390977443609023,0.1435338345864661,138.0,0.6594202898550725,0.1328985507246377,123.0,0.5121951219512195,0.1508943089430894,115.0,0.3826086956521739,0.1495652173913043
4574,20260806,793,0.1084489281210592,0.4287515762925599,0.1830895334174023,0.0628769153637383,5.0,0.2,106.0,0.7735849056603774,0.1741509433962264,138.0,0.4782608695652174,0.1871739130434782,154.0,0.487012987012987,0.1601948051948052,150.0,0.3733333333333333,0.1912,135.0,0.3185185185185185,0.1947407407407407,110.0,0.1636363636363636,0.1932727272727273
4575,20260728,658,0.2310030395136778,0.6276595744680851,0.1400911854103343,0.0611415534441296,5.0,0.6,121.0,0.9173553719008264,0.1384297520661157,105.0,0.6857142857142857,0.1442857142857143,116.0,0.5431034482758621,0.135603448275862,102.0,0.6764705882352942,0.1140196078431372,110.0,0.5363636363636364,0.1427272727272727,104.0,0.375,0.165576923076923
4578,20260803,774,0.2144702842377261,0.5594315245478036,0.1668305304010349,0.0672980165123569,5.0,0.8,139.0,0.9280575539568344,0.1357553956834532,132.0,0.6287878787878788,0.1711450381679389,134.0,0.5746268656716418,0.154776119402985,135.0,0.5407407407407407,0.1695555555555555,116.0,0.3534482758620689,0.1784482758620689,118.0,0.2542372881355932,0.1977966101694915
4579,20260810,825,0.2496969696969697,0.6460606060606061,0.1554556500607533,0.0635273798017848,5.0,0.6,168.0,0.8809523809523809,0.1489221556886227,128.0,0.71875,0.166875,136.0,0.7205882352941176,0.1502941176470588,142.0,0.5211267605633803,0.161338028169014,134.0,0.5597014925373134,0.1496240601503759,117.0,0.3931623931623931,0.1577777777777778
4580,20260810,837,0.2114695340501792,0.5471923536439666,0.1658064516129032,0.0678143210008711,5.0,0.6,155.0,0.8903225806451613,0.1493548387096774,130.0,0.5846153846153846,0.174,146.0,0.6164383561643836,0.1808219178082191,124.0,0.4758064516129032,0.1628225806451613,143.0,0.3916083916083916,0.1633566433566433,139.0,0.2805755395683453,0.1658992805755395
4581,20260805,895,0.2089385474860335,0.5865921787709497,0.1405599104143337,0.0591855892995166,5.0,0.8,165.0,0.8727272727272727,0.1306060606060606,153.0,0.6928104575163399,0.1476315789473684,146.0,0.5684931506849316,0.1476712328767123,161.0,0.515527950310559,0.1495652173913043,136.0,0.4779411764705882,0.1431851851851852,134.0,0.3283582089552239,0.1235820895522388
4583,20260808,852,0.1584507042253521,0.568075117370892,0.1460895170789163,0.0608461846151155,5.0,0.8,151.0,0.8675496688741722,0.1363333333333333,134.0,0.6343283582089553,0.1418045112781955,162.0,0.6358024691358025,0.1359259259259259,145.0,0.5862068965517241,0.1447586206896551,131.0,0.3511450381679389,0.1553846153846153,129.0,0.2635658914728682,0.1667441860465116
4584,20260810,839,0.2622169249106079,0.6877234803337307,0.121242532855436,0.050652938220156,5.0,0.4,174.0,0.9080459770114944,0.1158045977011494,137.0,0.7372262773722628,0.1278832116788321,139.0,0.6906474820143885,0.1238129496402877,133.0,0.6691729323308271,0.1121212121212121,132.0,0.5757575757575758,0.1241666666666666,124.0,0.4596774193548387,0.1252845528455284
4586,20260802,805,0.2596273291925466,0.6086956521739131,0.1255915317559153,0.0504894354437348,5.0,1.0,175.0,0.9142857142857144,0.1183908045977011,122.0,0.5491803278688525,0.1256198347107438,133.0,0.6090225563909775,0.1261654135338346,140.0,0.55,0.126,123.0,0.5121951219512195,0.1255284552845528,112.0,0.375,0.135625
4587,20260730,709,0.1805359661495063,0.5514809590973202,0.1628531073446327,0.0689923102564713,5.0,0.6,129.0,0.8294573643410853,0.1422480620155038,113.0,0.5929203539823009,0.1700884955752212,121.0,0.5619834710743802,0.1458677685950413,120.0,0.55,0.1541666666666666,127.0,0.4173228346456692,0.1744444444444444,99.0,0.303030303030303,0.1979797979797979
4588,20260810,796,0.1959798994974874,0.5540201005025126,0.1446984924623115,0.0631563788439624,5.0,0.4,140.0,0.85,0.1243571428571428,130.0,0.6923076923076923,0.138,128.0,0.59375,0.131953125,140.0,0.4571428571428571,0.1365714285714285,127.0,0.4960629921259842,0.155748031496063,131.0,0.2213740458015267,0.1835114503816793
4589,20260805,551,0.2087114337568058,0.5553539019963702,0.1574545454545454,0.0735766312164196,5.0,0.6,90.0,0.8111111111111111,0.1665555555555555,103.0,0.6601941747572816,0.1500970873786407,89.0,0.651685393258427,0.1492045454545454,97.0,0.5567010309278351,0.142680412371134,99.0,0.3838383838383838,0.1587878787878787,73.0,0.2054794520547945,0.1843835616438356
4590,20260810,790,0.2810126582278481,0.6848101265822785,0.1443979721166033,0.0618375056592182,5.0,0.4,182.0,0.9175824175824177,0.1354395604395604,129.0,0.7364341085271318,0.1468217054263565,114.0,0.7192982456140351,0.1379824561403508,135.0,0.6518518518518519,0.1362222222222222,121.0,0.5619834710743802,0.1470247933884297,109.0,0.3761467889908257,0.1706481481481481
4592,20260803,712,0.0842696629213483,0.4241573033707865,0.161169014084507,0.0606250275830906,5.0,0.2,102.0,0.7254901960784313,0.1535294117647059,116.0,0.5689655172413793,0.1686086956521739,135.0,0.4740740740740741,0.142074074074074,128.0,0.4453125,0.17015625,118.0,0.2033898305084746,0.1594915254237288,113.0,0.1504424778761062,0.175
4593,20260803,728,0.1895604395604395,0.5865384615384616,0.1580413793103448,0.0666749061892019,5.0,0.6,133.0,0.8872180451127819,0.141203007518797,120.0,0.6416666666666667,0.1380833333333333,113.0,0.6548672566371682,0.1436283185840708,125.0,0.552,0.1673387096774193,123.0,0.4552845528455284,0.1743089430894309,114.0,0.2894736842105263,0.1858035714285714
4594,20260803,791,0.2515802781289507,0.6093552465233881,0.1494556962025316,0.0625316724747546,5.0,0.8,164.0,0.9085365853658536,0.1303658536585366,137.0,0.6642335766423357,0.1555882352941176,144.0,0.5625,0.1565972222222222,166.0,0.5481927710843374,0.1386144578313253,132.0,0.4545454545454545,0.1565151515151515,48.0,0.2083333333333333,0.1939583333333333
4596,20260810,881,0.2009080590238365,0.6356413166855845,0.1518998862343572,0.0626175998512885,5.0,0.6,174.0,0.8620689655172413,0.1433526011560693,135.0,0.7407407407407407,0.1606666666666666,143.0,0.6993006993006993,0.1456338028169014,145.0,0.5379310344827586,0.1568965517241379,150.0,0.52,0.1521333333333333,134.0,0.4029850746268656,0.1550746268656716
4598,20260810,788,0.2220812182741116,0.6015228426395939,0.1560152284263959,0.0708154803373152,5.0,0.8,156.0,0.8653846153846154,0.1407051282051282,133.0,0.6541353383458647,0.1533834586466165,134.0,0.7164179104477612,0.1412686567164179,120.0,0.575,0.1625833333333333,115.0,0.4434782608695652,0.1572173913043478,130.0,0.2769230769230769,0.1851538461538461
4600,20260729,842,0.2470308788598574,0.6247030878859857,0.1314149821640904,0.0592683910481569,5.0,0.8,167.0,0.8982035928143712,0.1255089820359281,132.0,0.7121212121212122,0.1327272727272727,132.0,0.6363636363636364,0.124469696969697,140.0,0.6071428571428571,0.1324285714285714,142.0,0.5,0.1273239436619718,129.0,0.3255813953488372,0.148359375
4601,20260808,868,0.2776497695852534,0.6578341013824884,0.1354808806488992,0.0620149818788974,5.0,0.8,188.0,0.9042553191489362,0.1436170212765957,139.0,0.7122302158273381,0.1339568345323741,129.0,0.6821705426356589,0.1252713178294573,154.0,0.6428571428571429,0.1262337662337662,137.0,0.5401459854014599,0.1414179104477612,121.0,0.3388429752066115,0.1407563025210084
4603,20260810,745,0.1409395973154362,0.4939597315436241,0.1517718120805369,0.0589853947120286,5.0,0.6,110.0,0.8363636363636363,0.1432727272727272,125.0,0.568,0.14528,129.0,0.5193798449612403,0.1382945736434108,129.0,0.4728682170542636,0.1620930232558139,141.0,0.4113475177304964,0.1525531914893617,111.0,0.1711711711711711,0.1701801801801802
4604,20260810,894,0.2762863534675615,0.7102908277404921,0.1413199105145414,0.0552930216113947,5.0,0.0,192.0,0.953125,0.1130208333333333,141.0,0.7801418439716312,0.1394326241134751,147.0,0.7210884353741497,0.1401360544217687,142.0,0.6971830985915493,0.1542957746478873,142.0,0.5704225352112676,0.1626056338028169,130.0,0.4307692307692308,0.149076923076923
4607,20260810,869,0.1484464902186421,0.6029919447640967,0.1724741081703107,0.0739855105666094,5.0,0.4,156.0,0.9166666666666666,0.1603205128205128,136.0,0.5220588235294118,0.1850735294117647,144.0,0.7083333333333334,0.1663194444444444,151.0,0.6291390728476821,0.1769536423841059,141.0,0.4539007092198581,0.1766666666666666,141.0,0.3475177304964539,0.171063829787234
4608,20260810,844,0.1990521327014218,0.6042654028436019,0.1537738095238095,0.0654611573651335,5.0,0.4,167.0,0.8802395209580839,0.1323493975903614,135.0,0.7333333333333333,0.1456296296296296,154.0,0.6623376623376623,0.1621052631578947,130.0,0.6076923076923076,0.1517692307692307,138.0,0.3768115942028985,0.1582481751824817,120.0,0.2583333333333333,0.1790833333333333
4610,20260810,807,0.2788104089219331,0.5774473358116481,0.1620496894409937,0.0792097460314271,5.0,0.4,149.0,0.785234899328859,0.1722297297297297,127.0,0.6614173228346457,0.158503937007874,124.0,0.6693548387096774,0.1567741935483871,130.0,0.6,0.147,145.0,0.4689655172413793,0.1580555555555555,132.0,0.2727272727272727,0.1781818181818182
4611,20260810,710,0.2352112676056338,0.5647887323943662,0.1496458923512748,0.0679840369645263,5.0,0.6,137.0,0.8613138686131386,0.1327737226277372,123.0,0.6585365853658537,0.1407438016528925,119.0,0.5798319327731093,0.1316806722689075,126.0,0.4761904761904761,0.172016129032258,117.0,0.4102564102564102,0.1691452991452991,88.0,0.2840909090909091,0.155
4614,20260727,663,0.2941176470588235,0.6772247360482655,0.1335649546827794,0.0621370027455003,5.0,0.8,140.0,0.9214285714285714,0.1421428571428571,106.0,0.7452830188679245,0.1450943396226415,109.0,0.7155963302752294,0.1361467889908257,117.0,0.6752136752136753,0.1203418803418803,101.0,0.5148514851485149,0.1284,90.0,0.3555555555555555,0.1264444444444444
4615,20260810,680,0.0691176470588235,0.4029411764705882,0.1866029411764705,0.0733450025776411,5.0,0.2,92.0,0.6630434782608695,0.1651086956521739,132.0,0.4772727272727273,0.1691666666666667,114.0,0.4385964912280701,0.1689473684210526,109.0,0.3394495412844037,0.1922935779816514,132.0,0.3484848484848485,0.1969696969696969,101.0,0.1683168316831683,0.2292079207920792
4618,20260714,722,0.131578947368421,0.4916897506925208,0.1685436893203883,0.0670765690964919,5.0,0.6,109.0,0.7431192660550459,0.1544954128440367,125.0,0.576,0.18096,126.0,0.4682539682539682,0.1684126984126984,126.0,0.4761904761904761,0.1759523809523809,129.0,0.4186046511627907,0.159922480620155,107.0,0.2710280373831775,0.170188679245283
4619,20260803,613,0.1337683523654159,0.4486133768352365,0.1825615763546798,0.0822508073226802,5.0,0.6,82.0,0.7439024390243902,0.1760975609756097,87.0,0.4482758620689655,0.1950574712643678,95.0,0.4736842105263157,0.1957446808510638,93.0,0.5591397849462365,0.1613186813186813,114.0,0.3947368421052631,0.184070796460177,142.0,0.2323943661971831,0.1823239436619718
4623,20260810,767,0.105606258148631,0.409387222946545,0.1643250327653997,0.0721539728315704,5.0,0.6,110.0,0.7545454545454545,0.1438532110091743,134.0,0.5074626865671642,0.1572388059701492,132.0,0.4393939393939394,0.1454961832061068,135.0,0.3259259259259259,0.1703007518796992,157.0,0.2802547770700637,0.1750955414012739,99.0,0.1717171717171717,0.1962626262626262
4624,20260810,783,0.2745849297573435,0.644955300127714,0.1609578544061302,0.0668119261269353,5.0,0.8,145.0,0.9103448275862068,0.1532413793103448,127.0,0.7165354330708661,0.1594488188976378,138.0,0.7028985507246377,0.1752173913043478,125.0,0.592,0.15008,132.0,0.5378787878787878,0.1648484848484848,116.0,0.3448275862068966,0.1625862068965517
4625,20260803,655,0.1251908396946565,0.4122137404580153,0.1568759571209801,0.063296707085854,5.0,0.4,77.0,0.7402597402597403,0.139078947368421,118.0,0.4915254237288136,0.1688135593220339,128.0,0.453125,0.15859375,106.0,0.3679245283018867,0.1565094339622641,123.0,0.2845528455284553,0.156311475409836,103.0,0.2233009708737864,0.1552427184466019
4626,20260801,539,0.1150278293135436,0.4137291280148423,0.1968959107806691,0.0874729503702448,5.0,0.2,76.0,0.618421052631579,0.172,94.0,0.4893617021276595,0.1872340425531915,88.0,0.5113636363636364,0.1728409090909091,88.0,0.3181818181818182,0.2017045454545454,96.0,0.375,0.2117708333333333,97.0,0.2164948453608247,0.2282474226804123
4627,20260808,695,0.2920863309352518,0.6359712230215827,0.1427913669064748,0.0653511241056538,5.0,0.8,147.0,0.8843537414965986,0.1156462585034013,119.0,0.7647058823529411,0.1356302521008403,112.0,0.6517857142857143,0.1426785714285714,117.0,0.6068376068376068,0.1562393162393162,111.0,0.4504504504504504,0.1599999999999999,89.0,0.3033707865168539,0.1582022471910112
4630,20260810,826,0.1888619854721549,0.6089588377723971,0.1642060606060606,0.0661852768549015,5.0,0.6,161.0,0.8322981366459627,0.1751552795031055,114.0,0.6666666666666666,0.1710526315789473,134.0,0.6940298507462687,0.1597014925373134,154.0,0.6233766233766234,0.1575324675324675,131.0,0.4503816793893129,0.1582442748091603,132.0,0.3409090909090909,0.163206106870229
4631,20260806,595,0.1798319327731092,0.5058823529411764,0.1485016835016835,0.0695484049917498,5.0,0.2,96.0,0.8333333333333334,0.1245833333333333,103.0,0.5339805825242718,0.150873786407767,97.0,0.4948453608247423,0.1436458333333333,95.0,0.5157894736842106,0.1631578947368421,109.0,0.3761467889908257,0.1529357798165137,95.0,0.2947368421052631,0.1552631578947368
4632,20260809,674,0.0934718100890207,0.4599406528189911,0.1814413075780089,0.0725066163056659,5.0,0.6,97.0,0.6597938144329897,0.1694845360824742,112.0,0.5535714285714286,0.18875,120.0,0.5,0.1717499999999999,115.0,0.4869565217391304,0.1810434782608695,117.0,0.376068376068376,0.172991452991453,113.0,0.2123893805309734,0.2041071428571428
4633,20260810,759,0.1291172595520421,0.5349143610013175,0.1621428571428571,0.062438632003271,5.0,0.4,119.0,0.8907563025210085,0.1262184873949579,127.0,0.6141732283464567,0.1511111111111111,124.0,0.5806451612903226,0.1419354838709677,148.0,0.5,0.1694520547945205,126.0,0.365079365079365,0.1753174603174603,115.0,0.2608695652173913,0.2094782608695652
4635,20260810,598,0.1588628762541806,0.4749163879598662,0.1273199329983249,0.0592090792304025,5.0,0.8,94.0,0.7659574468085106,0.1383870967741935,104.0,0.5288461538461539,0.1296153846153846,103.0,0.5631067961165048,0.1215533980582524,92.0,0.4347826086956521,0.1317391304347826,112.0,0.3125,0.1254464285714285,93.0,0.2580645161290322,0.1179569892473118
4636,20260810,563,0.103019538188277,0.3357015985790408,0.1815630550621669,0.0685296543083258,5.0,0.4,77.0,0.6103896103896104,0.1941558441558441,99.0,0.3535353535353535,0.1882828282828283,107.0,0.4392523364485981,0.1830841121495327,90.0,0.3,0.1497777777777778,109.0,0.2018348623853211,0.1788073394495413,81.0,0.1358024691358024,0.198395061728395
4637,20260808,709,0.1438645980253878,0.5218617771509168,0.1633286318758815,0.0621244080182018,5.0,0.4,110.0,0.8090909090909091,0.1553636363636363,117.0,0.6068376068376068,0.1735897435897435,120.0,0.5916666666666667,0.1566666666666666,125.0,0.512,0.1551999999999999,132.0,0.4090909090909091,0.1628787878787878,105.0,0.2,0.178095238095238
4638,20260810,747,0.1392235609103079,0.4605087014725569,0.1871332436069986,0.0661699127027028,5.0,0.4,108.0,0.7962962962962963,0.1577777777777777,135.0,0.5777777777777777,0.182074074074074,127.0,0.4960629921259842,0.1768503937007874,131.0,0.4503816793893129,0.1812307692307692,138.0,0.2971014492753623,0.2037956204379562,108.0,0.1574074074074074,0.2215094339622641
4639,20260808,757,0.1043593130779392,0.4029062087186261,0.1716334661354581,0.0648820652106101,5.0,0.2,106.0,0.8113207547169812,0.1513333333333333,126.0,0.4444444444444444,0.16344,143.0,0.4895104895104895,0.1653521126760563,146.0,0.3150684931506849,0.1728767123287671,149.0,0.2550335570469799,0.1831081081081081,87.0,0.1034482758620689,0.196551724137931
4640,20260810,869,0.2209436133486766,0.6075949367088608,0.1448267898383372,0.0518305109844543,5.0,0.4,176.0,0.9261363636363636,0.1374431818181818,130.0,0.6615384615384615,0.1489922480620155,151.0,0.6423841059602649,0.1486666666666666,136.0,0.5955882352941176,0.1416176470588235,150.0,0.42,0.1496666666666666,126.0,0.3015873015873015,0.144
4641,20260616,540,0.1388888888888889,0.4388888888888889,0.1812222222222222,0.0804937694084469,5.0,0.0,76.0,0.7631578947368421,0.1496052631578947,97.0,0.4742268041237113,0.1765979381443299,88.0,0.4318181818181818,0.1860227272727272,93.0,0.4301075268817204,0.1824731182795698,107.0,0.3551401869158878,0.1875700934579439,79.0,0.2151898734177215,0.2018987341772152
4642,20260810,707,0.28995756718529,0.652050919377652,0.1547100424328147,0.0578714318899573,5.0,0.8,150.0,0.8933333333333333,0.1516666666666666,118.0,0.711864406779661,0.1643220338983051,114.0,0.6052631578947368,0.1493859649122807,120.0,0.575,0.1558333333333333,111.0,0.5945945945945946,0.1505405405405405,94.0,0.4148936170212766,0.1574468085106383
4643,20260810,811,0.279901356350185,0.6535141800246609,0.1374197530864197,0.0587661959178495,5.0,0.4,174.0,0.9195402298850576,0.1214367816091954,131.0,0.7251908396946565,0.1285496183206106,132.0,0.6666666666666666,0.1313636363636363,147.0,0.6530612244897959,0.1373287671232876,121.0,0.4297520661157025,0.1478512396694214,106.0,0.3679245283018867,0.170377358490566
4644,20260809,747,0.1981258366800535,0.5930388219544847,0.1583602150537634,0.0614388351140286,5.0,0.6,141.0,0.8368794326241135,0.1591489361702127,112.0,0.6785714285714286,0.1711607142857143,125.0,0.64,0.16064,145.0,0.5103448275862069,0.1541666666666666,122.0,0.5,0.15375,102.0,0.3333333333333333,0.1517647058823529
4645,20260805,850,0.2552941176470588,0.6317647058823529,0.1373647058823529,0.0593761384156025,5.0,1.0,176.0,0.9261363636363636,0.1340909090909091,117.0,0.7350427350427351,0.1411111111111111,144.0,0.6319444444444444,0.1358333333333333,140.0,0.6142857142857143,0.1394285714285714,127.0,0.4724409448818897,0.1296062992125984,146.0,0.3493150684931507,0.1445890410958904
4648,20260810,641,0.1341653666146645,0.4617784711388455,0.1471361502347418,0.0623767536618079,5.0,0.4,91.0,0.8351648351648352,0.138021978021978,118.0,0.4915254237288136,0.1607692307692307,123.0,0.4634146341463415,0.1407317073170731,98.0,0.4183673469387755,0.1523711340206185,128.0,0.3046875,0.140390625,83.0,0.3012048192771084,0.1516867469879518
4649,20260810,825,0.1818181818181818,0.5296969696969697,0.133260606060606,0.0537821528322273,5.0,0.4,148.0,0.8445945945945946,0.1330405405405405,132.0,0.5909090909090909,0.1467424242424242,139.0,0.5323741007194245,0.1356115107913669,141.0,0.4893617021276595,0.126595744680851,124.0,0.3709677419354839,0.1184677419354838,141.0,0.3191489361702128,0.1382269503546099
4650,20251224,722,0.2590027700831025,0.6398891966759003,0.1451460361613351,0.059456973213441,5.0,0.6,142.0,0.8943661971830986,0.131063829787234,119.0,0.6974789915966386,0.1439495798319327,119.0,0.680672268907563,0.1485714285714285,124.0,0.6451612903225806,0.1390243902439024,123.0,0.4878048780487805,0.1534146341463414,95.0,0.3263157894736842,0.1606382978723404
4651,20260808,592,0.0979729729729729,0.3581081081081081,0.1615709459459459,0.0747884292913145,5.0,0.0,71.0,0.6338028169014085,0.1750704225352112,92.0,0.3695652173913043,0.1480434782608695,110.0,0.4545454545454545,0.1632727272727273,112.0,0.2857142857142857,0.1610714285714285,123.0,0.3170731707317073,0.159430894308943,84.0,0.1428571428571428,0.166547619047619
4652,20260810,838,0.1718377088305489,0.5525059665871122,0.1612664277180406,0.0734070791352381,5.0,0.2,140.0,0.7714285714285715,0.1697857142857143,140.0,0.6142857142857143,0.1660714285714285,153.0,0.6078431372549019,0.1483006535947712,158.0,0.5569620253164557,0.1421518987341772,123.0,0.3983739837398374,0.1551639344262295,124.0,0.314516129032258,0.1925806451612903
4653,20260515,852,0.3086854460093897,0.6572769953051644,0.145575117370892,0.0548752126038666,5.0,1.0,191.0,0.9057591623036648,0.146544502617801,137.0,0.6934306569343066,0.1476642335766423,140.0,0.6642857142857143,0.1429285714285714,129.0,0.6666666666666666,0.1266666666666666,131.0,0.5114503816793893,0.1441221374045801,124.0,0.3709677419354839,0.1659677419354838
4654,20260810,702,0.2094017094017094,0.6581196581196581,0.1508428571428571,0.0595627246125066,5.0,0.4,137.0,0.948905109489051,0.1468613138686131,109.0,0.7431192660550459,0.1499074074074074,121.0,0.7520661157024794,0.1470247933884297,129.0,0.6434108527131783,0.1496899224806201,110.0,0.509090909090909,0.1482727272727272,96.0,0.21875,0.1670526315789473
4656,20260810,689,0.11611030478955,0.4600870827285921,0.1524418604651163,0.0597900599678347,5.0,0.4,91.0,0.8021978021978022,0.1387912087912088,127.0,0.5118110236220472,0.1553968253968254,121.0,0.4710743801652892,0.1504132231404958,117.0,0.4615384615384615,0.1472649572649572,125.0,0.36,0.15624,108.0,0.2129629629629629,0.1639814814814814
4657,20230806,76,0.1578947368421052,0.5131578947368421,0.1756578947368421,0.0968631091353015,5.0,0.4,13.0,0.7692307692307693,0.1292307692307692,14.0,0.4285714285714285,0.2314285714285714,13.0,0.5384615384615384,0.1969230769230769,16.0,0.6875,0.14625,10.0,0.4,0.1659999999999999,10.0,0.1,0.187
4659,20260809,916,0.2794759825327511,0.6921397379912664,0.1433551912568306,0.052504483939056,5.0,1.0,206.0,0.9466019417475728,0.1450243902439024,150.0,0.7266666666666667,0.1482666666666666,147.0,0.7414965986394558,0.144421768707483,156.0,0.7051282051282052,0.1321153846153846,138.0,0.5,0.1392753623188405,119.0,0.3529411764705882,0.1524369747899159
4660,20260728,527,0.0740037950664136,0.3225806451612903,0.1988,0.0741394310613133,5.0,0.6,69.0,0.6666666666666666,0.1728985507246376,89.0,0.348314606741573,0.2179775280898876,90.0,0.2888888888888888,0.1987777777777777,95.0,0.2947368421052631,0.1953684210526315,98.0,0.2959183673469387,0.1956122448979592,86.0,0.1162790697674418,0.2073809523809524
4661,20260810,713,0.1346423562412342,0.5511921458625526,0.1866339410939691,0.0750756650449613,5.0,0.6,119.0,0.8571428571428571,0.1533613445378151,108.0,0.6851851851851852,0.1810185185185185,134.0,0.5671641791044776,0.1665671641791044,119.0,0.5210084033613446,0.1920168067226891,134.0,0.373134328358209,0.1977611940298507,99.0,0.2929292929292929,0.2383838383838384
4662,20241128,189,0.0476190476190476,0.2486772486772486,0.1969312169312169,0.0923938002060121,5.0,0.2,25.0,0.6,0.1664,33.0,0.3939393939393939,0.216060606060606,30.0,0.2,0.1896666666666666,31.0,0.1935483870967742,0.1780645161290322,38.0,0.1052631578947368,0.19,32.0,0.09375,0.234375
4663,20260728,479,0.1398747390396659,0.4926931106471816,0.1589330543933054,0.0741359694197114,5.0,0.6,76.0,0.8552631578947368,0.1317105263157894,85.0,0.6352941176470588,0.1443529411764705,72.0,0.4444444444444444,0.165,73.0,0.4794520547945205,0.1533333333333333,98.0,0.2959183673469387,0.1675510204081632,75.0,0.28,0.1913333333333333
4664,20260801,580,0.0775862068965517,0.3103448275862069,0.1900173310225303,0.0794467418775388,5.0,0.0,77.0,0.5844155844155844,0.1575,104.0,0.3461538461538461,0.1990384615384615,113.0,0.3185840707964602,0.1836283185840708,103.0,0.3203883495145631,0.1820588235294117,107.0,0.1962616822429906,0.2036792452830188,76.0,0.1184210526315789,0.2113157894736842
4665,20260810,643,0.0497667185069984,0.3530326594090202,0.170234375,0.0642707267607841,5.0,0.2,81.0,0.6172839506172839,0.15925,108.0,0.3703703703703703,0.1649074074074074,124.0,0.3548387096774194,0.167016129032258,119.0,0.3865546218487395,0.1778151260504201,126.0,0.2698412698412698,0.1677777777777777,85.0,0.1529411764705882,0.1854216867469879
4666,20260731,559,0.1055456171735241,0.3488372093023256,0.157258064516129,0.0650104049944639,5.0,0.4,73.0,0.7397260273972602,0.1608219178082192,103.0,0.4077669902912621,0.1557843137254902,97.0,0.3298969072164948,0.1444329896907216,89.0,0.3707865168539326,0.1486516853932584,101.0,0.2871287128712871,0.1515841584158415,96.0,0.0520833333333333,0.1830208333333333
4668,20231221,102,0.0588235294117647,0.3235294117647059,0.1891176470588235,0.0765186500549269,5.0,0.2,15.0,0.4,0.1726666666666666,16.0,0.3125,0.2025,16.0,0.3125,0.203125,15.0,0.4,0.1726666666666667,21.0,0.3809523809523809,0.1828571428571428,19.0,0.1578947368421052,0.1989473684210526
4669,20260808,622,0.0739549839228295,0.3938906752411575,0.1787299035369774,0.0745155481713937,5.0,0.4,71.0,0.7605633802816901,0.1440845070422535,113.0,0.5221238938053098,0.1632743362831858,121.0,0.4132231404958678,0.1476859504132231,114.0,0.2807017543859649,0.1934210526315789,121.0,0.2892561983471074,0.1967768595041322,82.0,0.1829268292682926,0.228780487804878
4672,20260810,712,0.0842696629213483,0.4115168539325842,0.1824016853932584,0.0618646710590894,5.0,0.6,96.0,0.6875,0.1848958333333333,122.0,0.5,0.1890163934426229,130.0,0.4538461538461538,0.1979230769230769,135.0,0.3925925925925926,0.1874814814814814,131.0,0.2366412213740458,0.1740458015267175,98.0,0.2346938775510204,0.1553061224489796
4674,20260729,788,0.1370558375634517,0.5380710659898477,0.1521573604060913,0.0668179252609638,5.0,0.4,138.0,0.8333333333333334,0.1444202898550724,125.0,0.568,0.17312,139.0,0.5179856115107914,0.1446043165467626,134.0,0.5373134328358209,0.1558955223880597,141.0,0.4042553191489361,0.1452482269503546,111.0,0.3333333333333333,0.1518918918918919
4675,20260803,613,0.1533442088091354,0.497553017944535,0.1329084967320261,0.0573121095551521,5.0,0.6,90.0,0.8,0.1495555555555555,107.0,0.5700934579439252,0.1435514018691588,102.0,0.5098039215686274,0.1434313725490196,95.0,0.4631578947368421,0.1140425531914893,124.0,0.4112903225806452,0.1191129032258064,95.0,0.2631578947368421,0.1305263157894736
4676,20260803,740,0.1297297297297297,0.4824324324324324,0.1594729729729729,0.0654206189029722,5.0,0.4,116.0,0.7931034482758621,0.1419827586206896,139.0,0.539568345323741,0.1443165467625899,136.0,0.5073529411764706,0.1425735294117647,141.0,0.4397163120567376,0.1674468085106382,127.0,0.3228346456692913,0.1796850393700787,81.0,0.2222222222222222,0.1933333333333333
4677,20260810,726,0.2796143250688705,0.6515151515151515,0.147707182320442,0.0692680150157009,5.0,0.6,150.0,0.8933333333333333,0.1447333333333333,119.0,0.6722689075630253,0.1511764705882352,120.0,0.6666666666666666,0.1586666666666666,133.0,0.6541353383458647,0.1265413533834586,128.0,0.5234375,0.138046875,76.0,0.3289473684210526,0.1851351351351351
4678,20260810,600,0.1583333333333333,0.47,0.1614833333333333,0.0646268756443908,5.0,0.2,98.0,0.8469387755102041,0.1544897959183673,111.0,0.5675675675675675,0.154054054054054,106.0,0.5377358490566038,0.1473584905660377,101.0,0.3663366336633663,0.1679207920792079,111.0,0.2792792792792792,0.1696396396396396,73.0,0.1506849315068493,0.1813698630136986
4679,20260810,735,0.219047619047619,0.54421768707483,0.1656343792633015,0.0632243025532582,5.0,1.0,132.0,0.8409090909090909,0.1479545454545454,122.0,0.5901639344262295,0.1657377049180327,125.0,0.608,0.16472,116.0,0.5172413793103449,0.1638260869565217,131.0,0.4351145038167939,0.1670992366412213,109.0,0.2201834862385321,0.1883333333333333
4680,20260730,703,0.12375533428165,0.5263157894736842,0.2037606837606838,0.0711952473172058,5.0,0.6,129.0,0.7984496124031008,0.1995348837209302,118.0,0.576271186440678,0.1994067796610169,131.0,0.5954198473282443,0.1875572519083969,119.0,0.5042016806722689,0.2041176470588235,126.0,0.3571428571428571,0.2158730158730158,80.0,0.2,0.2241772151898734
4681,20260519,540,0.087037037037037,0.3722222222222222,0.1714656771799629,0.0747083645319247,5.0,0.0,67.0,0.7014925373134329,0.1332835820895522,99.0,0.4646464646464646,0.1857575757575757,96.0,0.3854166666666667,0.1503125,97.0,0.3608247422680412,0.1728865979381443,93.0,0.2580645161290322,0.1735869565217391,88.0,0.1363636363636363,0.20375
4682,20260802,867,0.3021914648212226,0.6724336793540946,0.1417416378316032,0.0519012251354297,5.0,0.6,194.0,0.9123711340206184,0.1377319587628866,125.0,0.72,0.144,140.0,0.6785714285714286,0.1314285714285714,152.0,0.6842105263157895,0.125328947368421,136.0,0.5808823529411765,0.1569117647058823,120.0,0.3166666666666666,0.1615
4683,20260810,445,0.1213483146067415,0.4067415730337079,0.1290337078651685,0.0728779878356341,5.0,0.0,33.0,0.6060606060606061,0.1387878787878788,50.0,0.52,0.1274,89.0,0.4831460674157303,0.1195505617977528,92.0,0.4456521739130434,0.1271739130434782,89.0,0.348314606741573,0.1324719101123595,92.0,0.217391304347826,0.1341304347826087
4684,20260808,747,0.180722891566265,0.4966532797858099,0.1523994638069705,0.0643549656847984,5.0,0.6,126.0,0.8253968253968254,0.14112,123.0,0.5284552845528455,0.1656910569105691,124.0,0.5806451612903226,0.1487096774193548,123.0,0.4065040650406504,0.1580487804878048,127.0,0.4094488188976378,0.1488188976377952,124.0,0.2258064516129032,0.1523387096774193
4685,20260712,775,0.3070967741935483,0.6812903225806451,0.1359792477302205,0.0631484330903682,5.0,1.0,173.0,0.8959537572254336,0.1170930232558139,120.0,0.7583333333333333,0.136,115.0,0.6956521739130435,0.1366086956521739,128.0,0.6328125,0.1386614173228346,120.0,0.55,0.1463865546218487,119.0,0.4621848739495798,0.1494915254237288
4686,20260802,806,0.2803970223325062,0.652605459057072,0.1466335403726708,0.0583837901268628,5.0,0.8,170.0,0.9176470588235294,0.138235294117647,129.0,0.6201550387596899,0.149921875,134.0,0.6567164179104478,0.1415671641791044,130.0,0.5846153846153846,0.1465384615384615,122.0,0.6065573770491803,0.1548360655737705,121.0,0.4297520661157025,0.152396694214876
4688,20260809,845,0.2520710059171597,0.6485207100591716,0.1353491124260355,0.0553100139860875,5.0,0.6,168.0,0.8988095238095238,0.1384523809523809,137.0,0.6861313868613139,0.144963503649635,129.0,0.6821705426356589,0.1365891472868217,139.0,0.6834532374100719,0.1269064748201439,135.0,0.5481481481481482,0.1268888888888888,137.0,0.3357664233576642,0.1376642335766423
4689,20260730,326,0.1901840490797546,0.5214723926380368,0.1594171779141104,0.0684398724913852,5.0,0.2,63.0,0.8412698412698413,0.1523809523809523,47.0,0.574468085106383,0.1665957446808511,54.0,0.6296296296296297,0.1503703703703703,54.0,0.5555555555555556,0.1396296296296296,58.0,0.2758620689655172,0.1708620689655172,50.0,0.2,0.1794
4690,20260727,325,0.1538461538461538,0.4953846153846153,0.1630030959752322,0.0731635217796923,5.0,0.4,49.0,0.7346938775510204,0.1414285714285714,60.0,0.6833333333333333,0.1506779661016949,61.0,0.5901639344262295,0.1453333333333333,51.0,0.392156862745098,0.1807843137254901,63.0,0.365079365079365,0.1763492063492063,41.0,0.1219512195121951,0.1897560975609756
4691,20260513,668,0.1002994011976047,0.4131736526946107,0.1671578947368421,0.0705459741427412,5.0,0.2,100.0,0.72,0.1324,124.0,0.4596774193548387,0.1720325203252032,119.0,0.4705882352941176,0.1593277310924369,114.0,0.3859649122807017,0.1855263157894736,113.0,0.2920353982300885,0.1708849557522123,98.0,0.1428571428571428,0.180625
4692,20260802,658,0.1656534954407295,0.4604863221884498,0.1411094224924012,0.0666375456841206,5.0,0.6,105.0,0.7619047619047619,0.1403809523809523,96.0,0.46875,0.1555208333333333,106.0,0.4056603773584906,0.150188679245283,100.0,0.44,0.1402999999999999,108.0,0.3518518518518518,0.1343518518518518,143.0,0.3706293706293706,0.1309090909090909
4693,20260810,759,0.067193675889328,0.3610013175230566,0.1834346103038309,0.0635172306603982,5.0,0.2,101.0,0.5247524752475248,0.1798019801980198,140.0,0.4571428571428571,0.1943165467625899,139.0,0.3741007194244604,0.1899280575539568,119.0,0.3109243697478991,0.1766949152542373,145.0,0.3586206896551724,0.1735862068965517,115.0,0.1391304347826087,0.1849565217391304
4694,20260810,318,0.1257861635220125,0.4182389937106918,0.1841823899371069,0.0843386670458341,5.0,0.2,47.0,0.5957446808510638,0.1729787234042553,58.0,0.5689655172413793,0.1922413793103448,51.0,0.4313725490196078,0.1809803921568627,56.0,0.4285714285714285,0.1876785714285714,62.0,0.2419354838709677,0.1743548387096774,44.0,0.25,0.1986363636363636
4695,20260810,704,0.1363636363636363,0.4616477272727273,0.1691595441595441,0.0673321922880187,5.0,0.6,110.0,0.7909090909090909,0.1582727272727273,119.0,0.4705882352941176,0.1735593220338983,122.0,0.5,0.1681818181818181,113.0,0.4690265486725664,0.1717699115044247,130.0,0.3153846153846154,0.1689230769230769,110.0,0.2454545454545454,0.174
4697,20260810,684,0.0643274853801169,0.3728070175438596,0.1833627019089574,0.0777416125068592,5.0,0.6,91.0,0.6043956043956044,0.1593333333333333,115.0,0.4521739130434782,0.1735652173913043,131.0,0.4351145038167939,0.1727692307692307,118.0,0.3898305084745763,0.1699152542372881,127.0,0.2677165354330709,0.1908730158730159,102.0,0.1078431372549019,0.2353921568627451
4700,20260810,789,0.2141951837769328,0.6007604562737643,0.1581749049429657,0.0674576510171957,5.0,0.8,143.0,0.8811188811188811,0.145034965034965,126.0,0.6587301587301587,0.171031746031746,136.0,0.5882352941176471,0.1566911764705882,144.0,0.5347222222222222,0.15875,120.0,0.5416666666666666,0.1609166666666666,120.0,0.3583333333333333,0.1585833333333333
4702,20260808,752,0.2872340425531915,0.6436170212765957,0.1378848728246318,0.0600497127728375,5.0,0.6,160.0,0.86875,0.1430379746835443,118.0,0.6101694915254238,0.1430172413793103,112.0,0.7321428571428571,0.1452252252252252,123.0,0.6341463414634146,0.1264227642276423,122.0,0.4918032786885246,0.1401639344262295,117.0,0.452991452991453,0.1285470085470085
4703,20260810,803,0.2440846824408468,0.663760896637609,0.1418397997496871,0.0623486452131065,5.0,0.6,179.0,0.905027932960894,0.1298314606741573,126.0,0.746031746031746,0.13664,135.0,0.6518518518518519,0.1382222222222222,146.0,0.5821917808219178,0.1492465753424657,127.0,0.5669291338582677,0.14848,90.0,0.3555555555555555,0.157
4704,20260810,926,0.2419006479481641,0.6263498920086393,0.1446753246753246,0.060948514549252,5.0,0.6,178.0,0.9157303370786516,0.1296610169491525,150.0,0.5933333333333334,0.1506666666666666,175.0,0.6571428571428571,0.1360344827586206,152.0,0.5986842105263158,0.1536842105263157,130.0,0.5923076923076923,0.1574615384615384,141.0,0.3191489361702128,0.1463120567375886
4705,20260810,695,0.1280575539568345,0.3467625899280575,0.1530547550432276,0.0658410880460225,5.0,0.0,99.0,0.7777777777777778,0.1435353535353535,118.0,0.4322033898305085,0.1463247863247863,128.0,0.3671875,0.14625,115.0,0.3217391304347826,0.1557391304347826,121.0,0.1818181818181818,0.1544628099173554,114.0,0.0614035087719298,0.1716666666666666
4706,20260729,845,0.1917159763313609,0.5550295857988166,0.1696094674556213,0.0686796105438151,5.0,0.4,162.0,0.808641975308642,0.1779629629629629,137.0,0.5912408759124088,0.1751824817518248,146.0,0.589041095890411,0.1620547945205479,148.0,0.5135135135135135,0.1684459459459459,141.0,0.4609929078014184,0.1661702127659574,111.0,0.2702702702702703,0.1663963963963964
4708,20260810,617,0.0534846029173419,0.3711507293354943,0.1887034035656402,0.0734048378195886,5.0,0.0,87.0,0.632183908045977,0.1625287356321839,103.0,0.2912621359223301,0.2014563106796116,110.0,0.4909090909090909,0.1888181818181818,99.0,0.3333333333333333,0.174040404040404,126.0,0.2936507936507936,0.1887301587301587,92.0,0.217391304347826,0.2147826086956522
4709,20260706,760,0.1710526315789473,0.5684210526315789,0.162113606340819,0.0603273569768147,5.0,1.0,138.0,0.8043478260869565,0.1540145985401459,115.0,0.6260869565217392,0.1627433628318584,130.0,0.6461538461538462,0.1532307692307692,117.0,0.5897435897435898,0.1676923076923077,134.0,0.4477611940298507,0.1569402985074627,126.0,0.2857142857142857,0.1798412698412698
4710,20260808,897,0.2185061315496098,0.6231884057971014,0.1447991071428571,0.0554160787580381,5.0,0.4,182.0,0.9230769230769232,0.1418131868131868,140.0,0.6928571428571428,0.1490714285714285,170.0,0.6294117647058823,0.1416568047337278,126.0,0.5714285714285714,0.1433333333333333,131.0,0.4885496183206106,0.1402290076335877,148.0,0.3445945945945945,0.1533108108108108
4711,20260809,711,0.1561181434599156,0.569620253164557,0.150590717299578,0.064395401932608,5.0,0.6,121.0,0.8512396694214877,0.1384297520661157,119.0,0.6890756302521008,0.1521848739495798,117.0,0.6239316239316239,0.1449572649572649,122.0,0.5245901639344263,0.1513934426229508,127.0,0.4173228346456692,0.1506299212598425,105.0,0.2857142857142857,0.168095238095238
4712,20231209,111,0.063063063063063,0.1981981981981982,0.1942342342342342,0.0778025862784832,5.0,0.0,15.0,0.4666666666666667,0.198,23.0,0.2608695652173913,0.2082608695652174,17.0,0.1176470588235294,0.1935294117647059,16.0,0.1875,0.188125,20.0,0.15,0.176,20.0,0.05,0.199
4713,20260810,952,0.2762605042016807,0.6859243697478992,0.1377941176470588,0.0587900377345217,5.0,0.6,199.0,0.9296482412060302,0.1342211055276382,149.0,0.7114093959731543,0.1385906040268456,146.0,0.7054794520547946,0.1339041095890411,157.0,0.6751592356687898,0.1457324840764331,155.0,0.5483870967741935,0.1307741935483871,146.0,0.4657534246575342,0.1446575342465753
4714,20260810,666,0.1051051051051051,0.4774774774774775,0.1762406015037594,0.074213687647392,5.0,0.2,104.0,0.7115384615384616,0.1606730769230769,124.0,0.6048387096774194,0.1781451612903225,126.0,0.4603174603174603,0.16104,114.0,0.4824561403508772,0.1843859649122807,115.0,0.3826086956521739,0.1801739130434783,83.0,0.144578313253012,0.1991566265060241
4715,20260810,722,0.3005540166204986,0.6426592797783933,0.1308762169680111,0.0610244938547034,5.0,0.8,158.0,0.8607594936708861,0.1278343949044586,113.0,0.6902654867256637,0.1364601769911504,107.0,0.6822429906542056,0.1361320754716981,125.0,0.68,0.1207999999999999,109.0,0.5229357798165137,0.1343119266055046,110.0,0.3181818181818182,0.1324770642201835
4718,20260810,791,0.2098609355246523,0.5891276864728192,0.1530379746835443,0.0626190901934673,5.0,0.6,155.0,0.7677419354838709,0.1648387096774193,125.0,0.72,0.15408,132.0,0.5984848484848485,0.1470454545454545,145.0,0.6068965517241379,0.1450694444444444,123.0,0.4634146341463415,0.146910569105691,111.0,0.2972972972972973,0.1596396396396396
4719,20260802,808,0.3106435643564356,0.6534653465346535,0.1349381188118812,0.0495224334846674,5.0,0.4,184.0,0.9456521739130436,0.1310869565217391,133.0,0.7368421052631579,0.1391729323308271,130.0,0.6307692307692307,0.1363846153846153,134.0,0.6492537313432836,0.1292537313432835,130.0,0.4461538461538462,0.1341538461538461,97.0,0.2989690721649484,0.1434020618556701
4720,20260810,532,0.1109022556390977,0.4210526315789473,0.1881167608286252,0.0707708000585,5.0,0.4,79.0,0.7088607594936709,0.1873417721518987,98.0,0.5612244897959183,0.1828865979381443,95.0,0.4526315789473684,0.2057894736842105,89.0,0.4044943820224719,0.1786516853932584,89.0,0.2134831460674157,0.1749438202247191,82.0,0.1829268292682926,0.1991463414634146
4723,20260810,692,0.1372832369942196,0.4971098265895953,0.1665606936416185,0.0725965019586253,5.0,0.4,103.0,0.7281553398058253,0.1697087378640776,114.0,0.5789473684210527,0.1602631578947368,112.0,0.5089285714285714,0.1632142857142857,117.0,0.5299145299145299,0.1649572649572649,108.0,0.4259259259259259,0.166574074074074,138.0,0.2753623188405797,0.1734782608695652
4724,20260727,578,0.0380622837370242,0.3131487889273356,0.1787152777777777,0.075157812042621,5.0,0.6,64.0,0.640625,0.1728125,94.0,0.425531914893617,0.1835106382978723,110.0,0.3818181818181818,0.1824770642201835,107.0,0.2336448598130841,0.1839252336448598,111.0,0.1891891891891892,0.1732727272727272,92.0,0.1304347826086956,0.1739130434782609
4725,20260810,719,0.1390820584144645,0.4534075104311544,0.1895271210013908,0.0751636066348938,5.0,0.8,109.0,0.6880733944954128,0.1842201834862385,131.0,0.5419847328244275,0.1994656488549618,126.0,0.4523809523809524,0.1934920634920635,113.0,0.4690265486725664,0.1767256637168141,129.0,0.3565891472868217,0.1736434108527131,111.0,0.2162162162162162,0.21
4726,20260420,128,0.1015625,0.40625,0.148046875,0.0638609156897579,5.0,0.0,20.0,0.65,0.152,25.0,0.48,0.1467999999999999,26.0,0.4230769230769231,0.15,21.0,0.4761904761904761,0.15,20.0,0.2,0.1325,16.0,0.125,0.15875
4727,20260801,621,0.0933977455716586,0.3832528180354267,0.1596607431340872,0.0810555241202035,5.0,0.6,76.0,0.7105263157894737,0.155,113.0,0.5132743362831859,0.158125,118.0,0.4322033898305085,0.1596610169491525,109.0,0.3486238532110092,0.1618348623853211,118.0,0.2372881355932203,0.1629059829059829,87.0,0.1034482758620689,0.1586206896551724
4728,20260805,684,0.1198830409356725,0.4210526315789473,0.1855490483162518,0.072669946288205,5.0,0.2,101.0,0.7821782178217822,0.1697029702970297,117.0,0.4957264957264957,0.1923076923076923,119.0,0.4285714285714285,0.1803361344537815,116.0,0.4482758620689655,0.1887826086956522,117.0,0.2307692307692307,0.1823076923076923,114.0,0.1842105263157894,0.1981578947368421
4729,20260810,616,0.1006493506493506,0.3961038961038961,0.1699673735725938,0.0639305208542116,5.0,0.2,83.0,0.6265060240963856,0.1724096385542168,109.0,0.4678899082568807,0.1751401869158878,106.0,0.3679245283018867,0.1647169811320754,98.0,0.4387755102040816,0.1631632653061224,119.0,0.2857142857142857,0.1669491525423729,101.0,0.2475247524752475,0.1781188118811881
4730,20260810,595,0.146218487394958,0.5327731092436975,0.1758943781942078,0.0767305230734225,5.0,0.8,98.0,0.7244897959183674,0.1574736842105263,115.0,0.6347826086956522,0.1753508771929824,100.0,0.55,0.153,113.0,0.4601769911504424,0.1895495495495495,102.0,0.4509803921568627,0.1799009900990099,67.0,0.2985074626865671,0.2089393939393939
4731,20260704,655,0.1221374045801526,0.4839694656488549,0.1521984732824427,0.071328015528233,5.0,0.4,88.0,0.7045454545454546,0.1595454545454545,118.0,0.6779661016949152,0.1593220338983051,111.0,0.5405405405405406,0.1667567567567567,120.0,0.5166666666666667,0.15025,111.0,0.2882882882882883,0.1335135135135135,107.0,0.1962616822429906,0.1447663551401869
4732,20260810,844,0.2428909952606635,0.6611374407582938,0.1188967971530249,0.0526574239380506,5.0,0.6,188.0,0.898936170212766,0.1196808510638298,154.0,0.6623376623376623,0.1270588235294117,166.0,0.6506024096385542,0.1140963855421686,155.0,0.6129032258064516,0.1070967741935483,125.0,0.536,0.12016,56.0,0.3035714285714285,0.1380357142857143
4733,20260805,569,0.1739894551845342,0.4885764499121265,0.1575571177504393,0.0698291210027954,5.0,0.6,93.0,0.8279569892473119,0.1489247311827957,104.0,0.5192307692307693,0.165576923076923,99.0,0.5555555555555556,0.162020202020202,91.0,0.5054945054945055,0.1503296703296703,97.0,0.3298969072164948,0.1616494845360824,85.0,0.1647058823529411,0.1550588235294117
4734,20260810,829,0.2702050663449939,0.6815440289505428,0.155453446191052,0.0615568371927387,5.0,1.0,180.0,0.8833333333333333,0.1569273743016759,129.0,0.7209302325581395,0.1533333333333333,143.0,0.7272727272727273,0.1462237762237762,143.0,0.7202797202797203,0.1474825174825174,127.0,0.5354330708661418,0.1577777777777777,107.0,0.3551401869158878,0.1757943925233644
4735,20260810,634,0.1214511041009463,0.416403785488959,0.1622116903633491,0.0781389335984573,5.0,0.6,88.0,0.7159090909090909,0.1682954545454545,112.0,0.4642857142857143,0.1742857142857143,115.0,0.4260869565217391,0.1448695652173913,99.0,0.494949494949495,0.1495959595959596,112.0,0.3035714285714285,0.1671428571428571,108.0,0.1574074074074074,0.1697196261682243
4736,20260810,831,0.2779783393501805,0.6967509025270758,0.1274607013301088,0.056737877885347,5.0,0.8,183.0,0.9234972677595628,0.1306629834254143,135.0,0.7851851851851852,0.1303703703703704,117.0,0.717948717948718,0.1155172413793103,138.0,0.7318840579710145,0.1182608695652173,132.0,0.5303030303030303,0.1226717557251908,126.0,0.3888888888888889,0.1457936507936507
4737,20260803,760,0.3171052631578947,0.7078947368421052,0.1593947368421052,0.0694122086461832,5.0,0.6,182.0,0.9010989010989012,0.1706043956043956,117.0,0.7777777777777778,0.1722222222222222,122.0,0.6967213114754098,0.1609016393442623,122.0,0.7213114754098361,0.1590983606557377,111.0,0.5945945945945946,0.1452252252252252,106.0,0.4150943396226415,0.1394339622641509
4738,20260802,896,0.2466517857142857,0.5770089285714286,0.1550558035714286,0.0604724443760838,5.0,0.6,186.0,0.8870967741935484,0.1313978494623656,150.0,0.6666666666666666,0.1684,148.0,0.6283783783783784,0.1551351351351351,149.0,0.5771812080536913,0.1520805369127516,138.0,0.3405797101449275,0.1693478260869565,125.0,0.208,0.1619199999999999
4739,20260809,879,0.2457337883959044,0.6473265073947668,0.1501706484641638,0.0562304133789869,5.0,1.0,177.0,0.8870056497175142,0.1577401129943502,149.0,0.7114093959731543,0.1576510067114094,159.0,0.7358490566037735,0.14062893081761,150.0,0.5933333333333334,0.1404,136.0,0.4411764705882353,0.1454411764705882,108.0,0.3703703703703703,0.1610185185185185
4740,20260727,713,0.0995792426367461,0.4011220196353436,0.1807713884992987,0.0644218623472067,5.0,0.6,95.0,0.7789473684210526,0.1511578947368421,129.0,0.5193798449612403,0.1713178294573643,128.0,0.4453125,0.174453125,127.0,0.3937007874015748,0.1868503937007874,134.0,0.2014925373134328,0.1959701492537313,100.0,0.11,0.2011
4743,20260808,921,0.2464712269272529,0.6471226927252985,0.1444082519001086,0.0530615615395329,5.0,0.6,192.0,0.9479166666666666,0.1315625,156.0,0.7051282051282052,0.1493589743589743,148.0,0.7094594594594594,0.1369594594594594,147.0,0.5850340136054422,0.144421768707483,143.0,0.4405594405594406,0.1433566433566433,135.0,0.3703703703703703,0.1662222222222222
4744,20260801,496,0.0846774193548387,0.4455645161290322,0.2157723577235772,0.0782221989376179,5.0,0.4,64.0,0.703125,0.2057142857142857,91.0,0.5274725274725275,0.2058241758241758,96.0,0.46875,0.2130851063829787,91.0,0.5274725274725275,0.2185555555555556,85.0,0.2470588235294117,0.2271764705882353,69.0,0.2028985507246377,0.2240579710144927
4746,20260730,575,0.208695652173913,0.5982608695652174,0.1737282229965157,0.081802660507958,5.0,0.6,109.0,0.8440366972477065,0.1628703703703703,93.0,0.6989247311827957,0.1890322580645161,101.0,0.5445544554455446,0.1939603960396039,95.0,0.6105263157894737,0.1778947368421052,92.0,0.5,0.1441304347826087,85.0,0.3294117647058823,0.1741176470588235
4747,20260610,582,0.0738831615120274,0.2920962199312715,0.1641652323580034,0.0736241576394119,5.0,0.2,74.0,0.5675675675675675,0.1805405405405405,108.0,0.3611111111111111,0.1513084112149532,97.0,0.3092783505154639,0.1597938144329896,89.0,0.348314606741573,0.1533707865168539,114.0,0.2017543859649122,0.1586842105263158,100.0,0.05,0.1859
4748,20260810,902,0.2560975609756097,0.6596452328159645,0.1464705882352941,0.0743359538891408,5.0,0.2,188.0,0.8829787234042553,0.1438829787234042,144.0,0.7430555555555556,0.1475,148.0,0.6486486486486487,0.1475,144.0,0.6319444444444444,0.1507638888888889,143.0,0.4825174825174825,0.1509859154929577,135.0,0.4888888888888889,0.1385185185185185
4749,20230625,37,0.054054054054054,0.2162162162162162,0.1321621621621621,0.0672685274442234,5.0,0.4,3.0,0.6666666666666666,0.17,8.0,0.25,0.13375,8.0,0.25,0.115,9.0,0.1111111111111111,0.1488888888888888,4.0,0.25,0.0925,5.0,0.0,0.136
4750,20260810,667,0.1004497751124437,0.4077961019490255,0.1726726726726726,0.0682585026729352,5.0,0.2,87.0,0.6551724137931034,0.1627586206896552,115.0,0.4260869565217391,0.1734782608695652,116.0,0.5258620689655172,0.1707758620689655,129.0,0.3953488372093023,0.1693798449612403,132.0,0.2348484848484848,0.1794656488549618,88.0,0.2613636363636363,0.1786363636363636
4752,20260810,653,0.0643185298621745,0.3598774885145482,0.1676110260336906,0.0745324702934481,5.0,0.0,79.0,0.5822784810126582,0.1616455696202531,114.0,0.4649122807017544,0.1549122807017544,119.0,0.361344537815126,0.1646218487394957,124.0,0.3467741935483871,0.1633064516129032,122.0,0.3278688524590163,0.1698360655737705,95.0,0.1052631578947368,0.1943157894736842
4753,20260810,539,0.1335807050092764,0.4304267161410018,0.156178107606679,0.0735897329602503,5.0,0.2,73.0,0.7397260273972602,0.166986301369863,92.0,0.5217391304347826,0.1490217391304348,91.0,0.4725274725274725,0.1578021978021977,89.0,0.4269662921348314,0.1435955056179775,92.0,0.3152173913043478,0.1663043478260869,102.0,0.196078431372549,0.1552941176470588
4754,20260805,870,0.2413793103448276,0.6126436781609196,0.1501724137931034,0.0559440826935832,5.0,0.6,169.0,0.8579881656804734,0.1453254437869822,136.0,0.6691176470588235,0.1429411764705882,145.0,0.6275862068965518,0.1462758620689655,148.0,0.6351351351351351,0.1471621621621621,138.0,0.4855072463768116,0.153623188405797,134.0,0.3358208955223881,0.1676119402985074
4756,20250508,4,0.0,0.25,0.1325,0.0729297607290741,4.0,,0.0,,,1.0,1.0,0.2,1.0,0.0,0.01,0.0,,,1.0,0.0,0.15,1.0,0.0,0.17
4757,20260810,901,0.2863485016648168,0.6415094339622641,0.1447045707915273,0.0546290491537043,5.0,0.6,188.0,0.925531914893617,0.1362765957446808,138.0,0.6159420289855072,0.1534057971014492,149.0,0.6040268456375839,0.1497972972972973,146.0,0.6027397260273972,0.1462068965517241,159.0,0.5786163522012578,0.1408860759493671,121.0,0.4049586776859504,0.1448333333333333
4758,20251231,299,0.1872909698996655,0.5919732441471572,0.1617725752508361,0.0787010034468132,5.0,0.8,45.0,0.8666666666666667,0.128,48.0,0.6666666666666666,0.1525,54.0,0.6666666666666666,0.13,54.0,0.5555555555555556,0.1646296296296296,52.0,0.5192307692307693,0.1875,46.0,0.2826086956521739,0.2093478260869565
4759,20260805,843,0.2538552787663108,0.6998813760379596,0.1619976218787158,0.057954059414919,5.0,1.0,178.0,0.9269662921348316,0.1454802259887005,130.0,0.7230769230769231,0.1691538461538461,135.0,0.7037037037037037,0.1518518518518518,134.0,0.6940298507462687,0.1795522388059701,135.0,0.562962962962963,0.1661194029850746,131.0,0.5114503816793893,0.1654961832061068
4760,20260802,924,0.3138528138528138,0.6915584415584416,0.1332900432900433,0.051049571320754,5.0,0.4,206.0,0.9174757281553398,0.135873786407767,143.0,0.6853146853146853,0.143076923076923,153.0,0.7189542483660131,0.1362745098039215,158.0,0.7215189873417721,0.1261392405063291,149.0,0.610738255033557,0.1273825503355704,115.0,0.3217391304347826,0.13
4761,20260809,740,0.2243243243243243,0.5716216216216217,0.1412584573748308,0.0641392433438936,5.0,0.8,130.0,0.8538461538461538,0.1367692307692307,115.0,0.591304347826087,0.1477391304347826,132.0,0.696969696969697,0.128560606060606,123.0,0.5284552845528455,0.1386991869918699,122.0,0.3934426229508196,0.1395041322314049,118.0,0.3305084745762712,0.1585593220338983
4762,20260810,897,0.3188405797101449,0.693422519509476,0.1233221850613155,0.0503466233665345,5.0,0.6,210.0,0.9476190476190476,0.1291428571428571,135.0,0.7333333333333333,0.1291851851851852,139.0,0.7482014388489209,0.1254676258992806,141.0,0.6099290780141844,0.1212765957446808,131.0,0.549618320610687,0.116030534351145,141.0,0.4397163120567376,0.1157446808510638
4764,20260810,419,0.1837708830548926,0.513126491646778,0.1717422434367542,0.070043085313381,5.0,0.6,65.0,0.8307692307692308,0.1469230769230769,74.0,0.5540540540540541,0.1674324324324324,81.0,0.6666666666666666,0.1735802469135802,72.0,0.4305555555555556,0.1772222222222222,66.0,0.3484848484848485,0.1815151515151515,61.0,0.1967213114754098,0.1839344262295082
4765,20260810,577,0.1767764298093587,0.4748700173310225,0.1322434782608695,0.0638313799487569,5.0,0.6,86.0,0.7441860465116279,0.1354651162790697,90.0,0.6555555555555556,0.1327777777777778,106.0,0.6132075471698113,0.1374528301886792,97.0,0.3402061855670103,0.1324210526315789,101.0,0.3465346534653465,0.1229702970297029,97.0,0.1855670103092783,0.132680412371134
4766,20260801,594,0.1195286195286195,0.3872053872053872,0.1368918918918918,0.0669772183066482,5.0,0.6,80.0,0.7375,0.16075,104.0,0.4807692307692308,0.1411650485436893,108.0,0.3981481481481481,0.1464814814814815,103.0,0.4174757281553398,0.1177669902912621,104.0,0.25,0.1345631067961165,95.0,0.0947368421052631,0.1245263157894736
4769,20260810,823,0.2454434993924666,0.6439854191980559,0.1244717444717444,0.0504491235453103,5.0,1.0,162.0,0.9012345679012346,0.1120496894409937,131.0,0.6564885496183206,0.1268503937007874,132.0,0.696969696969697,0.118854961832061,146.0,0.6164383561643836,0.1308904109589041,127.0,0.5118110236220472,0.1289763779527559,125.0,0.408,0.1320491803278688
4771,20260802,807,0.265179677819083,0.6654275092936803,0.1478163771712158,0.0557973649490924,5.0,0.8,171.0,0.9415204678362572,0.1562573099415204,119.0,0.7310924369747899,0.1430508474576271,149.0,0.7516778523489933,0.1287248322147651,127.0,0.5984251968503937,0.1490551181102362,130.0,0.4923076923076923,0.1565384615384615,111.0,0.3333333333333333,0.1538738738738738
4772,20260808,772,0.2810880829015544,0.6567357512953368,0.1117057291666666,0.0500711147237271,5.0,0.8,170.0,0.9470588235294116,0.1067058823529411,111.0,0.7477477477477478,0.1242342342342342,116.0,0.6379310344827587,0.1054310344827586,126.0,0.6587301587301587,0.10144,113.0,0.5663716814159292,0.114054054054054,136.0,0.3088235294117647,0.1206666666666666
4773,20260810,691,0.191027496382055,0.5933429811866859,0.1775108538350217,0.0690929308607576,5.0,0.2,140.0,0.85,0.1735,116.0,0.646551724137931,0.1804310344827586,122.0,0.6311475409836066,0.1730327868852459,104.0,0.5576923076923077,0.1775961538461538,108.0,0.4814814814814814,0.1786111111111111,101.0,0.2871287128712871,0.1838613861386138
4775,20260810,344,0.1947674418604651,0.5319767441860465,0.1621511627906977,0.0804675317220468,5.0,0.8,62.0,0.9032258064516128,0.1530645161290322,56.0,0.5892857142857143,0.1746428571428571,63.0,0.5079365079365079,0.1419047619047619,56.0,0.5357142857142857,0.1592857142857142,60.0,0.4,0.1596666666666666,47.0,0.1702127659574468,0.1929787234042553
4776,20260810,872,0.2591743119266055,0.6869266055045872,0.1568807339449541,0.0636892865806282,5.0,0.8,191.0,0.9214659685863874,0.1386910994764398,148.0,0.7837837837837838,0.1512837837837838,130.0,0.676923076923077,0.1486923076923077,132.0,0.6515151515151515,0.1615909090909091,144.0,0.5833333333333334,0.1694444444444444,127.0,0.3858267716535433,0.18
4778,20260727,656,0.1554878048780487,0.4923780487804878,0.1666257668711656,0.0669788068202339,5.0,0.4,118.0,0.788135593220339,0.1567796610169491,112.0,0.4821428571428571,0.1708035714285714,121.0,0.5537190082644629,0.1670833333333333,108.0,0.4722222222222222,0.1619626168224298,100.0,0.36,0.1665656565656565,97.0,0.2268041237113402,0.1785416666666666
4779,20260729,534,0.0936329588014981,0.4213483146067415,0.1557786116322701,0.0672092009382299,5.0,0.8,74.0,0.7837837837837838,0.1401369863013698,94.0,0.4574468085106383,0.1574468085106383,99.0,0.4343434343434343,0.1531313131313131,97.0,0.3814432989690721,0.1548453608247422,91.0,0.2857142857142857,0.1552747252747252,79.0,0.2278481012658227,0.1732911392405063
4780,20241226,295,0.0542372881355932,0.2983050847457627,0.1748474576271186,0.068241051703532,5.0,0.4,44.0,0.5454545454545454,0.2025,56.0,0.3214285714285714,0.1707142857142857,49.0,0.3265306122448979,0.1828571428571428,44.0,0.25,0.1620454545454545,56.0,0.2142857142857142,0.1539285714285714,46.0,0.1521739130434782,0.1826086956521739
4781,20260716,364,0.0576923076923076,0.4010989010989011,0.1817032967032967,0.0862647336682032,5.0,0.4,45.0,0.7333333333333333,0.1673333333333333,53.0,0.5660377358490566,0.180377358490566,67.0,0.4626865671641791,0.177910447761194,62.0,0.3064516129032258,0.1788709677419354,71.0,0.2816901408450704,0.1866197183098591,66.0,0.1969696969696969,0.1937878787878788
4782,20260810,644,0.170807453416149,0.4596273291925465,0.1682142857142857,0.0734048421551262,5.0,0.2,105.0,0.8095238095238095,0.1569523809523809,89.0,0.6179775280898876,0.1520224719101123,116.0,0.4913793103448275,0.1589655172413793,111.0,0.4954954954954955,0.1664864864864864,128.0,0.1953125,0.171171875,95.0,0.2,0.2051578947368421
4784,20260805,525,0.0876190476190476,0.3809523809523809,0.1872552783109405,0.0798964666903727,5.0,0.4,77.0,0.7402597402597403,0.1651948051948052,101.0,0.4554455445544554,0.1844444444444444,92.0,0.4673913043478261,0.198021978021978,97.0,0.2989690721649484,0.1828125,92.0,0.1739130434782608,0.1897826086956522,66.0,0.1363636363636363,0.2053030303030303
4785,20260810,598,0.040133779264214,0.3645484949832775,0.1866610738255033,0.0731626800117239,5.0,0.4,71.0,0.4647887323943662,0.1654285714285714,109.0,0.3394495412844037,0.1846788990825688,118.0,0.5,0.1792372881355932,97.0,0.3814432989690721,0.1824742268041237,128.0,0.3203125,0.1940944881889764,75.0,0.1466666666666666,0.2138666666666666
4786,20260729,855,0.2923976608187134,0.6795321637426901,0.1343742690058479,0.0546529746858257,5.0,1.0,176.0,0.8977272727272727,0.1335227272727272,149.0,0.8120805369127517,0.1388590604026845,137.0,0.6934306569343066,0.1416788321167883,144.0,0.6666666666666666,0.1279861111111111,127.0,0.5196850393700787,0.1341732283464566,122.0,0.3688524590163934,0.1296721311475409
4787,20260726,816,0.3174019607843137,0.6691176470588235,0.1351715686274509,0.0548502415270765,5.0,1.0,170.0,0.9117647058823528,0.1311176470588235,130.0,0.7615384615384615,0.1338461538461538,130.0,0.676923076923077,0.1353846153846154,124.0,0.5725806451612904,0.1316935483870968,129.0,0.5736434108527132,0.1361240310077519,133.0,0.4436090225563909,0.1437593984962406
4788,20260805,910,0.2186813186813186,0.6318681318681318,0.1456381798002219,0.0591519614784021,5.0,0.4,184.0,0.8804347826086957,0.1455801104972375,159.0,0.660377358490566,0.1445222929936306,147.0,0.6258503401360545,0.1463698630136986,155.0,0.6129032258064516,0.1433766233766233,149.0,0.5570469798657718,0.1368456375838926,116.0,0.3275862068965517,0.1608771929824561
4789,20260724,618,0.1440129449838187,0.4644012944983818,0.1648784440842787,0.0770275991215382,5.0,0.4,91.0,0.8131868131868132,0.1545054945054945,104.0,0.5961538461538461,0.176826923076923,108.0,0.4166666666666667,0.1597196261682243,108.0,0.4814814814814814,0.1542592592592592,114.0,0.3508771929824561,0.1622807017543859,93.0,0.1505376344086021,0.1831182795698925
4790,20260810,833,0.2352941176470588,0.5990396158463386,0.1558504221954161,0.0667885185877139,5.0,0.6,166.0,0.8734939759036144,0.1376363636363636,124.0,0.6290322580645161,0.1545528455284553,135.0,0.674074074074074,0.1505925925925926,145.0,0.6068965517241379,0.1588965517241379,127.0,0.4645669291338583,0.1626190476190476,136.0,0.2794117647058823,0.1749629629629629
4791,20260719,748,0.1510695187165775,0.5267379679144385,0.1747459893048128,0.0820203748813612,5.0,0.4,126.0,0.7301587301587301,0.1644444444444444,131.0,0.6412213740458015,0.1721374045801526,141.0,0.5460992907801419,0.1737588652482269,126.0,0.5396825396825397,0.1628571428571428,112.0,0.375,0.1733928571428571,112.0,0.2767857142857143,0.2053571428571428
4792,20260602,586,0.1279863481228668,0.4453924914675768,0.1689409722222222,0.0747037435039183,5.0,0.2,92.0,0.7391304347826086,0.1368888888888889,96.0,0.4270833333333333,0.1808421052631579,106.0,0.5471698113207547,0.1583018867924528,118.0,0.4661016949152542,0.1761206896551724,98.0,0.3061224489795918,0.1713541666666666,76.0,0.1184210526315789,0.1938356164383561
4793,20260728,851,0.2326674500587544,0.5945945945945946,0.1464664310954063,0.0535544513726097,5.0,0.4,158.0,0.8670886075949367,0.1431012658227848,125.0,0.72,0.15168,159.0,0.6163522012578616,0.1460126582278481,136.0,0.5441176470588235,0.1446666666666666,134.0,0.5,0.1410447761194029,139.0,0.2877697841726618,0.1530935251798561
4794,20260810,805,0.3130434782608696,0.6770186335403726,0.1319302615193026,0.0603714951608085,5.0,0.6,179.0,0.9329608938547486,0.1227374301675977,133.0,0.6992481203007519,0.1490977443609022,130.0,0.7,0.1383076923076923,135.0,0.6592592592592592,0.1260447761194029,123.0,0.5772357723577236,0.126311475409836,105.0,0.3238095238095238,0.132
4796,20260809,822,0.2749391727493917,0.6326034063260341,0.147057387057387,0.061318523283672,5.0,0.6,176.0,0.8920454545454546,0.1347727272727272,131.0,0.7251908396946565,0.1473282442748091,133.0,0.6616541353383458,0.1554135338345864,125.0,0.56,0.15128,139.0,0.4964028776978417,0.1474452554744525,118.0,0.3474576271186441,0.1507692307692307
4797,20260810,714,0.2478991596638655,0.6050420168067226,0.1429411764705882,0.0656664128172491,5.0,1.0,129.0,0.8914728682170543,0.1423255813953488,115.0,0.7043478260869566,0.1384347826086956,112.0,0.6696428571428571,0.1346428571428571,104.0,0.6057692307692307,0.14625,123.0,0.4390243902439024,0.1421951219512195,131.0,0.3358778625954198,0.1526717557251908
4798,20260808,833,0.2593037214885954,0.6686674669867947,0.1367466986794717,0.0597441880965016,5.0,0.6,169.0,0.9289940828402368,0.1281065088757396,132.0,0.75,0.1214393939393939,133.0,0.6691729323308271,0.1392481203007518,135.0,0.6296296296296297,0.1396296296296296,131.0,0.549618320610687,0.1283206106870228,133.0,0.4135338345864661,0.1657894736842105
4800,20241030,172,0.0465116279069767,0.2209302325581395,0.174360465116279,0.0829411969887293,5.0,0.2,22.0,0.4545454545454545,0.1572727272727272,30.0,0.1333333333333333,0.1573333333333333,32.0,0.34375,0.16375,26.0,0.1538461538461538,0.1888461538461538,32.0,0.15625,0.1784375,30.0,0.1333333333333333,0.1983333333333333
4803,20260810,542,0.055350553505535,0.3081180811808118,0.1857222222222222,0.0739596778698858,5.0,0.4,63.0,0.492063492063492,0.1576190476190476,107.0,0.411214953271028,0.1861682242990654,98.0,0.3265306122448979,0.1759183673469387,85.0,0.3529411764705882,0.1836904761904761,102.0,0.2254901960784313,0.1804901960784313,87.0,0.0804597701149425,0.2251162790697674
4804,20260810,687,0.2707423580786026,0.5982532751091703,0.180844250363901,0.0764258955975514,5.0,0.2,141.0,0.8652482269503546,0.1760992907801418,103.0,0.7281553398058253,0.1949514563106796,111.0,0.6306306306306306,0.17,117.0,0.5299145299145299,0.1857264957264957,104.0,0.5096153846153846,0.1718269230769231,111.0,0.2612612612612612,0.1879279279279279
4808,20260804,824,0.2718446601941747,0.6286407766990292,0.1631868131868132,0.0633765267938554,5.0,0.8,166.0,0.9216867469879518,0.1498181818181818,133.0,0.6917293233082706,0.1597744360902255,132.0,0.6515151515151515,0.1556589147286821,140.0,0.5928571428571429,0.1643571428571428,136.0,0.5294117647058824,0.1738518518518518,117.0,0.2735042735042735,0.1805128205128205
4809,20260804,691,0.1808972503617945,0.5832127351664255,0.154455732946299,0.0587437536419992,5.0,0.8,112.0,0.7767857142857143,0.1506306306306306,117.0,0.5811965811965812,0.1652586206896552,127.0,0.6377952755905512,0.1650393700787401,124.0,0.6209677419354839,0.1430645161290322,121.0,0.4876033057851239,0.1425619834710743,90.0,0.3444444444444444,0.162
4811,20260809,830,0.1349397590361445,0.4650602409638554,0.1623642943305187,0.0618762333586882,5.0,1.0,122.0,0.7622950819672131,0.1392622950819672,148.0,0.5405405405405406,0.1683673469387755,151.0,0.4635761589403973,0.1517218543046357,143.0,0.4965034965034965,0.1579020979020979,145.0,0.3034482758620689,0.175103448275862,121.0,0.2314049586776859,0.1816528925619834
4812,20260810,586,0.3088737201365187,0.6825938566552902,0.1379173838209982,0.0660018780625639,5.0,1.0,124.0,0.9032258064516128,0.1323770491803278,93.0,0.7419354838709677,0.1354838709677419,91.0,0.7142857142857143,0.1356666666666666,89.0,0.6629213483146067,0.1248863636363636,92.0,0.5217391304347826,0.1396703296703297,97.0,0.4845360824742268,0.1594845360824742
4813,20260723,627,0.0861244019138756,0.3620414673046252,0.1887539936102236,0.0653111025770797,5.0,0.6,89.0,0.6292134831460674,0.1829213483146067,111.0,0.3333333333333333,0.1912612612612612,111.0,0.3333333333333333,0.1911818181818182,107.0,0.4018691588785046,0.1776635514018691,124.0,0.282258064516129,0.1902419354838709,85.0,0.2235294117647059,0.200235294117647
4815,20260810,627,0.1116427432216905,0.4290271132376395,0.1843679999999999,0.0682674195791814,5.0,0.0,89.0,0.7865168539325843,0.189438202247191,108.0,0.3981481481481481,0.1809259259259259,108.0,0.6018518518518519,0.1843925233644859,105.0,0.3523809523809524,0.1864761904761905,110.0,0.3454545454545454,0.178090909090909,107.0,0.1495327102803738,0.1880188679245283
4816,20260802,692,0.2239884393063584,0.569364161849711,0.152547033285094,0.0713576956301241,5.0,1.0,133.0,0.8270676691729323,0.1618796992481203,110.0,0.6909090909090909,0.1458181818181818,116.0,0.5603448275862069,0.1473043478260869,106.0,0.5188679245283019,0.1436792452830188,105.0,0.4380952380952381,0.1514285714285714,122.0,0.3442622950819672,0.1620491803278688
4817,20260731,760,0.1921052631578947,0.5894736842105263,0.1453359683794466,0.0641113298826281,5.0,0.6,142.0,0.852112676056338,0.136338028169014,123.0,0.6341463414634146,0.1467479674796748,137.0,0.6423357664233577,0.1305109489051094,114.0,0.5964912280701754,0.1400877192982456,119.0,0.5210084033613446,0.15,125.0,0.248,0.1709677419354839
4818,20260628,344,0.191860465116279,0.4796511627906977,0.1256976744186046,0.0637316448299524,5.0,0.0,50.0,0.88,0.117,42.0,0.4761904761904761,0.1452380952380952,51.0,0.5882352941176471,0.1154901960784313,52.0,0.6153846153846154,0.1071153846153846,62.0,0.3225806451612903,0.1251612903225806,87.0,0.2183908045977011,0.138735632183908
4819,20260810,693,0.1919191919191919,0.5584415584415584,0.1699711399711399,0.0709998620285981,5.0,0.4,122.0,0.8770491803278688,0.1501639344262295,115.0,0.7130434782608696,0.1808695652173913,109.0,0.6513761467889908,0.1602752293577981,114.0,0.5350877192982456,0.1657017543859649,125.0,0.368,0.17792,108.0,0.1851851851851851,0.1858333333333333
4821,20260808,735,0.1360544217687075,0.5238095238095238,0.1877414965986394,0.0693649609085294,5.0,0.6,96.0,0.6979166666666666,0.186875,133.0,0.5413533834586466,0.2012781954887218,120.0,0.5666666666666667,0.1941666666666666,122.0,0.5081967213114754,0.1904098360655737,141.0,0.4893617021276595,0.1745390070921985,123.0,0.3821138211382114,0.18
4822,20260808,787,0.156289707750953,0.5565438373570522,0.1784223918575063,0.0726685438096772,5.0,0.6,143.0,0.8671328671328671,0.1417482517482517,127.0,0.6299212598425197,0.1719047619047619,134.0,0.6268656716417911,0.1661194029850746,137.0,0.4525547445255474,0.1843795620437956,123.0,0.4471544715447154,0.195040650406504,123.0,0.2682926829268293,0.2178861788617886
4823,20260810,394,0.248730964467005,0.6395939086294417,0.1396692111959287,0.0600393636239181,5.0,0.4,78.0,0.8846153846153846,0.1461538461538461,60.0,0.7333333333333333,0.138135593220339,73.0,0.6301369863013698,0.1332876712328767,64.0,0.671875,0.13125,58.0,0.4827586206896552,0.138103448275862,61.0,0.360655737704918,0.1508196721311475
4824,20260808,906,0.2637969094922737,0.6313465783664459,0.1349171270718232,0.0539205347831815,5.0,0.6,187.0,0.893048128342246,0.14475935828877,154.0,0.6948051948051948,0.1257792207792207,149.0,0.6644295302013423,0.1282550335570469,147.0,0.5986394557823129,0.1204794520547945,139.0,0.5107913669064749,0.1281294964028776,130.0,0.3076923076923077,0.1626923076923077
4825,20260810,419,0.269689737470167,0.6420047732696897,0.1343675417661098,0.0581354561476802,5.0,0.4,81.0,0.8888888888888888,0.1509876543209876,75.0,0.6666666666666666,0.1333333333333333,73.0,0.6027397260273972,0.1264383561643835,71.0,0.6056338028169014,0.1338028169014084,70.0,0.5571428571428572,0.1274285714285714,49.0,0.4285714285714285,0.1310204081632653
4826,20260809,930,0.3150537634408602,0.6870967741935484,0.1361894510226049,0.0529588529332379,5.0,0.6,202.0,0.9257425742574258,0.1308415841584158,148.0,0.777027027027027,0.139527027027027,167.0,0.688622754491018,0.1357485029940119,150.0,0.6066666666666667,0.1348,142.0,0.5633802816901409,0.1351408450704225,121.0,0.4214876033057851,0.1446666666666666
4828,20260809,835,0.2431137724550898,0.6131736526946108,0.1389771359807461,0.0594826326986296,5.0,0.2,159.0,0.8616352201257862,0.1236477987421383,143.0,0.6643356643356644,0.1427464788732394,138.0,0.6304347826086957,0.1266423357664233,133.0,0.5789473684210527,0.1283458646616541,134.0,0.5671641791044776,0.1413636363636363,128.0,0.3125,0.175625
4831,20260810,671,0.2682563338301043,0.6527570789865872,0.1362612612612612,0.0530056167421625,5.0,1.0,152.0,0.9013157894736842,0.1296644295302013,100.0,0.65,0.1413,95.0,0.7052631578947368,0.1323157894736842,99.0,0.7474747474747475,0.1376530612244898,120.0,0.4916666666666666,0.1311764705882352,105.0,0.3428571428571428,0.1488571428571428
4832,20260802,773,0.2949547218628719,0.6998706338939198,0.1418300653594771,0.0598695521870733,5.0,0.8,160.0,0.875,0.1397468354430379,117.0,0.7350427350427351,0.1470434782608695,128.0,0.7109375,0.1430708661417322,124.0,0.6935483870967742,0.1372357723577235,123.0,0.6097560975609756,0.1330327868852459,121.0,0.5206611570247934,0.1519166666666666
4834,20260805,785,0.1592356687898089,0.4726114649681529,0.1590573248407643,0.068786593461061,5.0,0.4,124.0,0.8306451612903226,0.1509677419354838,141.0,0.5531914893617021,0.1673049645390071,137.0,0.4890510948905109,0.1551824817518248,137.0,0.4671532846715328,0.1598540145985401,148.0,0.2635135135135135,0.1551351351351351,98.0,0.2040816326530612,0.1676530612244897
4835,20260803,765,0.0993464052287581,0.4562091503267974,0.1610222804718217,0.0643446916715485,5.0,0.4,107.0,0.7570093457943925,0.1702803738317757,134.0,0.5671641791044776,0.160375939849624,138.0,0.463768115942029,0.1545652173913043,142.0,0.4577464788732394,0.1573758865248226,131.0,0.3435114503816794,0.1591603053435114,113.0,0.1592920353982301,0.1676106194690265
4836,20260805,573,0.137870855148342,0.4467713787085515,0.1728245614035087,0.0718984719860612,5.0,0.6,78.0,0.717948717948718,0.1832051282051282,106.0,0.4811320754716981,0.1830188679245283,101.0,0.4356435643564356,0.1791,97.0,0.4639175257731959,0.164375,101.0,0.3465346534653465,0.1714851485148515,90.0,0.2777777777777778,0.1551685393258427
4837,20260810,582,0.0876288659793814,0.4140893470790378,0.1686058519793459,0.0679902131777613,5.0,0.6,77.0,0.6883116883116883,0.1602631578947368,103.0,0.4271844660194174,0.1762135922330097,111.0,0.4954954954954955,0.1497297297297297,103.0,0.3300970873786408,0.1684466019417476,110.0,0.3909090909090909,0.1746363636363636,78.0,0.1538461538461538,0.1852564102564102
4839,20260810,791,0.2149178255372945,0.5815423514538559,0.1379873417721519,0.0603984645774507,5.0,0.8,146.0,0.821917808219178,0.1326712328767123,136.0,0.6985294117647058,0.1405882352941176,118.0,0.6440677966101694,0.1358974358974359,133.0,0.4736842105263157,0.1408270676691729,136.0,0.4852941176470588,0.1405882352941176,122.0,0.3278688524590163,0.1374590163934426
4840,20260728,690,0.1057971014492753,0.4434782608695652,0.1746811594202898,0.079163926925033,5.0,0.2,98.0,0.7551020408163265,0.1521428571428571,121.0,0.5950413223140496,0.1679338842975206,116.0,0.4482758620689655,0.1703448275862069,127.0,0.3543307086614173,0.1766141732283464,130.0,0.3307692307692307,0.184076923076923,98.0,0.2040816326530612,0.1957142857142857
4842,20260803,712,0.1418539325842696,0.5674157303370787,0.1617696629213483,0.0664802309121559,5.0,0.4,120.0,0.85,0.1549166666666666,113.0,0.6283185840707964,0.1612389380530973,119.0,0.6134453781512605,0.1640336134453781,138.0,0.5507246376811594,0.1582608695652174,104.0,0.4615384615384615,0.1395192307692307,118.0,0.288135593220339,0.1906779661016949
4843,20260801,564,0.1666666666666666,0.4574468085106383,0.1706216696269982,0.0784562691785129,5.0,0.0,86.0,0.6395348837209303,0.205,99.0,0.4141414141414141,0.1665656565656565,97.0,0.5773195876288659,0.1625,95.0,0.4631578947368421,0.168,97.0,0.3711340206185567,0.1576288659793814,90.0,0.2888888888888888,0.1676666666666666
4844,20260808,625,0.0752,0.3664,0.1871679999999999,0.0763663523811371,5.0,0.4,80.0,0.675,0.179625,130.0,0.4846153846153846,0.1627692307692307,108.0,0.3981481481481481,0.1748148148148148,117.0,0.3333333333333333,0.1796581196581196,112.0,0.1607142857142857,0.21,78.0,0.1538461538461538,0.2311538461538461
4845,20260810,642,0.2570093457943925,0.6121495327102804,0.1498430141287284,0.0743320259424627,5.0,0.2,127.0,0.889763779527559,0.1424603174603174,116.0,0.7413793103448276,0.150438596491228,91.0,0.5714285714285714,0.1428888888888888,109.0,0.6605504587155964,0.1519266055045871,103.0,0.4174757281553398,0.1457843137254902,96.0,0.28125,0.1672916666666666
4846,20260731,685,0.0963503649635036,0.3693430656934306,0.1645827232796486,0.0689574749189365,5.0,0.2,88.0,0.7272727272727273,0.151590909090909,113.0,0.5752212389380531,0.1601769911504424,128.0,0.390625,0.1508661417322834,121.0,0.2727272727272727,0.16,122.0,0.2459016393442623,0.1760330578512396,113.0,0.0973451327433628,0.1871681415929203
4847,20260810,822,0.2956204379562044,0.648418491484185,0.1397201946472019,0.0661160563038862,5.0,0.6,176.0,0.9090909090909092,0.1368181818181818,130.0,0.7153846153846154,0.1376153846153846,134.0,0.6791044776119403,0.1379850746268656,132.0,0.6287878787878788,0.1234848484848484,125.0,0.448,0.13944,125.0,0.4,0.16528
4848,20260810,867,0.279123414071511,0.6793540945790081,0.1477251732101616,0.0614548275794683,5.0,1.0,188.0,0.946808510638298,0.1309042553191489,143.0,0.7132867132867133,0.1492307692307692,136.0,0.7352941176470589,0.1373333333333333,136.0,0.6470588235294118,0.156985294117647,144.0,0.5347222222222222,0.1569444444444444,120.0,0.3666666666666666,0.1624166666666666
4850,20260810,794,0.2720403022670025,0.6523929471032746,0.1149431099873577,0.0536408014030113,5.0,0.6,159.0,0.9119496855345912,0.1240880503144654,133.0,0.6992481203007519,0.1119696969696969,127.0,0.6771653543307087,0.1219047619047619,137.0,0.5912408759124088,0.1005109489051095,131.0,0.549618320610687,0.1114615384615384,107.0,0.3831775700934579,0.1195327102803738
4851,20260802,799,0.2740926157697121,0.6946182728410513,0.1415829145728643,0.0621374462031631,5.0,0.6,163.0,0.9325153374233128,0.1303067484662576,129.0,0.7209302325581395,0.141484375,126.0,0.626984126984127,0.14168,124.0,0.6935483870967742,0.1525,132.0,0.6287878787878788,0.1384848484848485,125.0,0.496,0.1487903225806451
4852,20260802,895,0.2927374301675978,0.6893854748603352,0.1541340782122905,0.0603370783898224,5.0,1.0,200.0,0.925,0.15485,140.0,0.7285714285714285,0.1507142857142857,151.0,0.6821192052980133,0.1547019867549668,142.0,0.6338028169014085,0.1497887323943662,131.0,0.6030534351145038,0.1495419847328244,131.0,0.4427480916030534,0.1653435114503816
4853,20260810,534,0.1029962546816479,0.3970037453183521,0.1995676691729323,0.0718551247630788,5.0,0.0,69.0,0.7536231884057971,0.1742028985507246,102.0,0.5098039215686274,0.1915686274509803,105.0,0.4380952380952381,0.1881904761904762,99.0,0.3131313131313131,0.2129591836734694,92.0,0.2391304347826087,0.2047252747252747,67.0,0.1343283582089552,0.2291044776119403
4854,20260716,173,0.0693641618497109,0.4046242774566474,0.1741279069767442,0.0740430887297558,5.0,0.4,25.0,0.68,0.1984,30.0,0.5333333333333333,0.1866666666666666,33.0,0.4242424242424242,0.1772727272727272,33.0,0.2727272727272727,0.1763636363636363,26.0,0.3076923076923077,0.1504,26.0,0.2307692307692307,0.1523076923076923
4855,20240305,130,0.0692307692307692,0.2846153846153846,0.1783846153846154,0.066074594747194,5.0,0.2,14.0,0.5714285714285714,0.1485714285714285,19.0,0.2105263157894736,0.1726315789473684,22.0,0.3636363636363636,0.2,27.0,0.3333333333333333,0.154074074074074,25.0,0.24,0.1811999999999999,23.0,0.0869565217391304,0.2060869565217391
4856,20260810,949,0.2897787144362487,0.6512118018967334,0.1390832455216016,0.0542182921823386,5.0,0.6,212.0,0.9056603773584906,0.1360377358490566,147.0,0.7074829931972789,0.1482993197278911,153.0,0.6535947712418301,0.1366666666666666,150.0,0.6066666666666667,0.1338666666666667,151.0,0.543046357615894,0.1396688741721854,136.0,0.3602941176470588,0.1416911764705882
4857,20260810,659,0.2579666160849772,0.637329286798179,0.1695419847328244,0.0710667098219398,5.0,0.4,112.0,0.9017857142857144,0.1463392857142857,110.0,0.7545454545454545,0.1532727272727272,111.0,0.6666666666666666,0.1722522522522522,95.0,0.631578947368421,0.1707446808510638,133.0,0.5639097744360902,0.1736363636363636,98.0,0.2755102040816326,0.2053125
4861,20260810,729,0.1330589849108367,0.5075445816186557,0.1763411279229711,0.0666290661990075,5.0,0.8,94.0,0.8085106382978723,0.172127659574468,123.0,0.5365853658536586,0.182520325203252,106.0,0.5849056603773585,0.1650943396226415,120.0,0.5916666666666667,0.17125,141.0,0.4042553191489361,0.1723741007194244,145.0,0.2620689655172414,0.1900689655172413
4863,20260808,558,0.1182795698924731,0.4534050179211469,0.1529496402877698,0.0759089120691719,5.0,0.2,72.0,0.7222222222222222,0.1663888888888889,91.0,0.5274725274725275,0.1391111111111111,99.0,0.4545454545454545,0.1594949494949495,79.0,0.5189873417721519,0.1540506329113924,116.0,0.3879310344827586,0.1433913043478261,101.0,0.2178217821782178,0.1593069306930693
4864,20260810,635,0.1007874015748031,0.3779527559055118,0.1506466876971608,0.0664469482894299,5.0,0.2,91.0,0.6923076923076923,0.1503296703296703,106.0,0.4433962264150943,0.1552830188679245,113.0,0.3982300884955752,0.1425892857142857,106.0,0.330188679245283,0.1485849056603773,129.0,0.2480620155038759,0.1496899224806201,90.0,0.2,0.1593333333333333
4865,20260810,517,0.0793036750483558,0.3558994197292069,0.1732748538011695,0.0738168304344475,5.0,0.6,65.0,0.7230769230769231,0.1578461538461538,94.0,0.3404255319148936,0.1803260869565217,103.0,0.3689320388349514,0.1776699029126213,88.0,0.3636363636363636,0.1694318181818181,84.0,0.238095238095238,0.1758333333333333,83.0,0.180722891566265,0.1735802469135802
4866,20260729,667,0.1034482758620689,0.4137931034482758,0.1576911544227885,0.0713212675512297,5.0,0.4,86.0,0.7325581395348837,0.1404651162790697,113.0,0.504424778761062,0.1506194690265486,125.0,0.504,0.15584,109.0,0.3944954128440367,0.1744036697247706,108.0,0.3148148148148148,0.1517592592592592,126.0,0.1269841269841269,0.1682539682539682
4871,20260804,626,0.097444089456869,0.4089456869009584,0.173056,0.0717558420200056,5.0,0.0,91.0,0.6923076923076923,0.1631868131868132,110.0,0.5181818181818182,0.1764545454545454,110.0,0.4636363636363636,0.1684545454545454,106.0,0.3396226415094339,0.1867619047619047,107.0,0.2803738317757009,0.1703738317757009,102.0,0.1862745098039215,0.1718627450980392
4872,20260727,733,0.1091405184174624,0.4229195088676671,0.167827868852459,0.067589712811728,5.0,0.4,109.0,0.6880733944954128,0.1458715596330275,125.0,0.504,0.1574193548387096,141.0,0.4609929078014184,0.1609929078014184,134.0,0.4328358208955223,0.1684328358208955,137.0,0.2773722627737226,0.1746715328467153,87.0,0.1264367816091954,0.2095402298850574
4873,20260803,700,0.1471428571428571,0.52,0.1980257510729613,0.0743582514014048,5.0,0.6,120.0,0.775,0.18875,119.0,0.6050420168067226,0.1742016806722689,134.0,0.5970149253731343,0.1967910447761194,133.0,0.5037593984962406,0.2018796992481203,114.0,0.3508771929824561,0.213716814159292,80.0,0.15,0.220875
4874,20260810,577,0.097053726169844,0.4558058925476603,0.1510452961672473,0.0646805716229362,5.0,0.6,106.0,0.6415094339622641,0.1516037735849056,289.0,0.4290657439446367,0.1539930555555555,151.0,0.4304635761589404,0.1406666666666667,16.0,0.0625,0.16,14.0,0.2857142857142857,0.1828571428571428,1.0,1.0,0.22
4875,20260803,709,0.1255289139633286,0.4456981664315937,0.1730606488011283,0.0737458219236932,5.0,0.6,107.0,0.7663551401869159,0.1475700934579439,126.0,0.6349206349206349,0.17,127.0,0.4094488188976378,0.1718110236220472,121.0,0.4049586776859504,0.1781818181818181,120.0,0.3166666666666666,0.1759166666666666,108.0,0.1388888888888889,0.1944444444444444
4876,20260809,693,0.1255411255411255,0.4112554112554112,0.1734199134199134,0.0582302094677101,5.0,0.4,95.0,0.7684210526315789,0.1571578947368421,122.0,0.4672131147540984,0.1777868852459016,114.0,0.4736842105263157,0.1780701754385965,120.0,0.4333333333333333,0.1756666666666667,121.0,0.2975206611570248,0.168099173553719,121.0,0.1074380165289256,0.180495867768595
4877,20260810,756,0.2671957671957672,0.6150793650793651,0.140132802124834,0.0598114203340286,5.0,1.0,154.0,0.8961038961038961,0.1421710526315789,117.0,0.7264957264957265,0.1274137931034482,118.0,0.6271186440677966,0.1328813559322033,128.0,0.625,0.141171875,117.0,0.4444444444444444,0.1462393162393162,122.0,0.2950819672131147,0.1497540983606557
4878,20260810,552,0.092391304347826,0.4057971014492754,0.171890909090909,0.0729711456616487,5.0,0.2,85.0,0.7294117647058823,0.1681176470588235,101.0,0.5247524752475248,0.1677,92.0,0.4782608695652174,0.1632967032967033,100.0,0.35,0.1828,102.0,0.196078431372549,0.1766666666666666,72.0,0.1388888888888889,0.1711111111111111
4879,20260810,700,0.1371428571428571,0.4685714285714286,0.1625035765379113,0.0755023116024172,5.0,0.4,98.0,0.7755102040816326,0.1565306122448979,118.0,0.559322033898305,0.1788983050847458,118.0,0.5423728813559322,0.1507627118644067,108.0,0.4259259259259259,0.1572222222222222,123.0,0.3658536585365853,0.1440983606557377,135.0,0.2296296296296296,0.1836296296296296
4880,20260801,592,0.1182432432432432,0.5067567567567568,0.1623141891891892,0.0632472833623782,5.0,0.6,85.0,0.788235294117647,0.164235294117647,98.0,0.5918367346938775,0.1695918367346938,99.0,0.6161616161616161,0.158080808080808,103.0,0.5242718446601942,0.1574757281553398,107.0,0.3177570093457944,0.1597196261682243,100.0,0.26,0.1655
4881,20241229,190,0.0473684210526315,0.231578947368421,0.1857368421052631,0.088271317452299,5.0,0.2,17.0,0.4705882352941176,0.1570588235294117,30.0,0.2,0.1656666666666666,35.0,0.2857142857142857,0.1651428571428571,39.0,0.282051282051282,0.19,26.0,0.2307692307692307,0.2076923076923077,43.0,0.0697674418604651,0.2106976744186046
4882,20260728,309,0.0679611650485436,0.3398058252427184,0.2202922077922077,0.0968207894202316,5.0,0.0,37.0,0.5405405405405406,0.2375675675675675,59.0,0.4406779661016949,0.225593220338983,58.0,0.3793103448275862,0.2041379310344827,41.0,0.3658536585365853,0.2029268292682927,58.0,0.2241379310344827,0.2022413793103448,56.0,0.1607142857142857,0.252
4883,20260809,657,0.1872146118721461,0.5707762557077626,0.1500306278713629,0.0600050966115442,5.0,1.0,100.0,0.8,0.1301999999999999,120.0,0.6333333333333333,0.1651666666666666,113.0,0.6283185840707964,0.1360176991150442,106.0,0.5188679245283019,0.1563207547169811,118.0,0.5,0.1473275862068965,100.0,0.34,0.1642857142857143
4884,20251231,704,0.2073863636363636,0.5482954545454546,0.1410526315789473,0.0588077497122484,5.0,0.4,128.0,0.890625,0.141484375,119.0,0.6302521008403361,0.1341176470588235,115.0,0.5652173913043478,0.1340869565217391,117.0,0.5470085470085471,0.1415384615384615,132.0,0.3636363636363636,0.1435114503816794,93.0,0.2150537634408602,0.1538709677419354
4885,20260810,258,0.3062015503875969,0.6976744186046512,0.1383720930232558,0.0590990588426277,5.0,1.0,58.0,0.9310344827586208,0.1298275862068965,43.0,0.6744186046511628,0.1555813953488372,44.0,0.7045454545454546,0.1386363636363636,41.0,0.7560975609756098,0.1263414634146341,42.0,0.6190476190476191,0.1457142857142857,30.0,0.3,0.136
4886,20260810,790,0.2518987341772152,0.6721518987341772,0.1548101265822785,0.0680498841504919,5.0,0.6,162.0,0.9012345679012346,0.1503086419753086,126.0,0.6428571428571429,0.1492857142857142,126.0,0.7777777777777778,0.1446825396825397,127.0,0.6929133858267716,0.155511811023622,125.0,0.56,0.16408,124.0,0.3870967741935484,0.1665322580645161
4887,20260721,725,0.2013793103448276,0.5062068965517241,0.1380886426592797,0.0743667851616348,5.0,0.6,118.0,0.8050847457627118,0.1327966101694915,114.0,0.6228070175438597,0.1533333333333333,132.0,0.5833333333333334,0.1318939393939394,112.0,0.5089285714285714,0.1254054054054054,129.0,0.3488372093023256,0.129375,120.0,0.1833333333333333,0.1568067226890756
4888,20260727,802,0.2019950124688279,0.5511221945137157,0.175074812967581,0.0678641512983755,5.0,0.8,160.0,0.78125,0.1786875,130.0,0.6307692307692307,0.1809230769230769,139.0,0.4676258992805755,0.1771942446043165,157.0,0.5286624203821656,0.170828025477707,125.0,0.416,0.17232,91.0,0.3846153846153846,0.1682417582417582
4889,20260603,630,0.2095238095238095,0.5063492063492063,0.1356666666666666,0.0659156507657552,5.0,0.4,105.0,0.819047619047619,0.1341904761904762,100.0,0.54,0.1388,110.0,0.6090909090909091,0.1386363636363636,98.0,0.4489795918367347,0.1197959183673469,108.0,0.4166666666666667,0.1275,109.0,0.2110091743119266,0.1535779816513761
4890,20260809,722,0.1606648199445983,0.5110803324099723,0.1419054242002781,0.0654978746520063,5.0,0.6,116.0,0.8275862068965517,0.140603448275862,117.0,0.6153846153846154,0.1457758620689655,129.0,0.4806201550387597,0.1504651162790697,126.0,0.4841269841269841,0.138,119.0,0.4285714285714285,0.1395762711864406,115.0,0.2347826086956521,0.1363478260869565
4891,20260730,673,0.1471025260029717,0.4918276374442793,0.158910447761194,0.0668848936257051,5.0,0.6,112.0,0.7946428571428571,0.1582142857142857,118.0,0.5932203389830508,0.1602542372881356,123.0,0.5447154471544715,0.140983606557377,105.0,0.3904761904761905,0.161047619047619,130.0,0.3538461538461538,0.1557364341085271,85.0,0.2117647058823529,0.1861904761904761
4892,20260810,706,0.1444759206798866,0.4787535410764872,0.1848863636363636,0.0670713547815415,5.0,0.2,96.0,0.75,0.1701041666666667,131.0,0.549618320610687,0.1790839694656488,117.0,0.6239316239316239,0.1706837606837606,115.0,0.4869565217391304,0.1846491228070175,133.0,0.3007518796992481,0.1827067669172932,114.0,0.219298245614035,0.2216814159292035
4893,20260810,552,0.1358695652173913,0.4583333333333333,0.1610583941605839,0.0746645311413656,5.0,0.2,85.0,0.7176470588235294,0.1682142857142857,98.0,0.5204081632653061,0.1725510204081632,107.0,0.5046728971962616,0.1551401869158878,95.0,0.3894736842105263,0.160752688172043,90.0,0.3888888888888889,0.1432584269662921,77.0,0.1948051948051948,0.1677922077922078
4894,20260803,743,0.0955585464333782,0.4253028263795424,0.1775202156334231,0.0712124227930866,5.0,0.2,100.0,0.72,0.1625,124.0,0.4919354838709677,0.1808870967741935,136.0,0.4411764705882353,0.1729411764705882,147.0,0.4557823129251701,0.1707534246575342,131.0,0.3053435114503817,0.1729770992366412,105.0,0.1523809523809524,0.2088571428571428
4895,20260801,669,0.1136023916292974,0.4633781763826607,0.1507046476761619,0.0654767868681643,5.0,0.4,99.0,0.7575757575757576,0.1385714285714285,113.0,0.4867256637168141,0.1657522123893805,121.0,0.5041322314049587,0.14,112.0,0.4107142857142857,0.1511607142857143,132.0,0.4015151515151515,0.1558015267175572,92.0,0.217391304347826,0.1514130434782608
4896,20260809,605,0.0942148760330578,0.3504132231404959,0.1855223880597015,0.0790502332867433,5.0,0.2,81.0,0.6790123456790124,0.1707407407407407,103.0,0.2621359223300971,0.1903921568627451,116.0,0.4827586206896552,0.1718965517241379,102.0,0.3529411764705882,0.1639603960396039,99.0,0.2424242424242424,0.1804040404040404,104.0,0.1346153846153846,0.2332692307692307
4897,20260724,358,0.1312849162011173,0.4273743016759777,0.1996648044692737,0.08545899367102,5.0,0.2,56.0,0.7321428571428571,0.1871428571428571,58.0,0.5689655172413793,0.1982758620689655,68.0,0.5,0.2023529411764706,66.0,0.303030303030303,0.1946969696969697,59.0,0.3559322033898305,0.1930508474576271,51.0,0.0784313725490196,0.2254901960784313
4898,20260808,497,0.096579476861167,0.3641851106639839,0.1603018108651911,0.0800710791926705,5.0,0.0,65.0,0.5538461538461539,0.1773846153846153,76.0,0.4605263157894737,0.1438157894736842,82.0,0.3536585365853658,0.1515853658536585,73.0,0.5205479452054794,0.1417808219178082,93.0,0.2473118279569892,0.1565591397849462,108.0,0.1851851851851851,0.1839814814814814
4899,20260803,602,0.1229235880398671,0.3571428571428571,0.162,0.0720439680565509,5.0,0.2,71.0,0.676056338028169,0.1376056338028169,113.0,0.415929203539823,0.1720353982300885,110.0,0.3818181818181818,0.1529357798165137,116.0,0.293103448275862,0.1725217391304347,113.0,0.2566371681415929,0.1669911504424779,79.0,0.189873417721519,0.1596202531645569
4900,20260804,660,0.1772727272727272,0.5257575757575758,0.1769817073170731,0.0741745611314033,5.0,0.4,111.0,0.8738738738738738,0.1708108108108108,116.0,0.6293103448275862,0.1718260869565217,112.0,0.5714285714285714,0.1702702702702702,123.0,0.4227642276422764,0.1782113821138211,109.0,0.3577981651376147,0.1775229357798164,89.0,0.247191011235955,0.197816091954023
4901,20260810,200,0.165,0.465,0.1668999999999999,0.0725216519392657,5.0,0.8,30.0,0.6666666666666666,0.176,33.0,0.5454545454545454,0.183030303030303,34.0,0.5882352941176471,0.1511764705882352,41.0,0.4146341463414634,0.1682926829268292,38.0,0.3421052631578947,0.1649999999999999,24.0,0.2083333333333333,0.15625
4902,20260810,786,0.1653944020356234,0.4516539440203562,0.1759872611464968,0.0668114551432503,5.0,0.0,114.0,0.7368421052631579,0.1685087719298245,140.0,0.4428571428571428,0.1845,138.0,0.5,0.1714492753623188,142.0,0.4718309859154929,0.1673943661971831,140.0,0.3642857142857142,0.1806428571428571,112.0,0.1964285714285714,0.1836936936936937
4903,20260802,783,0.3090676883780332,0.6526181353767561,0.1608951406649616,0.0725245650378657,5.0,0.6,155.0,0.8903225806451613,0.1401935483870967,130.0,0.6923076923076923,0.1748461538461538,140.0,0.6642857142857143,0.1692857142857143,119.0,0.6050420168067226,0.1491596638655462,117.0,0.5897435897435898,0.1617948717948718,122.0,0.4016393442622951,0.1733884297520661
4904,20260810,833,0.1596638655462184,0.5066026410564226,0.1679903730445246,0.0660265045692789,5.0,0.8,127.0,0.8110236220472441,0.1638582677165354,150.0,0.64,0.1587837837837837,147.0,0.5034013605442177,0.1681632653061224,134.0,0.5074626865671642,0.1635820895522388,149.0,0.3288590604026846,0.1648993288590604,126.0,0.2539682539682539,0.1911111111111111
4905,20260809,668,0.0838323353293413,0.3892215568862275,0.184940119760479,0.0721556202946479,5.0,0.6,85.0,0.7294117647058823,0.1732941176470588,130.0,0.4615384615384615,0.1687692307692307,116.0,0.5,0.1702586206896551,116.0,0.3793103448275862,0.1798275862068965,121.0,0.1983471074380165,0.1984297520661157,100.0,0.12,0.2225
4906,20260809,707,0.1456859971711457,0.536067892503536,0.1590651558073654,0.0677688017128748,5.0,0.6,111.0,0.8198198198198198,0.1593693693693693,107.0,0.5794392523364486,0.1571698113207547,122.0,0.6639344262295082,0.1470491803278688,116.0,0.5431034482758621,0.1398275862068965,131.0,0.3893129770992366,0.1622137404580152,120.0,0.2583333333333333,0.1878333333333333
4907,20260809,813,0.3394833948339483,0.7244772447724477,0.1386189889025894,0.0554730054830761,5.0,0.8,183.0,0.9398907103825136,0.1314285714285714,137.0,0.7299270072992701,0.1389051094890511,131.0,0.732824427480916,0.1496946564885496,122.0,0.7459016393442623,0.1243442622950819,135.0,0.5777777777777777,0.1413432835820895,105.0,0.4952380952380952,0.15
4908,20260810,785,0.3477707006369426,0.6942675159235668,0.1419005102040816,0.0644013666015548,5.0,1.0,180.0,0.9333333333333332,0.1265555555555555,127.0,0.7322834645669292,0.1324409448818897,132.0,0.7045454545454546,0.1391666666666666,140.0,0.6214285714285714,0.1467142857142857,110.0,0.5545454545454546,0.1516363636363636,96.0,0.4479166666666667,0.1690526315789474
4909,20260810,696,0.1522988505747126,0.4727011494252873,0.1586906474820144,0.0678689860322695,5.0,0.2,121.0,0.7851239669421488,0.1475206611570247,129.0,0.5736434108527132,0.170390625,125.0,0.56,0.14592,117.0,0.3076923076923077,0.1735042735042735,101.0,0.3069306930693069,0.1481188118811881,103.0,0.2233009708737864,0.1663106796116504
4910,20260810,769,0.2561768530559167,0.6788036410923277,0.1553836150845253,0.0647342454994047,5.0,0.8,158.0,0.9430379746835444,0.1361392405063291,124.0,0.7016129032258065,0.1485483870967742,130.0,0.7384615384615385,0.1563076923076923,123.0,0.6016260162601627,0.1620325203252032,124.0,0.5483870967741935,0.1554032258064516,110.0,0.4363636363636363,0.1821818181818181
4911,20260808,639,0.1001564945226917,0.4303599374021909,0.1421507064364207,0.0683989765108148,5.0,0.4,87.0,0.735632183908046,0.1522988505747126,110.0,0.5181818181818182,0.1441818181818182,113.0,0.4247787610619469,0.1420353982300885,133.0,0.3984962406015037,0.1423308270676691,105.0,0.2857142857142857,0.1302884615384615,91.0,0.2527472527472527,0.1434444444444444
4912,20240821,259,0.1467181467181467,0.471042471042471,0.1565250965250965,0.0868779063150445,5.0,0.4,36.0,0.8888888888888888,0.1319444444444444,47.0,0.574468085106383,0.151063829787234,41.0,0.4634146341463415,0.1690243902439024,38.0,0.4210526315789473,0.1581578947368421,42.0,0.3571428571428571,0.1559523809523809,55.0,0.2363636363636363,0.1672727272727272
4913,20231218,84,0.0833333333333333,0.3571428571428571,0.1942168674698794,0.0838116143708035,5.0,0.0,11.0,0.5454545454545454,0.1890909090909091,17.0,0.5294117647058824,0.1847058823529411,12.0,0.3333333333333333,0.1933333333333333,18.0,0.2777777777777778,0.1958823529411764,14.0,0.2142857142857142,0.21,12.0,0.25,0.1925
4914,20260802,769,0.3133940182054616,0.6970091027308193,0.1309362808842653,0.054873372114191,5.0,0.4,156.0,0.9487179487179488,0.1163461538461538,123.0,0.7154471544715447,0.132520325203252,125.0,0.728,0.13816,136.0,0.6838235294117647,0.125735294117647,122.0,0.5655737704918032,0.145,107.0,0.4392523364485981,0.1325233644859813
4916,20231213,94,0.0957446808510638,0.3085106382978723,0.1282978723404255,0.0739988254345015,5.0,0.2,15.0,0.6,0.1166666666666666,15.0,0.2666666666666666,0.1253333333333333,18.0,0.2777777777777778,0.1338888888888889,17.0,0.4705882352941176,0.0970588235294117,15.0,0.1333333333333333,0.1339999999999999,14.0,0.0714285714285714,0.1685714285714285
4917,20260808,721,0.0776699029126213,0.3606102635228849,0.1650557103064067,0.06335499060911,5.0,0.2,95.0,0.6631578947368421,0.1787368421052631,124.0,0.4919354838709677,0.1765322580645161,133.0,0.4060150375939849,0.1640151515151515,126.0,0.3015873015873015,0.1665079365079365,139.0,0.2158273381294964,0.1544604316546762,104.0,0.1346153846153846,0.1523529411764706
4918,20260726,659,0.125948406676783,0.4370257966616085,0.1555471124620061,0.0669352206858083,5.0,0.2,91.0,0.7142857142857143,0.151,110.0,0.4727272727272727,0.1503636363636363,120.0,0.525,0.1404999999999999,117.0,0.4273504273504273,0.1598290598290598,118.0,0.3050847457627119,0.1565254237288135,103.0,0.2135922330097087,0.1766019417475728
4919,20260722,602,0.1262458471760797,0.4966777408637873,0.1532113144758735,0.06107879533605,5.0,0.8,80.0,0.85,0.14175,100.0,0.58,0.1575757575757575,102.0,0.4705882352941176,0.142156862745098,94.0,0.4680851063829787,0.1447872340425532,119.0,0.4117647058823529,0.143109243697479,107.0,0.2990654205607476,0.1869158878504672
4920,20230427,10,0.0,0.1,0.148,0.0711055553385246,5.0,0.2,1.0,1.0,0.17,2.0,0.0,0.145,1.0,0.0,0.32,2.0,0.0,0.13,2.0,0.0,0.12,2.0,0.0,0.0999999999999999
4923,20231218,64,0.0,0.03125,0.20546875,0.0955237157643979,5.0,0.0,7.0,0.0,0.2685714285714285,11.0,0.0909090909090909,0.1754545454545454,15.0,0.0,0.2066666666666666,10.0,0.0,0.203,9.0,0.1111111111111111,0.1933333333333333,12.0,0.0,0.2058333333333333
4924,20260802,559,0.0644007155635062,0.3452593917710196,0.1742549371633752,0.07074387767057,5.0,0.2,76.0,0.6578947368421053,0.1706578947368421,111.0,0.4234234234234234,0.1611818181818181,100.0,0.33,0.1594,94.0,0.3191489361702128,0.1744680851063829,104.0,0.2788461538461538,0.178252427184466,74.0,0.054054054054054,0.2116216216216216
4925,20260810,816,0.1531862745098039,0.5588235294117647,0.1367490729295426,0.0579666804874158,5.0,0.8,127.0,0.7952755905511811,0.1468503937007874,137.0,0.5985401459854015,0.1502941176470588,158.0,0.5949367088607594,0.1337419354838709,137.0,0.5474452554744526,0.11992700729927,132.0,0.4924242424242424,0.1307575757575757,125.0,0.312,0.140327868852459
4926,20260810,660,0.3454545454545454,0.7045454545454546,0.1455,0.0656429160248265,5.0,1.0,146.0,0.9178082191780822,0.1273972602739726,102.0,0.7647058823529411,0.1551960784313725,111.0,0.6666666666666666,0.1424324324324324,100.0,0.7,0.1399,107.0,0.6074766355140186,0.1506542056074766,94.0,0.4680851063829787,0.1668085106382978
4927,20260805,781,0.2151088348271446,0.5928297055057619,0.1664788732394366,0.0645085518892511,5.0,0.8,168.0,0.8035714285714286,0.1695238095238095,123.0,0.6260162601626016,0.1710569105691056,128.0,0.6640625,0.172421875,131.0,0.6106870229007634,0.1596946564885496,122.0,0.4262295081967213,0.155983606557377,109.0,0.3119266055045872,0.1695412844036697
4928,20260801,728,0.3076923076923077,0.6552197802197802,0.1507182320441989,0.0632916877156147,5.0,0.8,143.0,0.902097902097902,0.1466433566433566,119.0,0.5966386554621849,0.1619327731092437,134.0,0.7089552238805971,0.1410447761194029,121.0,0.7107438016528925,0.1434166666666666,102.0,0.5294117647058824,0.1593069306930693,109.0,0.3853211009174312,0.1558878504672897
4929,20240406,98,0.0510204081632653,0.1632653061224489,0.1987755102040816,0.0716605562259827,5.0,0.0,15.0,0.4666666666666667,0.1846666666666666,18.0,0.1666666666666666,0.2283333333333333,12.0,0.0833333333333333,0.1866666666666666,17.0,0.1764705882352941,0.1788235294117647,19.0,0.1052631578947368,0.2121052631578947,17.0,0.0,0.1935294117647059
4930,20260808,742,0.1805929919137466,0.5471698113207547,0.1496351351351351,0.0742002539378484,5.0,0.6,110.0,0.8272727272727273,0.1365454545454545,120.0,0.6333333333333333,0.1503333333333333,120.0,0.6,0.1508333333333333,132.0,0.5227272727272727,0.1435877862595419,119.0,0.453781512605042,0.1533050847457627,141.0,0.3120567375886525,0.1607801418439716
4931,20260803,875,0.2194285714285714,0.6411428571428571,0.1587857961053837,0.060269658866811,5.0,0.6,169.0,0.9171597633136096,0.1246745562130177,147.0,0.7006802721088435,0.1554109589041096,132.0,0.6818181818181818,0.1518181818181818,146.0,0.5958904109589042,0.1620547945205479,148.0,0.4864864864864865,0.1745945945945946,133.0,0.4060150375939849,0.1918181818181818
4932,20260810,831,0.3104693140794224,0.6654632972322503,0.1427053140096618,0.059870432733718,5.0,1.0,181.0,0.9116022099447514,0.1296132596685082,126.0,0.6587301587301587,0.1624,120.0,0.6916666666666667,0.1370588235294117,137.0,0.6496350364963503,0.1395620437956204,130.0,0.6076923076923076,0.1386046511627907,137.0,0.3941605839416058,0.153941605839416
4933,20260802,698,0.2550143266475644,0.6504297994269341,0.1398137535816619,0.0629762745606935,5.0,0.0,137.0,0.9051094890510948,0.1291970802919708,113.0,0.6902654867256637,0.135575221238938,118.0,0.7033898305084746,0.1177118644067796,121.0,0.5867768595041323,0.1454545454545454,115.0,0.5304347826086957,0.1470434782608695,94.0,0.3936170212765957,0.1720212765957447
4934,20260804,785,0.1949044585987261,0.6165605095541401,0.1640153452685422,0.0654063808006009,5.0,0.6,154.0,0.8636363636363636,0.147828947368421,126.0,0.7222222222222222,0.1571428571428571,131.0,0.6564885496183206,0.1706870229007633,128.0,0.6015625,0.167265625,122.0,0.5245901639344263,0.1720491803278688,124.0,0.2661290322580645,0.1726016260162601
4936,20260810,598,0.2023411371237458,0.5301003344481605,0.1683752093802345,0.0737000570820734,5.0,0.4,106.0,0.8301886792452831,0.1638679245283019,97.0,0.5773195876288659,0.1513541666666666,95.0,0.5684210526315789,0.169578947368421,102.0,0.4803921568627451,0.1554901960784313,99.0,0.4343434343434343,0.1713131313131313,99.0,0.2727272727272727,0.1988888888888889
4938,20260810,719,0.2406119610570236,0.5813630041724618,0.1566295264623955,0.0650930708655394,5.0,0.6,137.0,0.8978102189781022,0.1427941176470588,129.0,0.627906976744186,0.1485271317829457,130.0,0.6538461538461539,0.1476153846153846,124.0,0.4838709677419355,0.164758064516129,108.0,0.4074074074074074,0.1612037037037037,91.0,0.2747252747252747,0.1851648351648351
4939,20260808,767,0.3350717079530639,0.6923076923076923,0.1376470588235294,0.0525825178567929,5.0,0.8,179.0,0.9273743016759776,0.1268156424581005,129.0,0.6821705426356589,0.148203125,107.0,0.6822429906542056,0.1343925233644859,107.0,0.6542056074766355,0.1411214953271028,132.0,0.5909090909090909,0.1375572519083969,113.0,0.495575221238938,0.1427433628318584
4940,20260726,313,0.0415335463258785,0.242811501597444,0.1744728434504792,0.0937800093681511,5.0,0.4,49.0,0.4285714285714285,0.1687755102040816,50.0,0.3,0.1824,59.0,0.2542372881355932,0.1659322033898305,52.0,0.2307692307692307,0.1638461538461538,45.0,0.1777777777777777,0.1766666666666666,58.0,0.0862068965517241,0.1889655172413793
4941,20260724,628,0.10828025477707,0.4442675159235669,0.1999043062200957,0.0802884975343348,5.0,0.2,91.0,0.7032967032967034,0.2143956043956044,109.0,0.5871559633027523,0.1911111111111111,113.0,0.5132743362831859,0.1935398230088495,110.0,0.3,0.218090909090909,106.0,0.320754716981132,0.2023584905660377,99.0,0.2626262626262626,0.1806060606060606
4942,20260810,661,0.1195158850226928,0.4856278366111952,0.1569090909090909,0.0709512695068107,5.0,0.6,97.0,0.711340206185567,0.1478350515463917,112.0,0.5178571428571429,0.1689285714285714,118.0,0.4915254237288136,0.1620338983050847,112.0,0.5535714285714286,0.1576785714285714,110.0,0.4272727272727272,0.1421818181818182,112.0,0.2410714285714285,0.161081081081081
4943,20260810,570,0.1035087719298245,0.4192982456140351,0.1522535211267605,0.0679544624471042,5.0,0.4,79.0,0.7215189873417721,0.1530379746835443,98.0,0.5,0.1537755102040816,113.0,0.415929203539823,0.1344247787610619,98.0,0.3673469387755102,0.1443298969072164,97.0,0.2886597938144329,0.1562886597938144,85.0,0.2588235294117647,0.1782142857142857
4944,20260809,573,0.0820244328097731,0.3472949389179756,0.1604712041884816,0.0698411657822014,5.0,0.2,70.0,0.5571428571428572,0.1615714285714286,103.0,0.3786407766990291,0.1646601941747573,113.0,0.4247787610619469,0.1445132743362831,102.0,0.2647058823529412,0.1674509803921569,91.0,0.2857142857142857,0.1592307692307692,94.0,0.2127659574468085,0.1678723404255319
4945,20260810,602,0.0996677740863787,0.4235880398671096,0.1683388704318937,0.0770849605753083,5.0,0.4,77.0,0.5844155844155844,0.1923376623376623,84.0,0.3809523809523809,0.1675,105.0,0.4761904761904761,0.1702857142857142,109.0,0.4954128440366973,0.1593577981651376,122.0,0.3442622950819672,0.1621311475409836,105.0,0.3047619047619048,0.166
4946,20250109,313,0.0702875399361022,0.3418530351437699,0.1602236421725239,0.0916704115905206,5.0,0.4,35.0,0.7428571428571429,0.1342857142857142,48.0,0.4166666666666667,0.1889583333333333,59.0,0.3389830508474576,0.185593220338983,56.0,0.3035714285714285,0.1601785714285714,54.0,0.2407407407407407,0.1455555555555555,61.0,0.180327868852459,0.140983606557377
4947,20260805,689,0.0638606676342525,0.4194484760522496,0.1876342525399129,0.0776490918702398,5.0,0.6,88.0,0.6477272727272727,0.2,126.0,0.5793650793650794,0.2077777777777777,124.0,0.4274193548387097,0.1879838709677419,124.0,0.3225806451612903,0.1874193548387097,120.0,0.3416666666666667,0.1723333333333333,107.0,0.2336448598130841,0.1707476635514018
4948,20260810,802,0.1645885286783042,0.5249376558603491,0.1545885286783042,0.0595610943333342,5.0,0.2,133.0,0.8721804511278195,0.1373684210526315,133.0,0.6090225563909775,0.1557894736842105,145.0,0.5793103448275863,0.1495172413793103,128.0,0.46875,0.158046875,138.0,0.3695652173913043,0.1571014492753623,125.0,0.232,0.1712
4949,20260810,884,0.2251131221719457,0.6266968325791855,0.1548244620611551,0.056050129152853,5.0,0.8,176.0,0.9204545454545454,0.1411363636363636,136.0,0.6397058823529411,0.1502205882352941,156.0,0.6538461538461539,0.1549358974358974,150.0,0.5933333333333334,0.1612,150.0,0.52,0.1551006711409396,116.0,0.3103448275862069,0.1722413793103448
4950,20260809,826,0.2179176755447942,0.5653753026634383,0.1645575757575757,0.061220550274734,5.0,0.6,159.0,0.8742138364779874,0.1527044025157233,130.0,0.5538461538461539,0.1623076923076923,135.0,0.6518518518518519,0.1599259259259259,127.0,0.5669291338582677,0.1550393700787401,156.0,0.4743589743589743,0.1757692307692308,119.0,0.1848739495798319,0.183728813559322
4951,20260808,508,0.1181102362204724,0.5098425196850394,0.1466403162055336,0.0629525283463376,5.0,0.2,73.0,0.7397260273972602,0.1576712328767123,84.0,0.5595238095238095,0.1379518072289156,85.0,0.7176470588235294,0.1485882352941176,92.0,0.5108695652173914,0.1359782608695652,91.0,0.3736263736263736,0.1308791208791208,83.0,0.1927710843373494,0.1730487804878048
4952,20260810,511,0.0802348336594911,0.334637964774951,0.1690532544378698,0.0702509668787326,5.0,0.2,62.0,0.7580645161290323,0.1464516129032258,87.0,0.4827586206896552,0.1686206896551724,90.0,0.3888888888888889,0.1567415730337078,99.0,0.2525252525252525,0.1711340206185567,89.0,0.1910112359550561,0.1726966292134831,84.0,0.0595238095238095,0.1932530120481927
4953,20260810,918,0.2788671023965142,0.6514161220043573,0.1555119825708061,0.0582413782055773,5.0,1.0,180.0,0.9055555555555556,0.1507222222222222,153.0,0.6339869281045751,0.1556209150326797,171.0,0.6842105263157895,0.1621637426900584,160.0,0.68125,0.15225,132.0,0.5227272727272727,0.1498484848484848,122.0,0.3524590163934426,0.1635245901639344
4954,20260810,380,0.1157894736842105,0.4657894736842105,0.1532010582010582,0.0750701033845074,5.0,0.6,49.0,0.7755102040816326,0.1624489795918367,50.0,0.48,0.157,57.0,0.5263157894736842,0.1492857142857142,72.0,0.4444444444444444,0.1452777777777777,66.0,0.3484848484848485,0.1445454545454545,86.0,0.3488372093023256,0.1616470588235294
4956,20260509,471,0.0721868365180467,0.375796178343949,0.1759061833688699,0.0744351848398976,5.0,0.0,63.0,0.6190476190476191,0.1487301587301587,79.0,0.4177215189873418,0.179746835443038,92.0,0.391304347826087,0.1747826086956521,81.0,0.4074074074074074,0.1741975308641975,89.0,0.2921348314606741,0.1768181818181818,67.0,0.1492537313432835,0.1996969696969697
4957,20260728,718,0.149025069637883,0.5027855153203342,0.1658774373259053,0.0639376133787832,5.0,0.6,95.0,0.8105263157894737,0.1403157894736842,111.0,0.6126126126126126,0.1636936936936937,140.0,0.6357142857142857,0.1617142857142857,119.0,0.453781512605042,0.1625210084033613,130.0,0.4230769230769231,0.1624615384615384,123.0,0.1463414634146341,0.1991869918699187
4958,20260810,896,0.2243303571428571,0.6316964285714286,0.1433109619686801,0.0566949483896062,5.0,0.8,183.0,0.8579234972677595,0.141311475409836,149.0,0.7046979865771812,0.1493918918918919,153.0,0.7254901960784313,0.1417763157894737,159.0,0.6289308176100629,0.1339622641509434,132.0,0.4621212121212121,0.1388636363636363,120.0,0.2666666666666666,0.1580833333333333
4959,20260802,887,0.3213077790304396,0.6899661781285231,0.1562302483069977,0.0583618454065765,5.0,0.4,196.0,0.9591836734693876,0.1545408163265306,159.0,0.710691823899371,0.160506329113924,134.0,0.7238805970149254,0.1535074626865671,146.0,0.6575342465753424,0.1447945205479452,142.0,0.5,0.1604225352112676,110.0,0.4272727272727272,0.1661818181818181
4960,20260803,889,0.3048368953880765,0.688413948256468,0.150472972972973,0.0605400000981346,5.0,0.4,189.0,0.9206349206349206,0.1544973544973545,143.0,0.7762237762237763,0.1604195804195804,151.0,0.7019867549668874,0.1549006622516556,153.0,0.6209150326797386,0.1409868421052631,132.0,0.5833333333333334,0.1378030303030303,121.0,0.4049586776859504,0.1526446280991735
4961,20260810,755,0.2821192052980132,0.6264900662251656,0.1460424966799468,0.065545080338512,5.0,0.8,169.0,0.8816568047337278,0.1264285714285714,121.0,0.6446280991735537,0.1380165289256198,120.0,0.625,0.1419327731092437,131.0,0.5648854961832062,0.1583969465648854,108.0,0.4629629629629629,0.159537037037037,106.0,0.4433962264150943,0.1618867924528302
4962,20260808,765,0.192156862745098,0.5424836601307189,0.1632549019607843,0.0678829759489313,5.0,0.4,127.0,0.8740157480314961,0.1508661417322834,137.0,0.5182481751824818,0.1654744525547445,129.0,0.6589147286821705,0.1651162790697674,128.0,0.515625,0.167265625,141.0,0.3829787234042553,0.1590780141843971,103.0,0.2718446601941747,0.1739805825242718
4963,20260810,748,0.267379679144385,0.6109625668449198,0.1494117647058823,0.0590040012292127,5.0,0.4,149.0,0.8523489932885906,0.1437583892617449,126.0,0.6746031746031746,0.1502380952380952,112.0,0.6875,0.1328571428571428,124.0,0.6129032258064516,0.1529032258064516,124.0,0.4274193548387097,0.1489516129032258,113.0,0.3451327433628318,0.1690265486725664
4964,20260810,480,0.2125,0.5895833333333333,0.1479113924050633,0.0590149855545363,5.0,0.8,87.0,0.8620689655172413,0.1404651162790697,75.0,0.68,0.1506666666666666,84.0,0.6309523809523809,0.1392771084337349,88.0,0.5227272727272727,0.1587209302325581,82.0,0.4512195121951219,0.1474074074074074,64.0,0.328125,0.152063492063492
4965,20260810,498,0.1044176706827309,0.395582329317269,0.1797987927565392,0.0790611392594193,5.0,0.4,61.0,0.6557377049180327,0.2016393442622951,90.0,0.4333333333333333,0.1964444444444444,88.0,0.5113636363636364,0.1713636363636363,78.0,0.3461538461538461,0.176025641025641,96.0,0.3645833333333333,0.1652083333333333,85.0,0.1294117647058823,0.1751190476190476
4966,20260810,723,0.1811894882434301,0.5283540802213001,0.1460442600276625,0.06575538919669,5.0,0.6,126.0,0.8492063492063492,0.1549206349206349,113.0,0.584070796460177,0.1392920353982301,117.0,0.5897435897435898,0.1547863247863247,117.0,0.4700854700854701,0.1404273504273504,116.0,0.4827586206896552,0.1393965517241379,134.0,0.2164179104477611,0.1464179104477612
4967,20260809,757,0.2391017173051519,0.6221928665785997,0.1403038309114927,0.0649034453971885,5.0,0.6,139.0,0.8992805755395683,0.1435251798561151,129.0,0.6511627906976745,0.147906976744186,124.0,0.6451612903225806,0.1416935483870967,131.0,0.5419847328244275,0.1316030534351145,129.0,0.5503875968992248,0.1333333333333333,105.0,0.3809523809523809,0.1444761904761904
4968,20230615,17,0.1176470588235294,0.1764705882352941,0.0970588235294117,0.0601727616590326,5.0,0.2,2.0,0.5,0.09,3.0,0.0,0.1133333333333333,3.0,0.0,0.11,2.0,0.5,0.135,3.0,0.3333333333333333,0.0633333333333333,4.0,0.0,0.0849999999999999
4969,20260810,664,0.1039156626506024,0.4503012048192771,0.1741716867469879,0.0763980581870066,5.0,0.4,90.0,0.8444444444444444,0.1447777777777777,115.0,0.5739130434782609,0.1704347826086956,123.0,0.4552845528455284,0.160650406504065,109.0,0.3761467889908257,0.1758715596330275,121.0,0.3057851239669421,0.1917355371900826,106.0,0.2169811320754717,0.1970754716981132
4970,20241205,98,0.0306122448979591,0.1122448979591836,0.1672164948453608,0.0749947388950764,5.0,0.0,8.0,0.5,0.19875,19.0,0.1578947368421052,0.1731578947368421,19.0,0.0526315789473684,0.1463157894736842,15.0,0.1333333333333333,0.164,17.0,0.0588235294117647,0.13875,20.0,0.0,0.194
4971,20230419,4,0.0,0.0,0.22,0.0886002257333467,4.0,0.0,0.0,,,0.0,,,0.0,,,1.0,0.0,0.12,1.0,0.0,0.16,2.0,0.0,0.3
4973,20260618,700,0.1328571428571428,0.4671428571428571,0.1871142857142857,0.0740518241035372,5.0,0.6,108.0,0.7870370370370371,0.167037037037037,112.0,0.4821428571428571,0.1877678571428571,117.0,0.5897435897435898,0.1806837606837606,98.0,0.4795918367346938,0.1733673469387755,114.0,0.4210526315789473,0.1868421052631579,151.0,0.1589403973509933,0.2150993377483444
4974,20260810,650,0.1753846153846154,0.4938461538461538,0.169076923076923,0.0782643071594448,5.0,0.4,101.0,0.6831683168316832,0.1994059405940594,123.0,0.6178861788617886,0.17,106.0,0.5283018867924528,0.1707547169811321,116.0,0.5086206896551724,0.1618965517241379,98.0,0.4081632653061224,0.1572448979591836,106.0,0.1981132075471698,0.1562264150943396
4976,20260810,718,0.1350974930362116,0.479108635097493,0.1810195530726257,0.0789876212479827,5.0,0.4,98.0,0.7244897959183674,0.1779591836734693,132.0,0.5303030303030303,0.1837404580152671,114.0,0.4912280701754385,0.1671929824561403,131.0,0.4809160305343511,0.1738461538461538,138.0,0.4057971014492754,0.1791304347826086,105.0,0.2666666666666666,0.2068571428571428
4977,20260809,737,0.1926729986431479,0.5943012211668928,0.1597135061391541,0.067065155713674,5.0,0.6,132.0,0.8484848484848485,0.1621212121212121,119.0,0.5882352941176471,0.1615126050420168,152.0,0.625,0.1573026315789473,116.0,0.6120689655172413,0.1505172413793103,121.0,0.4958677685950413,0.1580672268907563,97.0,0.3092783505154639,0.1712631578947368
4978,20260806,658,0.0851063829787234,0.3799392097264438,0.168951367781155,0.0722560505745624,5.0,0.6,90.0,0.6888888888888889,0.1563333333333333,121.0,0.4380165289256198,0.1720661157024793,122.0,0.3852459016393442,0.1667213114754098,109.0,0.3669724770642202,0.1781651376146789,128.0,0.2578125,0.16609375,88.0,0.1704545454545454,0.1734090909090909
4979,20260810,715,0.1314685314685314,0.4475524475524475,0.1640953716690042,0.0710178603331052,5.0,0.2,106.0,0.8113207547169812,0.1492452830188679,123.0,0.4308943089430894,0.1633333333333333,133.0,0.518796992481203,0.1625,122.0,0.4672131147540984,0.1567768595041322,130.0,0.2923076923076923,0.1742307692307692,101.0,0.1683168316831683,0.1784158415841584
4980,20260802,811,0.2959309494451295,0.6633785450061652,0.1521454993834772,0.0662736064642366,5.0,0.4,178.0,0.9382022471910112,0.1334269662921348,126.0,0.6904761904761905,0.1542857142857143,131.0,0.7022900763358778,0.145648854961832,133.0,0.5939849624060151,0.1609022556390977,123.0,0.5447154471544715,0.1567479674796748,120.0,0.3833333333333333,0.1703333333333333
4981,20260803,700,0.1457142857142857,0.5257142857142857,0.1650214592274678,0.0619390382619695,5.0,0.8,107.0,0.7850467289719626,0.1659813084112149,123.0,0.6585365853658537,0.1585365853658536,128.0,0.578125,0.153984375,116.0,0.4741379310344827,0.1616379310344827,122.0,0.3934426229508196,0.1733057851239669,104.0,0.25,0.1794230769230769
4982,20260810,478,0.0941422594142259,0.4288702928870292,0.1650210084033613,0.0671368192560792,5.0,0.4,63.0,0.746031746031746,0.1539682539682539,87.0,0.4712643678160919,0.1735632183908046,86.0,0.4534883720930232,0.162906976744186,72.0,0.4027777777777778,0.1553521126760563,93.0,0.3333333333333333,0.1674193548387096,77.0,0.2337662337662337,0.1728947368421052
4983,20260804,888,0.3130630630630631,0.6768018018018018,0.1645045045045045,0.0609310456339933,5.0,0.2,195.0,0.9282051282051282,0.1532307692307692,153.0,0.6928104575163399,0.1587581699346405,153.0,0.7581699346405228,0.1739869281045751,133.0,0.631578947368421,0.165563909774436,136.0,0.5073529411764706,0.1666911764705882,118.0,0.3813559322033898,0.1745762711864407
4984,20260723,570,0.1350877192982456,0.4789473684210526,0.1993859649122807,0.0873256165840713,5.0,0.4,88.0,0.6931818181818182,0.18875,99.0,0.5252525252525253,0.2022222222222222,105.0,0.5333333333333333,0.1909523809523809,85.0,0.3764705882352941,0.2009411764705882,94.0,0.3723404255319149,0.2053191489361702,99.0,0.3737373737373737,0.207979797979798
4985,20260808,942,0.2760084925690021,0.6539278131634819,0.1457446808510638,0.0596191701588512,5.0,0.6,218.0,0.926605504587156,0.1421559633027523,142.0,0.7605633802816901,0.1409154929577465,160.0,0.65625,0.1322641509433962,161.0,0.5714285714285714,0.1521739130434782,140.0,0.5571428571428572,0.1474820143884892,121.0,0.256198347107438,0.1650413223140495
4986,20240616,130,0.0923076923076923,0.3076923076923077,0.1725384615384615,0.0769346529751214,5.0,0.2,18.0,0.5555555555555556,0.1711111111111111,25.0,0.48,0.176,22.0,0.3636363636363636,0.1531818181818182,19.0,0.3684210526315789,0.1657894736842105,24.0,0.125,0.1891666666666666,22.0,0.0,0.1768181818181818
4987,20260805,506,0.0810276679841897,0.308300395256917,0.1732936507936508,0.0685150391856285,5.0,0.4,69.0,0.6086956521739131,0.1685507246376811,91.0,0.3956043956043956,0.1821978021978021,109.0,0.3027522935779816,0.1646728971962616,89.0,0.3146067415730337,0.1648314606741573,80.0,0.15,0.184,68.0,0.0735294117647058,0.178235294117647
4988,20260803,661,0.1391830559757942,0.394856278366112,0.1460151515151515,0.0650223720064154,5.0,0.2,87.0,0.735632183908046,0.1559770114942528,106.0,0.4056603773584906,0.1476415094339622,135.0,0.4962962962962963,0.1359259259259259,108.0,0.3703703703703703,0.1343518518518518,124.0,0.2661290322580645,0.1416935483870967,101.0,0.1386138613861386,0.1672
4989,20260803,695,0.2316546762589928,0.6287769784172662,0.1376046176046176,0.0683322633769434,5.0,0.4,121.0,0.8842975206611571,0.1334710743801652,102.0,0.7254901960784313,0.1313725490196078,124.0,0.7016129032258065,0.1358064516129032,127.0,0.6141732283464567,0.1365354330708661,106.0,0.5471698113207547,0.1334615384615384,115.0,0.2869565217391304,0.1543478260869565
4990,20260805,232,0.0387931034482758,0.1422413793103448,0.2106986899563318,0.0910417201165336,5.0,0.4,23.0,0.391304347826087,0.2234782608695652,46.0,0.1521739130434782,0.2415217391304347,44.0,0.2045454545454545,0.1993181818181818,42.0,0.0952380952380952,0.2463414634146341,38.0,0.0526315789473684,0.1718918918918919,39.0,0.0512820512820512,0.1781578947368421
4991,20260809,781,0.1895006402048655,0.6209987195902689,0.1780154639175258,0.0690579449510862,5.0,0.4,151.0,0.9072847682119204,0.1543046357615894,139.0,0.6474820143884892,0.1783333333333333,132.0,0.6363636363636364,0.1702290076335877,132.0,0.5681818181818182,0.1816666666666666,136.0,0.5147058823529411,0.1829629629629629,91.0,0.3186813186813186,0.2162921348314606
4992,20260802,666,0.1546546546546546,0.4114114114114114,0.161945701357466,0.0658600147766335,5.0,0.0,95.0,0.7684210526315789,0.1448421052631578,117.0,0.5128205128205128,0.1578448275862068,111.0,0.4234234234234234,0.1574545454545454,114.0,0.3859649122807017,0.1493805309734513,125.0,0.28,0.1696,104.0,0.1442307692307692,0.1913461538461538
4993,20240506,153,0.0915032679738562,0.2941176470588235,0.2017647058823529,0.0805627076595391,5.0,0.0,19.0,0.631578947368421,0.1884210526315789,35.0,0.2857142857142857,0.2157142857142857,26.0,0.4230769230769231,0.1996153846153846,29.0,0.2068965517241379,0.2037931034482758,29.0,0.1724137931034483,0.1872413793103448,15.0,0.0666666666666666,0.214
4994,20260810,678,0.1504424778761062,0.616519174041298,0.1762481536189069,0.0749482372846149,5.0,0.4,123.0,0.902439024390244,0.1528455284552845,122.0,0.7049180327868853,0.1757024793388429,109.0,0.6788990825688074,0.1677064220183486,113.0,0.5929203539823009,0.1884955752212389,114.0,0.4561403508771929,0.1761403508771929,97.0,0.2886597938144329,0.202061855670103
4995,20260805,657,0.1019786910197869,0.3698630136986301,0.1912195121951219,0.06573023664584,5.0,0.2,97.0,0.6804123711340206,0.1702061855670103,115.0,0.5043478260869565,0.1866086956521739,122.0,0.3442622950819672,0.1847107438016529,109.0,0.3302752293577982,0.1839449541284403,110.0,0.1818181818181818,0.1992727272727273,104.0,0.2019230769230769,0.2225961538461538
4997,20260802,220,0.0545454545454545,0.2272727272727272,0.1815909090909091,0.0810483352366234,5.0,0.4,30.0,0.4333333333333333,0.197,34.0,0.4411764705882353,0.1838235294117647,44.0,0.1590909090909091,0.1838636363636363,39.0,0.2307692307692307,0.1646153846153846,38.0,0.131578947368421,0.1702631578947368,35.0,0.0285714285714285,0.1945714285714286
4998,20260808,367,0.1825613079019073,0.4686648501362397,0.1391280653950953,0.0594461490315135,5.0,0.4,58.0,0.6724137931034483,0.1368965517241379,62.0,0.6290322580645161,0.1474193548387097,60.0,0.3666666666666666,0.1403333333333333,67.0,0.4477611940298507,0.1320895522388059,62.0,0.4516129032258064,0.1375806451612903,58.0,0.2413793103448276,0.1410344827586206
4999,20230810,40,0.025,0.05,0.19925,0.0812523076595366,5.0,0.0,6.0,0.1666666666666666,0.1733333333333333,6.0,0.0,0.2333333333333333,7.0,0.1428571428571428,0.1214285714285714,2.0,0.0,0.24,9.0,0.0,0.1877777777777777,10.0,0.0,0.251
5000,20260808,684,0.1008771929824561,0.4005847953216374,0.1372434017595308,0.0607723698035261,5.0,0.4,86.0,0.8372093023255814,0.135813953488372,130.0,0.4615384615384615,0.1338461538461538,122.0,0.4180327868852459,0.1301639344262295,122.0,0.3114754098360656,0.1383606557377049,122.0,0.2459016393442623,0.1344628099173553,102.0,0.2254901960784313,0.1533663366336633
5002,20260810,766,0.2232375979112271,0.5926892950391645,0.1589908256880734,0.068186804315824,5.0,0.2,147.0,0.8639455782312925,0.161156462585034,124.0,0.6854838709677419,0.1690322580645161,127.0,0.6771653543307087,0.162063492063492,142.0,0.5985915492957746,0.1534042553191489,117.0,0.4358974358974359,0.1489655172413793,109.0,0.1834862385321101,0.1589908256880734
5003,20260810,691,0.1056439942112879,0.3704775687409551,0.1822431259044862,0.0788615004855027,5.0,0.4,79.0,0.6962025316455697,0.2043037974683544,142.0,0.4436619718309859,0.1787323943661971,125.0,0.384,0.188,131.0,0.3511450381679389,0.1749618320610687,121.0,0.2644628099173554,0.1716528925619834,93.0,0.1290322580645161,0.1851612903225806
5004,20260803,651,0.1582181259600614,0.5038402457757296,0.1477726574500768,0.0687329965377681,5.0,0.8,91.0,0.8021978021978022,0.1521978021978021,116.0,0.6551724137931034,0.1335344827586207,113.0,0.5663716814159292,0.1417699115044247,112.0,0.4642857142857143,0.141875,109.0,0.3211009174311927,0.1527522935779816,110.0,0.2545454545454545,0.1663636363636363
5005,20260803,838,0.1682577565632458,0.581145584725537,0.1422661870503597,0.0659137663018834,5.0,0.6,152.0,0.8157894736842105,0.1616447368421052,144.0,0.6180555555555556,0.1506944444444444,141.0,0.6453900709219859,0.1380851063829787,145.0,0.5310344827586206,0.126993006993007,148.0,0.4797297297297297,0.1320408163265306,108.0,0.324074074074074,0.1433644859813084
5006,20260809,643,0.0839813374805598,0.2986003110419907,0.175265625,0.0728714068984493,5.0,0.0,75.0,0.56,0.1825675675675675,115.0,0.217391304347826,0.1883478260869565,112.0,0.375,0.1804504504504504,123.0,0.3333333333333333,0.1655284552845528,132.0,0.2196969696969697,0.1683206106870229,86.0,0.1511627906976744,0.1693023255813953
5007,20260810,679,0.0883652430044182,0.4167893961708395,0.1797345132743363,0.0677792727298231,5.0,0.4,102.0,0.6862745098039216,0.1706862745098039,116.0,0.396551724137931,0.1830434782608695,108.0,0.4722222222222222,0.1759259259259259,117.0,0.376068376068376,0.1729059829059829,125.0,0.304,0.1832,111.0,0.3063063063063063,0.1916216216216216
5008,20260805,625,0.0864,0.4176,0.1386516853932584,0.0580980990250245,5.0,0.4,79.0,0.7468354430379747,0.1459493670886076,118.0,0.4661016949152542,0.1464102564102564,108.0,0.4722222222222222,0.1384259259259259,108.0,0.3425925925925926,0.1286111111111111,126.0,0.3492063492063492,0.1304799999999999,86.0,0.1744186046511628,0.1461627906976744
5009,20260724,696,0.1408045977011494,0.4540229885057471,0.1648126801152737,0.0719482447712938,5.0,0.2,100.0,0.73,0.1619191919191919,124.0,0.5806451612903226,0.1625806451612903,122.0,0.5327868852459017,0.1593442622950819,110.0,0.4909090909090909,0.1667272727272727,119.0,0.2941176470588235,0.1555084745762712,121.0,0.140495867768595,0.1823140495867768
5010,20260728,760,0.156578947368421,0.5223684210526316,0.1539101717305152,0.0647056733476957,5.0,0.4,134.0,0.8880597014925373,0.1451492537313432,129.0,0.5503875968992248,0.16359375,125.0,0.544,0.15392,144.0,0.4166666666666667,0.1537323943661972,129.0,0.4418604651162791,0.1501550387596899,99.0,0.2222222222222222,0.1583838383838383
5011,20260810,599,0.0767946577629382,0.2854757929883139,0.1633892617449664,0.0691942321576336,5.0,0.4,68.0,0.7205882352941176,0.1388235294117647,118.0,0.3050847457627119,0.1711864406779661,103.0,0.3495145631067961,0.1607766990291262,108.0,0.25,0.15,107.0,0.1214953271028037,0.1667924528301886,95.0,0.1052631578947368,0.1856382978723404
5012,20260810,731,0.1723666210670314,0.5225718194254446,0.1390260631001371,0.0715937374628344,5.0,0.0,113.0,0.7522123893805309,0.1416071428571428,126.0,0.6031746031746031,0.1275396825396825,133.0,0.518796992481203,0.1381818181818181,117.0,0.452991452991453,0.1369230769230769,133.0,0.4736842105263157,0.1333834586466165,109.0,0.3302752293577982,0.1598165137614679
5013,20260723,709,0.2115655853314527,0.4696755994358251,0.1653737658674189,0.0702928184616686,5.0,0.2,107.0,0.719626168224299,0.1720560747663551,123.0,0.5691056910569106,0.1507317073170731,130.0,0.5230769230769231,0.1630769230769231,126.0,0.4523809523809524,0.1634126984126984,127.0,0.2992125984251969,0.1680314960629921,96.0,0.2395833333333333,0.1788541666666666
5014,20260808,665,0.1052631578947368,0.4541353383458646,0.1372590361445783,0.0647447658695644,5.0,0.2,90.0,0.7666666666666667,0.134,113.0,0.5663716814159292,0.1314159292035398,119.0,0.4705882352941176,0.13890756302521,119.0,0.5042016806722689,0.1341176470588235,131.0,0.3206106870229007,0.1376335877862595,93.0,0.1182795698924731,0.1490217391304348
5015,20260809,776,0.268041237113402,0.6688144329896907,0.1359508408796895,0.0613604510841384,5.0,0.8,153.0,0.9084967320261438,0.1188079470198675,128.0,0.71875,0.13390625,129.0,0.8449612403100775,0.1297674418604651,131.0,0.5648854961832062,0.1365648854961832,103.0,0.4854368932038835,0.131078431372549,132.0,0.4166666666666667,0.1667424242424242
5016,20260810,829,0.2702050663449939,0.6622436670687576,0.1441717049576783,0.0621997758318959,5.0,0.4,171.0,0.935672514619883,0.121812865497076,137.0,0.7664233576642335,0.1418382352941176,138.0,0.6811594202898551,0.1436231884057971,132.0,0.6742424242424242,0.1494696969696969,126.0,0.4444444444444444,0.1577599999999999,125.0,0.36,0.15872
5017,20260810,798,0.2982456140350877,0.656641604010025,0.1330943396226415,0.0552773217061405,5.0,0.8,163.0,0.9202453987730062,0.1373456790123456,138.0,0.6956521739130435,0.1254347826086956,121.0,0.7272727272727273,0.13825,133.0,0.5714285714285714,0.1334586466165413,125.0,0.56,0.1253225806451613,118.0,0.3728813559322034,0.138728813559322
5018,20260731,914,0.2428884026258205,0.6356673960612691,0.1616648411829134,0.0661627771432032,5.0,0.6,187.0,0.9251336898395722,0.1461497326203208,140.0,0.6428571428571429,0.1594285714285714,155.0,0.6838709677419355,0.1510967741935484,156.0,0.5769230769230769,0.1658064516129032,160.0,0.45625,0.1646875,116.0,0.4224137931034483,0.1937931034482758
5019,20260723,636,0.1132075471698113,0.4968553459119497,0.177397476340694,0.0708667144992277,5.0,0.0,106.0,0.8018867924528302,0.1817142857142857,102.0,0.5196078431372549,0.1791176470588235,118.0,0.5254237288135594,0.1838983050847457,106.0,0.4245283018867924,0.1731132075471698,114.0,0.3771929824561403,0.1719469026548672,90.0,0.3111111111111111,0.1737777777777777
5020,20260809,564,0.1099290780141844,0.3652482269503546,0.1636672629695885,0.0711869984575552,5.0,0.4,72.0,0.6944444444444444,0.1590277777777778,90.0,0.4222222222222222,0.1642045454545454,108.0,0.4444444444444444,0.1432710280373831,101.0,0.3267326732673267,0.1676,104.0,0.2403846153846154,0.1707692307692307,89.0,0.1348314606741573,0.1788636363636363
5022,20260803,577,0.0883882149046793,0.3708838821490468,0.1760763888888888,0.0721824058915551,5.0,0.4,70.0,0.6285714285714286,0.1668571428571428,105.0,0.4095238095238095,0.1849523809523809,100.0,0.35,0.1718181818181818,111.0,0.4414414414414414,0.1676576576576576,108.0,0.287037037037037,0.167037037037037,83.0,0.144578313253012,0.200722891566265
5023,20260810,675,0.1629629629629629,0.522962962962963,0.155,0.0693507304180987,5.0,1.0,108.0,0.7870370370370371,0.1321296296296296,118.0,0.6186440677966102,0.143076923076923,119.0,0.5378151260504201,0.1500847457627118,108.0,0.4722222222222222,0.1562616822429906,112.0,0.4017857142857143,0.1586607142857143,110.0,0.3181818181818182,0.1904545454545454
5025,20241214,248,0.1129032258064516,0.3064516129032258,0.1662903225806451,0.0819713535911989,5.0,0.0,31.0,0.7419354838709677,0.1677419354838709,48.0,0.3958333333333333,0.1745833333333333,37.0,0.3783783783783784,0.1489189189189189,38.0,0.2894736842105263,0.1526315789473684,47.0,0.1063829787234042,0.1672340425531914,47.0,0.0851063829787234,0.1806382978723404
5026,20260810,774,0.2855297157622739,0.6550387596899225,0.1497150259067357,0.0665268782186378,5.0,1.0,171.0,0.9005847953216374,0.1420118343195266,126.0,0.6984126984126984,0.1509523809523809,113.0,0.7079646017699115,0.137787610619469,126.0,0.5952380952380952,0.1565079365079365,113.0,0.504424778761062,0.1549557522123893,125.0,0.424,0.15808
5027,20260603,577,0.1265164644714038,0.4679376083188908,0.1688194444444444,0.0774282510867837,5.0,0.2,78.0,0.8076923076923077,0.1571794871794871,101.0,0.5841584158415841,0.1679207920792079,103.0,0.4757281553398058,0.1552427184466019,99.0,0.3939393939393939,0.162020202020202,100.0,0.38,0.1771717171717171,96.0,0.2291666666666666,0.1921874999999999
5028,20260810,803,0.3138231631382316,0.6712328767123288,0.160935162094763,0.0687943792688668,5.0,0.8,181.0,0.9337016574585636,0.1353591160220994,137.0,0.7518248175182481,0.1553284671532847,137.0,0.6934306569343066,0.1640875912408759,135.0,0.6666666666666666,0.1674626865671641,121.0,0.4628099173553719,0.1756198347107438,92.0,0.2826086956521739,0.1860869565217391
5029,20260810,825,0.2751515151515151,0.6315151515151515,0.1317354368932038,0.0615181945345416,5.0,0.8,166.0,0.9036144578313252,0.1322289156626506,134.0,0.6940298507462687,0.1299253731343283,140.0,0.7214285714285714,0.1248201438848921,134.0,0.5522388059701493,0.1188805970149253,137.0,0.5109489051094891,0.1284671532846715,114.0,0.2894736842105263,0.1606140350877193
5030,20241207,99,0.0303030303030303,0.2323232323232323,0.1955555555555555,0.0611872803547977,5.0,0.2,16.0,0.5625,0.200625,21.0,0.238095238095238,0.1776190476190476,20.0,0.2,0.1935,16.0,0.1875,0.18125,16.0,0.125,0.200625,10.0,0.0,0.244
5031,20260809,491,0.0835030549898167,0.3930753564154786,0.1853578732106339,0.0768681761689595,5.0,1.0,55.0,0.7454545454545455,0.174,100.0,0.5,0.1757575757575757,105.0,0.4095238095238095,0.1765714285714285,98.0,0.3061224489795918,0.1891836734693877,86.0,0.2790697674418604,0.1814117647058823,47.0,0.1063829787234042,0.2376595744680851
5032,20260809,670,0.1567164179104477,0.4686567164179104,0.1604819277108433,0.0718960698099364,5.0,0.6,98.0,0.7755102040816326,0.1460204081632653,112.0,0.5803571428571429,0.1502727272727272,118.0,0.4745762711864407,0.1705128205128205,120.0,0.4166666666666667,0.1660504201680672,118.0,0.3559322033898305,0.1618965517241379,104.0,0.2403846153846154,0.1656730769230769
5033,20260810,702,0.0954415954415954,0.339031339031339,0.1799572649572649,0.0770918968950596,5.0,0.2,87.0,0.7126436781609196,0.1644827586206896,136.0,0.4411764705882353,0.1698529411764706,124.0,0.3548387096774194,0.1761290322580645,121.0,0.2727272727272727,0.172892561983471,111.0,0.1801801801801801,0.1888288288288288,123.0,0.1544715447154471,0.2048780487804878
5034,20260804,829,0.2774427020506634,0.6477683956574186,0.142291917973462,0.0658235877133545,5.0,0.6,175.0,0.8857142857142857,0.1252571428571428,139.0,0.5827338129496403,0.1468345323741007,149.0,0.7516778523489933,0.1371812080536912,131.0,0.6793893129770993,0.1307633587786259,128.0,0.5078125,0.161796875,107.0,0.3271028037383177,0.1621495327102803
5035,20260803,643,0.1461897356143079,0.4494556765163297,0.1776205287713841,0.0742265395543599,5.0,0.4,88.0,0.7045454545454546,0.1793181818181818,115.0,0.5043478260869565,0.176,112.0,0.5267857142857143,0.164375,113.0,0.3805309734513274,0.1764601769911504,123.0,0.3658536585365853,0.1709756097560975,92.0,0.2391304347826087,0.2044565217391304
5036,20260809,717,0.1380753138075313,0.4714086471408647,0.1646508379888268,0.0697602909800539,5.0,0.6,98.0,0.7857142857142857,0.1675257731958762,123.0,0.5365853658536586,0.1732520325203252,135.0,0.4814814814814814,0.1616296296296296,135.0,0.4074074074074074,0.1485925925925925,129.0,0.3953488372093023,0.1630232558139535,97.0,0.2474226804123711,0.1795876288659794
5037,20260808,722,0.206371191135734,0.5872576177285319,0.1696675900277008,0.0754113394194043,5.0,0.4,129.0,0.8217054263565892,0.1590697674418604,116.0,0.7068965517241379,0.1493103448275862,127.0,0.5984251968503937,0.1652755905511811,118.0,0.5932203389830508,0.1643220338983051,112.0,0.5,0.1799107142857142,120.0,0.2833333333333333,0.2010833333333333
5038,20260810,719,0.2308762169680111,0.6008344923504868,0.1654596100278551,0.0666633993607632,5.0,1.0,129.0,0.9224806201550388,0.1602325581395349,127.0,0.7007874015748031,0.1576377952755905,122.0,0.6475409836065574,0.1657377049180327,116.0,0.5862068965517241,0.1396551724137931,119.0,0.4621848739495798,0.1752941176470588,106.0,0.2075471698113207,0.1983809523809524
5039,20260723,653,0.1316998468606431,0.4349157733537519,0.1589739663093415,0.0733575914873978,5.0,0.2,92.0,0.717391304347826,0.155,139.0,0.4316546762589928,0.1713669064748201,123.0,0.4552845528455284,0.1676422764227642,136.0,0.4117647058823529,0.1495588235294117,114.0,0.3157894736842105,0.1422807017543859,49.0,0.2040816326530612,0.1744897959183673
5040,20230809,34,0.0294117647058823,0.2058823529411764,0.133235294117647,0.0718544520801392,5.0,0.2,2.0,0.5,0.09,7.0,0.2857142857142857,0.1271428571428571,5.0,0.4,0.172,6.0,0.1666666666666666,0.1266666666666666,7.0,0.1428571428571428,0.1328571428571428,7.0,0.0,0.13
5041,20260705,549,0.151183970856102,0.4408014571948998,0.1703832116788321,0.0766190158300497,5.0,0.6,70.0,0.7714285714285715,0.1625714285714286,91.0,0.4615384615384615,0.1583516483516483,108.0,0.5,0.1718518518518518,91.0,0.4835164835164835,0.1691208791208791,105.0,0.2952380952380952,0.1671153846153846,84.0,0.2023809523809523,0.1934523809523809
5042,20260723,871,0.2812858783008036,0.6636050516647531,0.1219310344827586,0.0567567491765584,5.0,0.4,188.0,0.9095744680851064,0.121063829787234,151.0,0.6887417218543046,0.1284768211920529,145.0,0.6758620689655173,0.1163194444444444,163.0,0.6380368098159509,0.1150920245398772,128.0,0.5546875,0.112890625,96.0,0.3125,0.1454166666666666
5043,20260808,836,0.2882775119617224,0.6411483253588517,0.1437844311377245,0.0591379306996016,5.0,0.8,182.0,0.8791208791208791,0.1382417582417582,144.0,0.6597222222222222,0.1413986013986014,135.0,0.6592592592592592,0.1396296296296296,120.0,0.6083333333333333,0.1465833333333333,138.0,0.4855072463768116,0.1548550724637681,117.0,0.4444444444444444,0.1441880341880341
5044,20260808,661,0.1770045385779122,0.4553706505295007,0.1547049924357034,0.0719352906551533,5.0,0.0,96.0,0.71875,0.1531249999999999,103.0,0.5825242718446602,0.1442718446601941,122.0,0.5245901639344263,0.1440163934426229,117.0,0.4957264957264957,0.1256410256410256,114.0,0.2631578947368421,0.1648245614035087,109.0,0.1834862385321101,0.1985321100917431
5045,20260810,788,0.1840101522842639,0.5710659898477157,0.1893011435832274,0.0768033151035191,5.0,0.8,137.0,0.8540145985401459,0.1743795620437956,132.0,0.6742424242424242,0.1740151515151515,129.0,0.6434108527131783,0.1734108527131783,142.0,0.4647887323943662,0.2080281690140845,131.0,0.4198473282442748,0.2023076923076923,117.0,0.3418803418803419,0.2043589743589743
5046,20260803,637,0.0847723704866562,0.3736263736263736,0.160502354788069,0.0726342123338744,5.0,0.2,87.0,0.5977011494252874,0.1404597701149425,120.0,0.3083333333333333,0.1760833333333333,114.0,0.4473684210526316,0.1600877192982456,106.0,0.3679245283018867,0.1489622641509433,123.0,0.3008130081300813,0.1683739837398374,87.0,0.2528735632183908,0.1625287356321839
5047,20260728,582,0.1546391752577319,0.5017182130584192,0.1743373493975903,0.0787189807718954,5.0,1.0,88.0,0.7954545454545454,0.1568181818181818,97.0,0.6082474226804123,0.1508247422680412,101.0,0.5841584158415841,0.1599009900990099,93.0,0.4408602150537634,0.1776344086021505,98.0,0.3775510204081632,0.189381443298969,105.0,0.2476190476190476,0.2078095238095238
5048,20260810,655,0.1038167938931297,0.4473282442748091,0.1834097859327217,0.0801994472645814,5.0,0.4,82.0,0.7560975609756098,0.168170731707317,105.0,0.5619047619047619,0.1736190476190476,94.0,0.4787234042553192,0.1631914893617021,103.0,0.4368932038834951,0.1758823529411764,119.0,0.361344537815126,0.1987394957983193,152.0,0.2565789473684211,0.2039473684210526
5049,20260716,652,0.2208588957055214,0.5812883435582822,0.1717538461538461,0.077667938295369,5.0,0.6,98.0,0.9183673469387756,0.1613265306122449,106.0,0.6320754716981132,0.1735849056603773,108.0,0.6481481481481481,0.1543925233644859,121.0,0.5619834710743802,0.1650833333333333,114.0,0.4210526315789473,0.1797368421052631,105.0,0.3428571428571428,0.1962857142857142
5050,20260808,680,0.1970588235294117,0.5544117647058824,0.1549778434268833,0.0669191697838992,5.0,0.6,108.0,0.8703703703703703,0.1513888888888889,116.0,0.5431034482758621,0.1594782608695652,115.0,0.6,0.1508771929824561,119.0,0.5462184873949579,0.1459322033898305,121.0,0.4876033057851239,0.1520661157024793,101.0,0.2673267326732673,0.1723762376237624
5051,20260804,849,0.2661955241460542,0.6866902237926973,0.1575206611570248,0.0646888236564584,5.0,0.8,181.0,0.9337016574585636,0.1375138121546961,147.0,0.7755102040816326,0.1530612244897959,127.0,0.6692913385826772,0.1595238095238095,144.0,0.6736111111111112,0.161875,137.0,0.5693430656934306,0.1626277372262773,113.0,0.3539823008849557,0.1816071428571428
5052,20260710,156,0.0897435897435897,0.3397435897435897,0.1492258064516129,0.0810777045354438,5.0,0.0,21.0,0.7619047619047619,0.1209523809523809,31.0,0.3870967741935484,0.119,30.0,0.4666666666666667,0.1683333333333333,25.0,0.32,0.144,24.0,0.0833333333333333,0.1470833333333333,25.0,0.04,0.1936
5053,20260810,577,0.121317157712305,0.4038128249566724,0.1757491289198606,0.0789591244599264,5.0,0.2,81.0,0.8024691358024691,0.1522222222222222,93.0,0.4086021505376344,0.1634782608695652,102.0,0.4705882352941176,0.1617647058823529,103.0,0.3980582524271844,0.1816831683168317,96.0,0.2708333333333333,0.1853125,102.0,0.1470588235294117,0.2046078431372549
5054,20260704,687,0.1717612809315866,0.5560407569141194,0.1504970760233918,0.0701213546461794,5.0,0.4,106.0,0.8113207547169812,0.1378301886792453,103.0,0.5825242718446602,0.1639215686274509,133.0,0.5939849624060151,0.1468181818181818,121.0,0.5537190082644629,0.1488333333333333,123.0,0.4878048780487805,0.1472357723577235,101.0,0.297029702970297,0.160990099009901
5055,20260810,811,0.187422934648582,0.5191122071516646,0.153641975308642,0.0623427025325427,5.0,0.6,138.0,0.8405797101449275,0.1373913043478261,135.0,0.6,0.1532592592592592,137.0,0.5693430656934306,0.1485401459854014,133.0,0.4812030075187969,0.156390977443609,132.0,0.3484848484848485,0.1517557251908396,136.0,0.2647058823529412,0.1747794117647058
5056,20260713,346,0.2080924855491329,0.5578034682080925,0.1382608695652174,0.0555957594498813,5.0,0.4,69.0,0.855072463768116,0.1333333333333333,55.0,0.6181818181818182,0.1479629629629629,54.0,0.6851851851851852,0.1331481481481481,60.0,0.5,0.1273333333333333,59.0,0.423728813559322,0.1454237288135593,49.0,0.1632653061224489,0.1448979591836734
5057,20260805,620,0.214516129032258,0.5161290322580645,0.155670436187399,0.0643269713189312,5.0,0.4,112.0,0.8303571428571429,0.14,99.0,0.6060606060606061,0.1572448979591836,110.0,0.6,0.1579090909090909,109.0,0.4495412844036697,0.1458715596330275,102.0,0.3431372549019608,0.1640196078431372,88.0,0.1931818181818181,0.1735227272727273
5058,20260810,840,0.2785714285714286,0.6773809523809524,0.1586889153754469,0.0758626024732103,5.0,0.4,163.0,0.8711656441717791,0.1588343558282208,137.0,0.7153284671532847,0.1655882352941176,130.0,0.7461538461538462,0.1479230769230769,137.0,0.708029197080292,0.1410948905109489,141.0,0.5319148936170213,0.1539007092198581,132.0,0.4545454545454545,0.1853787878787878
5059,20250512,185,0.054054054054054,0.2,0.1499459459459459,0.0847348634161832,5.0,0.2,21.0,0.3333333333333333,0.1404761904761904,27.0,0.3703703703703703,0.1422222222222222,34.0,0.2352941176470588,0.1317647058823529,32.0,0.15625,0.15625,29.0,0.1379310344827586,0.1734482758620689,42.0,0.0714285714285714,0.1533333333333333
5060,20260810,746,0.1662198391420911,0.5294906166219839,0.1715363881401617,0.0667925996748221,5.0,0.6,116.0,0.8017241379310345,0.1650862068965517,130.0,0.5769230769230769,0.1643846153846153,128.0,0.625,0.1639370078740157,129.0,0.5581395348837209,0.1670542635658914,131.0,0.3435114503816794,0.1722307692307692,112.0,0.2678571428571428,0.2
5061,20260716,462,0.0692640692640692,0.2748917748917749,0.1671428571428571,0.0687493183189907,5.0,0.0,62.0,0.5161290322580645,0.1759677419354838,81.0,0.2716049382716049,0.1616049382716049,80.0,0.2875,0.16525,75.0,0.3466666666666667,0.1557333333333333,77.0,0.1818181818181818,0.1714285714285714,87.0,0.1149425287356321,0.1737931034482758
5063,20260808,517,0.104448742746615,0.4177949709864603,0.1783300970873786,0.07570720148243,5.0,0.6,65.0,0.676923076923077,0.17078125,91.0,0.4615384615384615,0.1961538461538461,85.0,0.4352941176470588,0.1647058823529411,92.0,0.4456521739130434,0.1710869565217391,82.0,0.3658536585365853,0.1672839506172839,102.0,0.2156862745098039,0.1938235294117647
5064,20260724,702,0.1581196581196581,0.5455840455840456,0.1678540772532188,0.0692818373319538,5.0,0.6,106.0,0.8490566037735849,0.1611428571428571,120.0,0.5916666666666667,0.1726666666666666,111.0,0.5315315315315315,0.1661818181818181,128.0,0.5390625,0.1514843749999999,119.0,0.453781512605042,0.1702521008403361,118.0,0.3389830508474576,0.1859829059829059
5065,20260805,580,0.1344827586206896,0.4706896551724138,0.133126079447323,0.0675763726606386,5.0,0.8,77.0,0.7532467532467533,0.1336363636363636,105.0,0.5523809523809524,0.1424761904761904,96.0,0.4479166666666667,0.1333333333333333,97.0,0.4742268041237113,0.1357731958762886,98.0,0.3775510204081632,0.1218556701030927,107.0,0.2897196261682243,0.131214953271028
5066,20260804,733,0.2155525238744884,0.6002728512960437,0.162237380627558,0.0714489552074277,5.0,0.8,123.0,0.7804878048780488,0.1611382113821138,111.0,0.6306306306306306,0.1769369369369369,134.0,0.6268656716417911,0.1602238805970149,129.0,0.5968992248062015,0.1555038759689922,136.0,0.5367647058823529,0.1595588235294117,100.0,0.4,0.1623
5067,20260803,672,0.1294642857142857,0.3973214285714285,0.1643348281016442,0.0736597132834114,5.0,0.4,87.0,0.7126436781609196,0.1394252873563218,110.0,0.4363636363636363,0.1588181818181818,131.0,0.4961832061068702,0.1603053435114503,115.0,0.3043478260869565,0.168141592920354,128.0,0.3125,0.1646875,101.0,0.1683168316831683,0.1926
5068,20260801,778,0.3084832904884318,0.6696658097686375,0.155,0.0689085866651999,5.0,0.8,151.0,0.9403973509933776,0.1402649006622516,136.0,0.6764705882352942,0.1530147058823529,112.0,0.7410714285714286,0.1310714285714285,132.0,0.7727272727272727,0.1526515151515151,124.0,0.5564516129032258,0.1591935483870968,123.0,0.2682926829268293,0.1953658536585366
5069,20260805,559,0.1538461538461538,0.4579606440071556,0.1532304900181488,0.0709342596874072,5.0,0.4,94.0,0.8191489361702128,0.1665591397849462,93.0,0.5268817204301075,0.1338461538461538,110.0,0.4909090909090909,0.1471559633027523,93.0,0.3655913978494624,0.1479347826086956,104.0,0.3173076923076923,0.1502941176470588,65.0,0.1384615384615384,0.1840625
5070,20260810,524,0.1049618320610687,0.3511450381679389,0.1898087954110898,0.0791370870449987,5.0,0.6,76.0,0.6973684210526315,0.1713157894736842,87.0,0.3908045977011494,0.1912643678160919,97.0,0.3814432989690721,0.1871134020618557,90.0,0.3777777777777777,0.1803333333333333,88.0,0.1931818181818181,0.1996551724137931,86.0,0.1046511627906976,0.2076744186046511
5071,20260719,560,0.1214285714285714,0.4446428571428571,0.1412678571428571,0.0689565057200729,5.0,0.2,71.0,0.7464788732394366,0.1133802816901408,100.0,0.49,0.1435,95.0,0.6,0.134,97.0,0.4536082474226804,0.1548453608247423,103.0,0.2621359223300971,0.1376699029126213,94.0,0.202127659574468,0.1572340425531914
5072,20260623,105,0.019047619047619,0.0857142857142857,0.2134285714285714,0.0856107310967004,5.0,0.2,13.0,0.3076923076923077,0.2215384615384615,21.0,0.0952380952380952,0.2085714285714285,21.0,0.0476190476190476,0.2061904761904762,17.0,0.0,0.2105882352941176,19.0,0.1052631578947368,0.2168421052631579,14.0,0.0,0.2228571428571428
5073,20260810,689,0.1088534107402031,0.4847605224963715,0.1735413642960812,0.0670675316694635,5.0,0.4,97.0,0.6907216494845361,0.1843298969072165,124.0,0.5887096774193549,0.1767741935483871,126.0,0.4841269841269841,0.1765873015873016,117.0,0.5299145299145299,0.1770940170940171,127.0,0.3385826771653543,0.1591338582677165,98.0,0.2857142857142857,0.1692857142857143
5074,20260810,690,0.1057971014492753,0.3797101449275362,0.1711304347826087,0.0624374267737693,5.0,0.2,94.0,0.776595744680851,0.1518085106382978,119.0,0.4117647058823529,0.1733613445378151,121.0,0.3801652892561983,0.1749586776859504,126.0,0.3333333333333333,0.1726984126984127,139.0,0.2661870503597122,0.1720143884892086,91.0,0.1648351648351648,0.1795604395604395
5075,20260810,866,0.2459584295612009,0.651270207852194,0.1639607390300231,0.0724442500083275,5.0,0.6,173.0,0.884393063583815,0.1642774566473988,143.0,0.6923076923076923,0.1825874125874126,148.0,0.6351351351351351,0.1546621621621621,134.0,0.6268656716417911,0.1508955223880597,135.0,0.6,0.1648888888888889,133.0,0.3984962406015037,0.1660902255639097
5076,20260808,605,0.1239669421487603,0.4115702479338843,0.1767661691542288,0.0765269550041479,5.0,0.2,77.0,0.6233766233766234,0.1718181818181818,109.0,0.5412844036697247,0.1786238532110092,100.0,0.45,0.1484,103.0,0.4174757281553398,0.1925490196078431,108.0,0.3703703703703703,0.1819626168224299,108.0,0.1296296296296296,0.1846296296296296
5077,20260809,378,0.0608465608465608,0.2566137566137566,0.1779032258064516,0.0929325763822085,5.0,0.0,52.0,0.4423076923076923,0.2323529411764705,62.0,0.3064516129032258,0.1618032786885245,70.0,0.2571428571428571,0.1784057971014492,71.0,0.2816901408450704,0.1687323943661972,79.0,0.189873417721519,0.1667088607594936,44.0,0.0454545454545454,0.1707317073170731
5078,20260810,408,0.0931372549019607,0.4264705882352941,0.187985257985258,0.0758821650770204,5.0,0.2,55.0,0.6909090909090909,0.1903636363636363,76.0,0.631578947368421,0.1801315789473684,73.0,0.4657534246575342,0.1643835616438356,75.0,0.3333333333333333,0.1889189189189189,65.0,0.3230769230769231,0.1956923076923077,64.0,0.125,0.21328125
5079,20260712,660,0.1045454545454545,0.3924242424242424,0.1840121580547112,0.0809631225176302,5.0,0.6,91.0,0.6263736263736264,0.1742222222222222,118.0,0.5084745762711864,0.1989830508474576,126.0,0.4444444444444444,0.1791269841269841,112.0,0.3303571428571428,0.1690178571428571,112.0,0.2857142857142857,0.1909009009009009,101.0,0.1683168316831683,0.1903960396039604
5081,20260701,730,0.1547945205479452,0.5342465753424658,0.1769505494505494,0.0705923740139745,5.0,0.4,130.0,0.7076923076923077,0.1854615384615384,133.0,0.6466165413533834,0.1821969696969697,129.0,0.5348837209302325,0.1783720930232558,123.0,0.5284552845528455,0.1747154471544715,121.0,0.4214876033057851,0.1650833333333333,94.0,0.2872340425531915,0.1739361702127659
5082,20260810,671,0.1058122205663189,0.4709388971684053,0.1962481315396113,0.0702726146798157,5.0,0.2,87.0,0.7241379310344828,0.1918390804597701,121.0,0.5206611570247934,0.19275,138.0,0.5362318840579711,0.1857971014492753,104.0,0.4230769230769231,0.1955339805825242,113.0,0.3274336283185841,0.2070796460176991,108.0,0.324074074074074,0.2063888888888888
5083,20260728,636,0.110062893081761,0.3883647798742138,0.1551184834123222,0.0705408592088382,5.0,0.2,84.0,0.6904761904761905,0.1672289156626506,115.0,0.4695652173913043,0.1722608695652173,118.0,0.4152542372881356,0.16,105.0,0.3238095238095238,0.1560576923076923,110.0,0.2909090909090909,0.148090909090909,104.0,0.1923076923076923,0.1275
5084,20260520,799,0.3366708385481852,0.6971214017521903,0.1364868255959849,0.0552984727970608,5.0,0.6,188.0,0.9148936170212766,0.130531914893617,129.0,0.6589147286821705,0.1381889763779527,123.0,0.7886178861788617,0.135040650406504,125.0,0.72,0.12944,118.0,0.5254237288135594,0.1339830508474576,116.0,0.4396551724137931,0.1559482758620689
5085,20260804,710,0.1197183098591549,0.4633802816901408,0.1856840620592383,0.0720640017794602,5.0,0.4,101.0,0.7128712871287128,0.1667326732673267,115.0,0.5391304347826087,0.1794736842105263,136.0,0.5220588235294118,0.184485294117647,124.0,0.4354838709677419,0.1879032258064516,133.0,0.3759398496240601,0.19,101.0,0.198019801980198,0.2048514851485148
5086,20260810,575,0.1339130434782608,0.3791304347826087,0.1786713286713286,0.0743972305883333,5.0,0.0,88.0,0.7272727272727273,0.1703409090909091,98.0,0.3163265306122449,0.1828865979381443,91.0,0.4725274725274725,0.1757142857142857,103.0,0.3592233009708738,0.1586407766990291,107.0,0.2803738317757009,0.1906666666666666,88.0,0.1477272727272727,0.1945454545454545
5087,20260808,751,0.2450066577896138,0.625832223701731,0.1731325301204819,0.0749124422378033,5.0,0.8,131.0,0.8549618320610687,0.1659230769230769,126.0,0.7063492063492064,0.16784,102.0,0.6372549019607843,0.1645098039215686,135.0,0.6444444444444445,0.1698507462686567,129.0,0.5348837209302325,0.17375,128.0,0.375,0.1953125
5088,20260810,778,0.3059125964010283,0.6555269922879178,0.1577002583979328,0.0687833213583849,5.0,0.4,172.0,0.8837209302325582,0.1493023255813953,111.0,0.7027027027027027,0.1621621621621621,135.0,0.6962962962962963,0.1583458646616541,140.0,0.7,0.1591428571428571,115.0,0.4521739130434782,0.1622123893805309,105.0,0.3428571428571428,0.1591428571428571
5089,20260808,779,0.2528883183568677,0.699614890885751,0.1553667953667953,0.0607855108654337,5.0,1.0,171.0,0.9298245614035088,0.1348235294117647,122.0,0.7786885245901639,0.1385245901639344,138.0,0.7101449275362319,0.1507246376811594,141.0,0.6737588652482269,0.1640425531914893,118.0,0.5932203389830508,0.1782203389830508,89.0,0.3146067415730337,0.1811363636363636
5090,20260805,693,0.1457431457431457,0.4588744588744589,0.1620520231213872,0.0691095942826937,5.0,1.0,107.0,0.8037383177570093,0.145,119.0,0.5798319327731093,0.1422689075630252,125.0,0.536,0.15616,114.0,0.3684210526315789,0.1694736842105263,121.0,0.2809917355371901,0.1769421487603305,107.0,0.1869158878504672,0.1830841121495327
5091,20260809,578,0.231833910034602,0.5726643598615917,0.1523958333333333,0.0705791241119969,5.0,0.8,95.0,0.8842105263157894,0.1544210526315789,93.0,0.6021505376344086,0.1584782608695652,97.0,0.5876288659793815,0.1487628865979381,96.0,0.5520833333333334,0.149375,106.0,0.490566037735849,0.1501904761904761,91.0,0.3186813186813186,0.1537362637362637
5092,20260804,744,0.2056451612903226,0.5376344086021505,0.1419272237196765,0.0683827825274799,5.0,0.8,131.0,0.8091603053435115,0.1267175572519084,115.0,0.6,0.1464035087719298,133.0,0.5488721804511278,0.1617293233082707,130.0,0.4538461538461538,0.1451162790697674,121.0,0.4132231404958678,0.1371074380165289,114.0,0.3771929824561403,0.1333333333333333
5093,20260810,637,0.1507064364207221,0.4897959183673469,0.1685511811023622,0.0781666611034002,5.0,0.2,91.0,0.7692307692307693,0.1467777777777777,110.0,0.6272727272727273,0.1465137614678899,126.0,0.5,0.1565873015873015,104.0,0.4807692307692308,0.1739423076923077,118.0,0.3474576271186441,0.1811016949152542,88.0,0.2159090909090909,0.2120454545454545
5094,20230409,5,0.2,0.2,0.158,0.1010742301479462,5.0,0.2,0.0,,,0.0,,,1.0,1.0,0.17,1.0,0.0,0.05,1.0,0.0,0.15,2.0,0.0,0.21
5095,20260810,629,0.1987281399046105,0.5961844197138315,0.1465605095541401,0.0587959157968479,5.0,1.0,122.0,0.8524590163934426,0.1422131147540983,108.0,0.6944444444444444,0.1401851851851852,105.0,0.5904761904761905,0.154,90.0,0.6,0.1477777777777777,108.0,0.4074074074074074,0.1538317757009346,96.0,0.375,0.141875
5096,20260810,724,0.1933701657458563,0.5290055248618785,0.1318646408839779,0.0574285856642001,5.0,0.8,116.0,0.853448275862069,0.1277586206896551,114.0,0.5350877192982456,0.134298245614035,124.0,0.5645161290322581,0.1264516129032258,135.0,0.5703703703703704,0.1335555555555555,125.0,0.424,0.124,110.0,0.209090909090909,0.1466363636363636
5098,20260727,659,0.125948406676783,0.4430955993930197,0.1527092846270928,0.0728165421995942,5.0,0.6,86.0,0.7558139534883721,0.1325,116.0,0.5603448275862069,0.1700862068965517,119.0,0.4705882352941176,0.1378151260504201,130.0,0.4615384615384615,0.1413076923076923,113.0,0.2743362831858407,0.164070796460177,95.0,0.1578947368421052,0.1701052631578947
5099,20240225,95,0.031578947368421,0.1263157894736842,0.1748387096774193,0.0855169341618523,5.0,0.0,15.0,0.3333333333333333,0.165,16.0,0.125,0.196875,16.0,0.125,0.1575,12.0,0.0833333333333333,0.1254545454545454,17.0,0.0588235294117647,0.2064705882352941,19.0,0.0526315789473684,0.1784210526315789
5100,20260809,485,0.088659793814433,0.334020618556701,0.1764742268041237,0.0724600270584367,5.0,0.4,69.0,0.5072463768115942,0.1827536231884058,81.0,0.2839506172839506,0.1764197530864197,85.0,0.4352941176470588,0.164235294117647,70.0,0.3714285714285714,0.1728571428571428,84.0,0.2857142857142857,0.1705952380952381,96.0,0.1770833333333333,0.190625
5101,20260810,310,0.0354838709677419,0.232258064516129,0.1939087947882736,0.0781277131646991,5.0,0.0,34.0,0.3823529411764705,0.1878787878787879,52.0,0.3461538461538461,0.1940384615384615,56.0,0.1964285714285714,0.1821428571428571,64.0,0.28125,0.18109375,62.0,0.1129032258064516,0.1940983606557377,42.0,0.119047619047619,0.234390243902439
5102,20260810,677,0.1181683899556868,0.465288035450517,0.19,0.0801678446056455,5.0,0.4,84.0,0.7619047619047619,0.139047619047619,122.0,0.5327868852459017,0.1814754098360655,122.0,0.5819672131147541,0.1744262295081967,111.0,0.4324324324324324,0.2103603603603603,137.0,0.3576642335766423,0.2105109489051095,101.0,0.1782178217821782,0.2112871287128712
5103,20260803,490,0.0673469387755102,0.2938775510204082,0.1786036960985626,0.0807364779855382,5.0,0.2,68.0,0.5588235294117647,0.1711764705882353,87.0,0.3333333333333333,0.1801162790697674,91.0,0.2417582417582417,0.1616666666666666,73.0,0.3561643835616438,0.1858904109589041,77.0,0.2597402597402597,0.1731168831168831,94.0,0.0957446808510638,0.1978494623655914
5104,20260810,651,0.2150537634408602,0.5913978494623656,0.161689708141321,0.0732894155713104,5.0,0.8,118.0,0.8305084745762712,0.160593220338983,106.0,0.6886792452830188,0.1446226415094339,113.0,0.6283185840707964,0.1590265486725663,123.0,0.5934959349593496,0.1509756097560975,116.0,0.4741379310344827,0.1762931034482758,75.0,0.2,0.1865333333333333
5105,20260810,706,0.1175637393767705,0.4745042492917847,0.1766005665722379,0.0668964080110296,5.0,0.2,92.0,0.8043478260869565,0.1854347826086956,144.0,0.5833333333333334,0.1922916666666666,128.0,0.4296875,0.179296875,118.0,0.423728813559322,0.173135593220339,135.0,0.4,0.1612592592592592,89.0,0.2022471910112359,0.1660674157303371
5106,20260801,678,0.1489675516224188,0.5014749262536873,0.1879437869822485,0.0706315745633901,5.0,0.4,108.0,0.7870370370370371,0.1936111111111111,127.0,0.5590551181102362,0.1935433070866141,111.0,0.5765765765765766,0.1748181818181818,111.0,0.4864864864864865,0.1755855855855856,110.0,0.4272727272727272,0.1946788990825688,111.0,0.1711711711711711,0.1947747747747747
5107,20260728,523,0.0841300191204589,0.3556405353728489,0.1751923076923076,0.0773625427306489,5.0,0.4,55.0,0.6545454545454545,0.1641818181818182,89.0,0.3707865168539326,0.1726136363636363,105.0,0.3809523809523809,0.1624761904761904,96.0,0.3020833333333333,0.1889473684210526,84.0,0.3333333333333333,0.1989285714285714,94.0,0.2127659574468085,0.163010752688172
5108,20260805,100,0.03,0.13,0.2564,0.0954308126340752,5.0,0.4,11.0,0.4545454545454545,0.2827272727272726,21.0,0.0952380952380952,0.2690476190476191,14.0,0.0,0.225,18.0,0.1666666666666666,0.245,20.0,0.05,0.2495,16.0,0.125,0.270625
5109,20260810,704,0.1008522727272727,0.4616477272727273,0.1466145092460881,0.0646639472721991,5.0,0.6,95.0,0.7263157894736842,0.1537894736842105,133.0,0.5413533834586466,0.156390977443609,123.0,0.5365853658536586,0.1412195121951219,115.0,0.4,0.1319298245614035,129.0,0.3720930232558139,0.142015503875969,109.0,0.2201834862385321,0.1553211009174312
5110,20260723,756,0.1296296296296296,0.4603174603174603,0.1694694960212201,0.0699088815675603,5.0,0.0,112.0,0.6964285714285714,0.1599107142857143,138.0,0.5144927536231884,0.1802189781021898,135.0,0.5185185185185185,0.1548888888888888,120.0,0.4666666666666667,0.17425,137.0,0.3138686131386861,0.1663235294117647,114.0,0.2631578947368421,0.1819298245614035
5111,20260810,708,0.1596045197740113,0.5550847457627118,0.153093220338983,0.0758466882831921,5.0,0.6,119.0,0.8151260504201681,0.1562184873949579,111.0,0.6216216216216216,0.1491891891891891,127.0,0.5826771653543307,0.1605511811023622,114.0,0.5526315789473685,0.1428070175438596,113.0,0.4247787610619469,0.1502654867256637,124.0,0.3387096774193548,0.1579838709677419
5112,20260802,868,0.2626728110599078,0.6382488479262672,0.154635838150289,0.0656202975877996,5.0,0.8,169.0,0.8816568047337278,0.135680473372781,151.0,0.6754966887417219,0.1545033112582781,146.0,0.636986301369863,0.1450344827586207,143.0,0.6573426573426573,0.1476595744680851,136.0,0.5735294117647058,0.1646323529411764,123.0,0.3089430894308943,0.1891056910569105
5113,20260514,315,0.073015873015873,0.2349206349206349,0.1875718849840255,0.0911508708366207,5.0,0.4,42.0,0.6904761904761905,0.1673809523809523,62.0,0.3064516129032258,0.1744262295081967,54.0,0.2777777777777778,0.1742592592592592,51.0,0.1176470588235294,0.189,61.0,0.0655737704918032,0.191639344262295,45.0,0.0222222222222222,0.2331111111111111
5114,20260805,814,0.1609336609336609,0.5135135135135135,0.1626445264452644,0.0571032412181399,5.0,0.8,127.0,0.8188976377952756,0.1481102362204724,148.0,0.5945945945945946,0.1545578231292517,149.0,0.5771812080536913,0.1578523489932886,127.0,0.4724409448818897,0.1561417322834646,130.0,0.3769230769230769,0.1736923076923077,133.0,0.2330827067669172,0.1862406015037594
5115,20260808,712,0.1952247191011236,0.5393258426966292,0.1491549295774648,0.0656741096085996,5.0,0.2,115.0,0.8608695652173913,0.1402608695652173,114.0,0.5964912280701754,0.1548245614035087,117.0,0.5213675213675214,0.1465811965811966,120.0,0.575,0.1453781512605042,115.0,0.408695652173913,0.1447826086956521,131.0,0.3053435114503817,0.1616923076923077
5116,20241025,123,0.065040650406504,0.1463414634146341,0.1755737704918032,0.0734071196387125,5.0,0.0,15.0,0.4,0.194,20.0,0.1,0.176,19.0,0.1578947368421052,0.1784210526315789,22.0,0.1818181818181818,0.1680952380952381,19.0,0.0,0.1831578947368421,28.0,0.1071428571428571,0.1639285714285714
5117,20260805,413,0.0968523002421307,0.3849878934624697,0.1848910411622276,0.0909769427305688,5.0,0.6,45.0,0.6,0.1944444444444444,81.0,0.4567901234567901,0.1948148148148148,80.0,0.5375,0.166375,69.0,0.3623188405797101,0.1772463768115942,71.0,0.2676056338028169,0.1895774647887324,67.0,0.1194029850746268,0.1914925373134328
5118,20260721,506,0.0928853754940711,0.4960474308300395,0.1917892644135188,0.0694223490582326,5.0,0.8,71.0,0.8028169014084507,0.192112676056338,94.0,0.6170212765957447,0.1958510638297872,88.0,0.4772727272727273,0.1848863636363636,84.0,0.4404761904761904,0.1903571428571428,93.0,0.3870967741935484,0.1889010989010989,76.0,0.2763157894736842,0.1996
5120,20260808,571,0.1225919439579684,0.5078809106830122,0.1609700176366843,0.0715508044649144,5.0,0.6,83.0,0.8674698795180723,0.1269879518072289,107.0,0.5700934579439252,0.1565714285714285,92.0,0.6413043478260869,0.1683516483516483,99.0,0.4141414141414141,0.1613131313131313,107.0,0.3644859813084112,0.1713207547169811,83.0,0.216867469879518,0.1787951807228915
5121,20260810,792,0.3143939393939394,0.6767676767676768,0.1372278481012658,0.0596151049942092,5.0,0.8,176.0,0.9431818181818182,0.1372727272727272,125.0,0.736,0.14144,126.0,0.7222222222222222,0.1295238095238095,120.0,0.575,0.1318487394957983,124.0,0.4919354838709677,0.1382258064516129,121.0,0.4710743801652892,0.1451666666666667
5122,20260713,542,0.0940959409594096,0.3634686346863469,0.1737777777777777,0.086791505529624,5.0,0.4,76.0,0.6973684210526315,0.1480263157894736,90.0,0.3888888888888889,0.1598888888888888,104.0,0.3942307692307692,0.1432692307692307,96.0,0.3020833333333333,0.183578947368421,89.0,0.2808988764044944,0.1963636363636363,87.0,0.160919540229885,0.2135632183908045
5123,20260805,525,0.0761904761904762,0.3238095238095238,0.1782095238095238,0.0832725525280397,5.0,0.6,74.0,0.6486486486486487,0.182972972972973,94.0,0.4361702127659574,0.1708510638297872,89.0,0.3932584269662921,0.1714606741573033,90.0,0.2777777777777778,0.1795555555555555,97.0,0.1443298969072164,0.1776288659793814,81.0,0.0864197530864197,0.1890123456790123
5124,20260810,584,0.071917808219178,0.3493150684931507,0.1596226415094339,0.0712533828288104,5.0,0.2,74.0,0.6621621621621622,0.1585135135135135,96.0,0.3958333333333333,0.1702083333333333,98.0,0.4387755102040816,0.1579591836734694,101.0,0.3465346534653465,0.154059405940594,114.0,0.2631578947368421,0.1483185840707964,101.0,0.0891089108910891,0.1701980198019802
5125,20260810,716,0.1829608938547486,0.547486033519553,0.1675977653631284,0.0734340063669127,5.0,0.4,132.0,0.8333333333333334,0.1526515151515151,125.0,0.608,0.17168,110.0,0.5636363636363636,0.1533636363636363,113.0,0.504424778761062,0.1703539823008849,124.0,0.4032258064516129,0.1682258064516129,112.0,0.3303571428571428,0.1911607142857143
5126,20260810,816,0.2267156862745098,0.5796568627450981,0.1545331695331695,0.0665061062429258,5.0,0.6,144.0,0.8194444444444444,0.1450694444444444,128.0,0.59375,0.154296875,137.0,0.6496350364963503,0.1463970588235294,153.0,0.5882352941176471,0.1560130718954248,133.0,0.4962406015037593,0.1631060606060606,121.0,0.2809917355371901,0.1639669421487603
5127,20260804,714,0.0826330532212885,0.4243697478991596,0.195532212885154,0.0835893637697959,5.0,0.4,97.0,0.6597938144329897,0.1957731958762886,131.0,0.5801526717557252,0.1985496183206107,137.0,0.4087591240875912,0.1800729927007299,123.0,0.3658536585365853,0.1852032520325203,129.0,0.3410852713178294,0.1950387596899225,97.0,0.1855670103092783,0.2268041237113402
5128,20260802,406,0.0763546798029556,0.3103448275862069,0.1796059113300492,0.0901850443868939,5.0,0.2,39.0,0.6410256410256411,0.1917948717948718,62.0,0.3387096774193548,0.1983870967741935,82.0,0.3902439024390244,0.1540243902439024,64.0,0.328125,0.1540625,68.0,0.3382352941176471,0.1741176470588235,91.0,0.0439560439560439,0.2067032967032966
5129,20260805,643,0.1726283048211508,0.5443234836702955,0.1761622464898596,0.0771241995927089,5.0,0.6,105.0,0.7238095238095238,0.1847619047619047,109.0,0.5963302752293578,0.1904587155963303,111.0,0.6306306306306306,0.1789189189189189,104.0,0.6057692307692307,0.1528431372549019,102.0,0.4215686274509804,0.1712745098039215,112.0,0.2946428571428571,0.1771428571428571
5130,20260804,740,0.0797297297297297,0.3635135135135135,0.1785791610284167,0.0659807668605573,5.0,0.2,99.0,0.6363636363636364,0.1705102040816326,139.0,0.4172661870503597,0.1818705035971223,139.0,0.39568345323741,0.1748920863309352,124.0,0.3064516129032258,0.1750806451612903,121.0,0.2892561983471074,0.1823140495867768,118.0,0.1694915254237288,0.185593220338983
5131,20260809,521,0.0441458733205374,0.2610364683301343,0.1760928433268858,0.0678932422795865,5.0,0.0,57.0,0.4035087719298245,0.1729824561403508,95.0,0.4210526315789473,0.1898936170212766,102.0,0.2254901960784313,0.1726732673267327,93.0,0.2795698924731182,0.1722826086956521,109.0,0.1376146788990825,0.1693518518518518,65.0,0.1384615384615384,0.1807692307692307
5132,20260804,755,0.2264900662251655,0.6198675496688741,0.1458988015978695,0.0712244843832585,5.0,1.0,149.0,0.7986577181208053,0.1567785234899328,118.0,0.7627118644067796,0.1391452991452991,112.0,0.5803571428571429,0.14125,130.0,0.6692307692307692,0.1210852713178294,117.0,0.5384615384615384,0.1503448275862069,129.0,0.3410852713178294,0.164453125
5133,20260716,678,0.1371681415929203,0.467551622418879,0.1738995568685376,0.0675341717744655,5.0,0.6,104.0,0.7019230769230769,0.1566019417475728,118.0,0.4661016949152542,0.1766101694915254,132.0,0.5378787878787878,0.1641666666666666,100.0,0.41,0.1785999999999999,123.0,0.3252032520325203,0.1773170731707317,101.0,0.3663366336633663,0.1922772277227722
5134,20260804,711,0.1715893108298171,0.5189873417721519,0.1481293952180028,0.0685433337492614,5.0,0.6,110.0,0.7818181818181819,0.143,116.0,0.6120689655172413,0.1476724137931034,121.0,0.5702479338842975,0.1493388429752066,113.0,0.495575221238938,0.1507964601769911,108.0,0.4166666666666667,0.1410185185185185,143.0,0.2937062937062937,0.1546853146853146
5135,20260804,644,0.1677018633540372,0.5062111801242236,0.1681661442006269,0.076917029644911,5.0,0.8,110.0,0.7636363636363637,0.1341284403669725,96.0,0.5416666666666666,0.165625,125.0,0.488,0.1691056910569105,104.0,0.5865384615384616,0.15625,107.0,0.4205607476635514,0.1779047619047619,102.0,0.2254901960784313,0.2083168316831683
5136,20260810,914,0.2636761487964989,0.6225382932166302,0.138344298245614,0.0643353321860546,5.0,0.6,189.0,0.91005291005291,0.124074074074074,153.0,0.5882352941176471,0.1417647058823529,161.0,0.6708074534161491,0.1270186335403726,138.0,0.5942028985507246,0.1416666666666666,135.0,0.5185185185185185,0.1375373134328358,138.0,0.3405797101449275,0.164963503649635
5137,20260804,653,0.1424196018376722,0.451761102603369,0.159448698315467,0.0764146976733588,5.0,0.4,91.0,0.7582417582417582,0.1619780219780219,110.0,0.4636363636363636,0.1674545454545454,116.0,0.5086206896551724,0.149051724137931,99.0,0.4545454545454545,0.1438383838383838,112.0,0.4196428571428571,0.146875,125.0,0.192,0.18384
5138,20260809,420,0.0261904761904761,0.2095238095238095,0.1823684210526316,0.0776995080307759,5.0,0.2,47.0,0.5106382978723404,0.1742553191489361,75.0,0.2666666666666666,0.2001351351351351,77.0,0.2337662337662337,0.1687012987012987,77.0,0.1818181818181818,0.1688311688311688,74.0,0.0945945945945946,0.177945205479452,70.0,0.0714285714285714,0.2035714285714285
5139,20260721,593,0.2327150084317032,0.6003372681281619,0.1563406408094435,0.0740784779453451,5.0,0.8,105.0,0.819047619047619,0.153047619047619,98.0,0.6836734693877551,0.155204081632653,107.0,0.7009345794392523,0.1446728971962617,106.0,0.5471698113207547,0.1592452830188679,99.0,0.4545454545454545,0.1564646464646464,78.0,0.3205128205128205,0.1741025641025641
5140,20260726,525,0.0742857142857142,0.3409523809523809,0.1966666666666666,0.0805560043775126,5.0,0.4,72.0,0.6111111111111112,0.1816666666666666,92.0,0.4891304347826087,0.1910869565217391,101.0,0.4257425742574257,0.1994059405940594,83.0,0.2048192771084337,0.2046987951807229,94.0,0.2234042553191489,0.191595744680851,83.0,0.108433734939759,0.2102409638554216
5141,20260803,749,0.2683578104138852,0.650200267022697,0.1261155913978494,0.0579148668298483,5.0,1.0,160.0,0.85625,0.1275316455696202,125.0,0.72,0.14024,117.0,0.6923076923076923,0.1291452991452991,117.0,0.6239316239316239,0.1197435897435897,130.0,0.5076923076923077,0.115859375,100.0,0.4,0.1232323232323232
5142,20260810,894,0.2953020134228188,0.7013422818791947,0.149438202247191,0.0660074825612328,5.0,0.6,210.0,0.9523809523809524,0.141047619047619,154.0,0.6883116883116883,0.1656493506493506,145.0,0.7862068965517242,0.1466666666666666,152.0,0.6776315789473685,0.1443421052631579,133.0,0.5488721804511278,0.1474809160305343,100.0,0.31,0.1564646464646464
5143,20260809,603,0.0480928689883913,0.3383084577114428,0.1960299003322259,0.0770081268286957,5.0,0.2,62.0,0.4193548387096774,0.2218032786885246,119.0,0.3949579831932773,0.2018487394957983,124.0,0.3790322580645161,0.1868548387096774,87.0,0.3793103448275862,0.1962068965517241,111.0,0.3063063063063063,0.1756756756756756,100.0,0.17,0.2072
5144,20260810,586,0.083617747440273,0.3856655290102389,0.1788547008547008,0.0809044244569194,5.0,0.4,69.0,0.7246376811594203,0.184927536231884,113.0,0.4513274336283185,0.1815929203539823,117.0,0.4358974358974359,0.1768376068376068,99.0,0.3434343434343434,0.1794897959183673,105.0,0.3142857142857143,0.1688571428571428,83.0,0.0843373493975903,0.1848192771084337
5145,20260804,862,0.228538283062645,0.5707656612529002,0.1521028037383177,0.0580244767204418,5.0,0.6,165.0,0.8848484848484849,0.1402424242424242,132.0,0.5984848484848485,0.1525384615384615,168.0,0.6130952380952381,0.1475903614457831,150.0,0.54,0.1512751677852349,136.0,0.4191176470588235,0.1525735294117647,111.0,0.2342342342342342,0.1767272727272727
5146,20260802,657,0.1202435312024353,0.4764079147640791,0.1775419847328244,0.0731154331033667,5.0,0.6,101.0,0.7524752475247525,0.1686138613861386,114.0,0.5964912280701754,0.1730973451327433,115.0,0.5217391304347826,0.1673043478260869,117.0,0.4700854700854701,0.1908547008547008,105.0,0.3333333333333333,0.1806666666666666,105.0,0.1809523809523809,0.1842307692307692
5147,20260805,531,0.1092278719397363,0.3822975517890772,0.1400754716981132,0.0705155807904285,5.0,0.0,72.0,0.7083333333333334,0.1398611111111111,91.0,0.2967032967032967,0.1527472527472527,96.0,0.4166666666666667,0.1469791666666666,89.0,0.5056179775280899,0.1213483146067415,94.0,0.2446808510638297,0.1351612903225806,89.0,0.1910112359550561,0.1437078651685393
5148,20260731,533,0.1069418386491557,0.4127579737335834,0.1975422138836773,0.0827537351167555,5.0,0.4,69.0,0.7101449275362319,0.2021739130434783,91.0,0.4835164835164835,0.1879120879120879,106.0,0.5,0.195377358490566,91.0,0.5164835164835165,0.1904395604395604,91.0,0.2197802197802197,0.1823076923076923,85.0,0.0823529411764705,0.2307058823529411
5150,20260804,719,0.2211404728789986,0.5730180806675939,0.1522486033519553,0.0806700271487017,5.0,0.6,127.0,0.8346456692913385,0.1557599999999999,117.0,0.6239316239316239,0.162051282051282,113.0,0.5309734513274337,0.1545535714285714,123.0,0.5365853658536586,0.1586178861788618,122.0,0.5081967213114754,0.1310655737704918,117.0,0.3846153846153846,0.1518803418803418
5151,20260724,545,0.0403669724770642,0.273394495412844,0.2311029411764706,0.0911420416495887,5.0,0.4,68.0,0.5588235294117647,0.2035294117647058,99.0,0.3333333333333333,0.2274747474747474,107.0,0.2710280373831775,0.2172897196261682,92.0,0.1956521739130435,0.2373626373626373,99.0,0.202020202020202,0.2435353535353535,80.0,0.1375,0.255
5152,20260808,520,0.0461538461538461,0.2788461538461538,0.2061969111969112,0.0787254639727069,5.0,0.2,58.0,0.5689655172413793,0.1827586206896551,99.0,0.4545454545454545,0.1955555555555555,103.0,0.2815533980582524,0.1890291262135922,94.0,0.1489361702127659,0.2036559139784946,81.0,0.1728395061728395,0.22125,85.0,0.1176470588235294,0.244
5153,20260805,624,0.048076923076923,0.2772435897435897,0.1752334943639291,0.0799143174743227,5.0,0.0,84.0,0.4047619047619047,0.2036144578313252,120.0,0.3333333333333333,0.1855833333333333,109.0,0.2752293577981651,0.1754629629629629,117.0,0.2905982905982906,0.1668965517241379,112.0,0.1964285714285714,0.161875,82.0,0.1585365853658536,0.1610975609756097
5154,20260810,669,0.1001494768310911,0.4005979073243647,0.1717991004497751,0.0736562895800016,5.0,0.0,80.0,0.6375,0.1678481012658227,126.0,0.4444444444444444,0.1776984126984127,130.0,0.4230769230769231,0.154076923076923,102.0,0.3725490196078431,0.17,123.0,0.3252032520325203,0.1814634146341463,108.0,0.2592592592592592,0.1798148148148148
5155,20260810,521,0.1497120921305182,0.4856046065259117,0.1631021194605009,0.0815375557720995,5.0,0.4,73.0,0.726027397260274,0.1654794520547945,86.0,0.5116279069767442,0.1730232558139534,92.0,0.5543478260869565,0.1471739130434782,90.0,0.4444444444444444,0.1642696629213483,91.0,0.4395604395604395,0.1634444444444444,89.0,0.2808988764044944,0.1665168539325842
5156,20260719,657,0.1293759512937595,0.4003044140030441,0.1775229357798165,0.0702789021804338,5.0,0.2,90.0,0.5888888888888889,0.1762921348314606,124.0,0.4032258064516129,0.1913709677419355,116.0,0.4568965517241379,0.1712068965517241,104.0,0.375,0.1794174757281553,115.0,0.4956521739130435,0.1578947368421052,108.0,0.1018518518518518,0.1883333333333333
5157,20260810,674,0.115727002967359,0.3649851632047478,0.1712462908011869,0.0724451405636454,5.0,0.6,98.0,0.7142857142857143,0.1688775510204081,128.0,0.34375,0.17796875,113.0,0.415929203539823,0.1729203539823008,103.0,0.3689320388349514,0.1631067961165048,127.0,0.2598425196850393,0.166771653543307,105.0,0.1333333333333333,0.1768571428571428
5158,20260810,755,0.2225165562913907,0.5231788079470199,0.1575496688741721,0.0731592374418238,5.0,0.6,117.0,0.811965811965812,0.1425641025641025,131.0,0.5954198473282443,0.1580916030534351,117.0,0.5042735042735043,0.1529914529914529,117.0,0.5726495726495726,0.1479487179487179,138.0,0.427536231884058,0.165,135.0,0.2740740740740741,0.1746666666666667
5159,20240512,200,0.06,0.17,0.1718090452261306,0.0753533966755693,5.0,0.2,26.0,0.5,0.1765384615384615,35.0,0.2571428571428571,0.1682857142857143,34.0,0.088235294117647,0.183235294117647,31.0,0.1612903225806451,0.1687096774193548,40.0,0.05,0.1651282051282051,34.0,0.0588235294117647,0.1708823529411764
5160,20260808,740,0.1459459459459459,0.4743243243243243,0.1484324324324324,0.0625449203072914,5.0,0.2,107.0,0.7757009345794392,0.1341121495327102,125.0,0.52,0.15384,138.0,0.6231884057971014,0.1453623188405797,125.0,0.392,0.1404,129.0,0.3798449612403101,0.145968992248062,116.0,0.1637931034482758,0.1708620689655172
5161,20260810,739,0.2219215155615697,0.550744248985115,0.1386856368563686,0.0606784705276098,5.0,0.6,132.0,0.8712121212121212,0.1371969696969697,117.0,0.5811965811965812,0.1458974358974359,124.0,0.5645161290322581,0.1420325203252032,133.0,0.556390977443609,0.1313533834586466,107.0,0.411214953271028,0.1378504672897196,126.0,0.2857142857142857,0.1387301587301587
5162,20260220,428,0.0467289719626168,0.2803738317757009,0.1783610451306413,0.0836939498850649,5.0,0.2,50.0,0.56,0.1665306122448979,84.0,0.3095238095238095,0.1912048192771084,79.0,0.3544303797468354,0.1567088607594936,67.0,0.2686567164179104,0.17,74.0,0.1891891891891892,0.1847297297297297,74.0,0.081081081081081,0.19625
5163,20260805,669,0.2017937219730941,0.6068759342301944,0.1735037593984962,0.0716207245240903,5.0,0.8,104.0,0.8942307692307693,0.1648543689320388,89.0,0.6966292134831461,0.1806818181818182,107.0,0.6635514018691588,0.1531132075471698,116.0,0.5775862068965517,0.1812068965517241,109.0,0.5779816513761468,0.1653703703703703,144.0,0.3472222222222222,0.1902083333333333
5164,20260802,398,0.0150753768844221,0.1030150753768844,0.2248994974874371,0.0789909030431137,5.0,0.0,44.0,0.3181818181818182,0.2320454545454545,79.0,0.1645569620253164,0.2244303797468354,71.0,0.0845070422535211,0.2287323943661971,69.0,0.0289855072463768,0.2331884057971014,88.0,0.0568181818181818,0.2076136363636363,47.0,0.0212765957446808,0.2334042553191489
5165,20260810,682,0.0821114369501466,0.3988269794721407,0.1828340675477239,0.0797171048958156,5.0,0.8,90.0,0.6222222222222222,0.1696666666666667,117.0,0.4957264957264957,0.1863247863247863,121.0,0.4214876033057851,0.1736666666666666,112.0,0.4375,0.1814285714285714,119.0,0.3109243697478991,0.1808403361344537,123.0,0.1707317073170731,0.2013008130081301
5166,20260809,695,0.2172661870503597,0.6215827338129496,0.1712824207492795,0.0811725902185307,5.0,0.6,132.0,0.8939393939393939,0.1419083969465648,109.0,0.6146788990825688,0.1864220183486238,117.0,0.7094017094017094,0.1637606837606837,108.0,0.6481481481481481,0.1667592592592592,125.0,0.528,0.1868,104.0,0.2692307692307692,0.1869230769230769
5167,20260809,622,0.1061093247588424,0.3842443729903537,0.1524677419354838,0.0681426913085483,5.0,0.4,79.0,0.7088607594936709,0.1522784810126582,114.0,0.4385964912280701,0.1535964912280701,118.0,0.423728813559322,0.1555555555555555,111.0,0.3153153153153153,0.1473873873873873,111.0,0.2882882882882883,0.1523636363636363,89.0,0.1797752808988764,0.1535955056179775
5168,20241012,31,0.0,0.064516129032258,0.2126666666666666,0.1172727116122454,5.0,0.0,2.0,0.5,0.22,1.0,0.0,0.11,4.0,0.25,0.2774999999999999,5.0,0.0,0.1225,6.0,0.0,0.1483333333333333,13.0,0.0,0.2569230769230769
5169,20260809,354,0.0451977401129943,0.2570621468926554,0.1938616714697406,0.0890459415834318,5.0,0.0,45.0,0.5777777777777777,0.21,65.0,0.3076923076923077,0.2153225806451612,65.0,0.1692307692307692,0.21140625,56.0,0.2857142857142857,0.1829629629629629,69.0,0.1739130434782608,0.1683823529411764,54.0,0.1111111111111111,0.1779629629629629
5170,20260810,665,0.106766917293233,0.4360902255639097,0.1538045112781955,0.0672697921957128,5.0,0.6,86.0,0.8023255813953488,0.1502325581395348,126.0,0.5079365079365079,0.1534920634920634,114.0,0.4736842105263157,0.146140350877193,113.0,0.415929203539823,0.1447787610619469,114.0,0.2807017543859649,0.1608771929824561,112.0,0.2142857142857142,0.1666071428571428
5171,20251015,357,0.0756302521008403,0.2745098039215686,0.161376404494382,0.0800741503583501,5.0,0.0,38.0,0.5526315789473685,0.1302631578947368,57.0,0.2807017543859649,0.1617543859649123,63.0,0.3174603174603174,0.1698412698412698,55.0,0.3272727272727272,0.1512962962962963,80.0,0.2,0.167875,64.0,0.109375,0.1715625
5172,20260726,687,0.1382823871906841,0.4643377001455604,0.1806304985337243,0.073130952379544,5.0,0.6,100.0,0.72,0.1913,133.0,0.4511278195488721,0.1869767441860465,112.0,0.4553571428571428,0.18,111.0,0.4234234234234234,0.1788181818181818,125.0,0.416,0.1724,106.0,0.3490566037735849,0.1750943396226415
5173,20260804,562,0.1423487544483986,0.3932384341637011,0.1687366548042705,0.0705141643592726,5.0,0.6,73.0,0.7123287671232876,0.1672602739726027,104.0,0.5288461538461539,0.1736538461538461,91.0,0.4175824175824176,0.1613186813186813,102.0,0.3431372549019608,0.1629411764705882,110.0,0.2727272727272727,0.1603636363636363,82.0,0.1341463414634146,0.1904878048780487
5174,20260730,638,0.1990595611285266,0.5642633228840125,0.1656200941915227,0.0722402243911611,5.0,0.8,108.0,0.8425925925925926,0.1575700934579439,98.0,0.6326530612244898,0.166938775510204,120.0,0.6,0.155,106.0,0.4716981132075472,0.1814150943396226,111.0,0.4864864864864865,0.1668468468468468,95.0,0.3263157894736842,0.1676842105263158
5175,20260731,534,0.0711610486891385,0.352059925093633,0.1937169811320754,0.0835777521535329,5.0,0.4,68.0,0.5147058823529411,0.185820895522388,90.0,0.4111111111111111,0.1878651685393258,108.0,0.3611111111111111,0.1802777777777777,92.0,0.4021739130434782,0.1822826086956521,94.0,0.2765957446808511,0.1997849462365591,82.0,0.1707317073170731,0.2306172839506172
5176,20260725,235,0.025531914893617,0.1361702127659574,0.1885470085470085,0.0950597199359385,5.0,0.2,21.0,0.2857142857142857,0.24,44.0,0.2954545454545454,0.1913636363636363,38.0,0.131578947368421,0.1781578947368421,32.0,0.03125,0.1725,44.0,0.0909090909090909,0.1886363636363636,56.0,0.0535714285714285,0.1830909090909091
5177,20260810,711,0.0478199718706047,0.2812939521800281,0.1933991537376586,0.0700383537834398,5.0,0.6,75.0,0.6,0.1656,137.0,0.4233576642335766,0.1815441176470588,134.0,0.2388059701492537,0.1964925373134328,129.0,0.2170542635658914,0.2001550387596899,142.0,0.1830985915492957,0.2004255319148936,94.0,0.1170212765957446,0.2085106382978723
5178,20260809,670,0.0417910447761194,0.2686567164179104,0.1979790419161677,0.0766238548339939,5.0,0.2,81.0,0.6049382716049383,0.1741975308641975,113.0,0.3008849557522124,0.1874107142857142,123.0,0.3252032520325203,0.1829268292682927,118.0,0.2372881355932203,0.197948717948718,121.0,0.1652892561983471,0.1964462809917355,114.0,0.0789473684210526,0.2431578947368421
5179,20260810,540,0.0962962962962963,0.3185185185185185,0.1695361781076066,0.0863803562467701,5.0,0.6,68.0,0.6764705882352942,0.1514705882352941,86.0,0.3604651162790697,0.1687209302325581,96.0,0.28125,0.1938947368421053,93.0,0.3225806451612903,0.1589247311827956,107.0,0.2242990654205607,0.1563551401869159,90.0,0.1555555555555555,0.1848888888888889
5180,20260805,224,0.0625,0.3303571428571428,0.1945739910313901,0.0932986556396251,5.0,0.4,25.0,0.56,0.2075999999999999,41.0,0.3414634146341463,0.1760975609756097,33.0,0.3939393939393939,0.1818181818181818,43.0,0.2790697674418604,0.1758139534883721,47.0,0.3191489361702128,0.1995744680851064,35.0,0.1714285714285714,0.2364705882352941
5181,20260810,664,0.1219879518072289,0.4563253012048193,0.165656108597285,0.0701290514003791,5.0,0.4,90.0,0.7555555555555555,0.1586516853932584,114.0,0.5701754385964912,0.1756140350877193,120.0,0.4166666666666667,0.1659166666666666,107.0,0.4205607476635514,0.1488785046728972,125.0,0.344,0.16192,108.0,0.2962962962962963,0.181574074074074
5182,20260805,621,0.0901771336553945,0.3768115942028985,0.1599193548387096,0.0806955245965125,5.0,0.4,91.0,0.6923076923076923,0.1521978021978021,114.0,0.4298245614035088,0.1678947368421052,121.0,0.3884297520661157,0.1602479338842975,93.0,0.3010752688172043,0.1620652173913043,102.0,0.2941176470588235,0.144313725490196,100.0,0.17,0.1714
5183,20260810,601,0.0948419301164725,0.3976705490848585,0.1612919463087248,0.068782621319202,5.0,0.4,79.0,0.6582278481012658,0.1612987012987013,103.0,0.4757281553398058,0.1649514563106796,107.0,0.4018691588785046,0.1628971962616822,100.0,0.4,0.1610204081632653,116.0,0.3362068965517241,0.1613913043478261,96.0,0.1666666666666666,0.1557291666666666
5184,20260802,341,0.0498533724340175,0.1906158357771261,0.2006784660766961,0.0905985334100622,5.0,0.2,38.0,0.3157894736842105,0.2218421052631579,59.0,0.2372881355932203,0.2139655172413793,53.0,0.2264150943396226,0.2132075471698113,64.0,0.15625,0.17828125,60.0,0.25,0.1747457627118644,67.0,0.0298507462686567,0.2114925373134328
5185,20260809,713,0.1206171107994389,0.4642356241234222,0.1579213483146067,0.0697459635526667,5.0,1.0,101.0,0.7425742574257426,0.1283168316831683,127.0,0.4881889763779528,0.1619685039370078,115.0,0.5391304347826087,0.1480869565217391,117.0,0.4700854700854701,0.1488793103448275,129.0,0.4341085271317829,0.1706201550387597,124.0,0.1693548387096774,0.182258064516129
5186,20260809,622,0.0836012861736334,0.3392282958199357,0.1728756058158319,0.067226156316798,5.0,0.2,81.0,0.691358024691358,0.155679012345679,105.0,0.4095238095238095,0.1719417475728155,97.0,0.3298969072164948,0.1782291666666666,100.0,0.28,0.1673,118.0,0.2542372881355932,0.1593220338983051,121.0,0.1818181818181818,0.1987603305785124
5187,20260721,623,0.0914927768860353,0.3964686998394863,0.1791787439613526,0.0780342337796595,5.0,0.2,81.0,0.6172839506172839,0.1686419753086419,107.0,0.5046728971962616,0.1894392523364486,111.0,0.4054054054054054,0.172,115.0,0.4,0.1937391304347826,115.0,0.2869565217391304,0.1735964912280701,94.0,0.202127659574468,0.1739361702127659
5188,20260810,701,0.1640513552068473,0.4793152639087018,0.182761087267525,0.0849974425397777,5.0,0.6,108.0,0.7037037037037037,0.2114814814814815,120.0,0.5,0.18975,131.0,0.5954198473282443,0.1757692307692308,121.0,0.396694214876033,0.1781818181818182,128.0,0.3984375,0.173828125,93.0,0.2473118279569892,0.1682608695652174
5189,20260810,660,0.1166666666666666,0.4606060606060606,0.1967173252279635,0.0734196148982828,5.0,0.4,95.0,0.6736842105263158,0.2014893617021276,115.0,0.5739130434782609,0.1973913043478261,108.0,0.4814814814814814,0.2027777777777778,111.0,0.5045045045045045,0.1923423423423423,125.0,0.296,0.1837599999999999,106.0,0.2735849056603773,0.2055238095238095
5190,20260809,615,0.0845528455284552,0.3398373983739837,0.1804065040650406,0.0792546413093848,5.0,0.4,74.0,0.6351351351351351,0.1689189189189189,109.0,0.4678899082568807,0.1687155963302752,118.0,0.423728813559322,0.1656779661016948,100.0,0.27,0.1914,123.0,0.2032520325203252,0.1834959349593496,91.0,0.0989010989010989,0.2065934065934066
5191,20260808,853,0.2883939038686987,0.6436107854630715,0.132,0.0575745041612323,5.0,0.8,169.0,0.9053254437869822,0.1253254437869822,146.0,0.6575342465753424,0.1356849315068493,134.0,0.664179104477612,0.1320149253731343,152.0,0.5789473684210527,0.1303311258278145,133.0,0.518796992481203,0.1381060606060606,119.0,0.453781512605042,0.1322881355932203
5192,20260621,546,0.0952380952380952,0.3186813186813186,0.1767216117216117,0.0847797370758353,5.0,0.0,62.0,0.5806451612903226,0.1754838709677419,95.0,0.4,0.1849473684210526,93.0,0.3655913978494624,0.1936559139784946,97.0,0.2783505154639175,0.1511340206185567,101.0,0.2673267326732673,0.1625742574257425,98.0,0.1224489795918367,0.1933673469387755
5193,20260810,692,0.203757225433526,0.5924855491329479,0.1650940665701881,0.0736506095037862,5.0,0.6,92.0,0.9130434782608696,0.1492391304347826,116.0,0.7155172413793104,0.1576724137931034,128.0,0.671875,0.161015625,123.0,0.5609756097560976,0.1730327868852459,132.0,0.4545454545454545,0.1623484848484848,101.0,0.2772277227722772,0.1872277227722772
5194,20260730,635,0.0992125984251968,0.3606299212598425,0.1655047318611987,0.0855902542231768,5.0,0.4,88.0,0.6363636363636364,0.1710227272727272,111.0,0.4144144144144144,0.1708108108108108,125.0,0.408,0.1636,113.0,0.3805309734513274,0.1709734513274336,112.0,0.1964285714285714,0.1500892857142857,86.0,0.127906976744186,0.1687058823529411
5195,20260724,609,0.1182266009852216,0.4400656814449918,0.1583223684210526,0.0715418631562267,5.0,0.6,83.0,0.7108433734939759,0.1537349397590361,121.0,0.5785123966942148,0.152,113.0,0.495575221238938,0.1614159292035398,90.0,0.4,0.1555555555555555,111.0,0.3063063063063063,0.1581081081081081,91.0,0.1428571428571428,0.17
5196,20260723,700,0.2314285714285714,0.5928571428571429,0.1558022922636103,0.0733148870250918,5.0,0.6,98.0,0.8571428571428571,0.1559793814432989,95.0,0.6526315789473685,0.1639361702127659,95.0,0.6736842105263158,0.1618947368421052,135.0,0.6222222222222222,0.1454074074074074,134.0,0.4925373134328358,0.1476119402985074,143.0,0.3846153846153846,0.1637762237762237
5197,20260804,583,0.2229845626072041,0.5746140651801029,0.1460757314974182,0.0793069449094319,5.0,0.4,90.0,0.8777777777777778,0.1353333333333333,95.0,0.5578947368421052,0.1462105263157894,101.0,0.6435643564356436,0.1391089108910891,97.0,0.5876288659793815,0.139381443298969,85.0,0.5058823529411764,0.1398823529411764,115.0,0.3304347826086956,0.1711504424778761
5198,20260810,619,0.08562197092084,0.3521809369951534,0.1958346839546191,0.079734111811234,5.0,0.8,64.0,0.59375,0.1989062499999999,123.0,0.4227642276422764,0.2004918032786885,123.0,0.4227642276422764,0.1880487804878048,105.0,0.3142857142857143,0.210095238095238,121.0,0.2727272727272727,0.1851666666666666,83.0,0.1204819277108433,0.1955421686746988
5199,20260810,592,0.1317567567567567,0.4341216216216216,0.131404399323181,0.0696538984149652,5.0,0.6,73.0,0.726027397260274,0.1443055555555555,109.0,0.5229357798165137,0.1299082568807339,104.0,0.4807692307692308,0.1309615384615384,94.0,0.425531914893617,0.1220212765957446,108.0,0.3148148148148148,0.1200925925925926,104.0,0.2211538461538461,0.1447115384615384
5200,20260810,326,0.0061349693251533,0.0797546012269938,0.2022530864197531,0.0929199716554483,5.0,0.0,20.0,0.15,0.2342105263157894,54.0,0.1481481481481481,0.2066666666666666,57.0,0.087719298245614,0.2056140350877193,50.0,0.1,0.1972,68.0,0.0441176470588235,0.2019117647058823,77.0,0.0259740259740259,0.1922368421052631
5201,20260804,589,0.1341256366723259,0.4482173174872665,0.176553480475382,0.0825043453644432,5.0,0.8,83.0,0.7590361445783133,0.1427710843373494,102.0,0.5686274509803921,0.1612745098039215,108.0,0.5,0.1663888888888889,96.0,0.3645833333333333,0.1715624999999999,96.0,0.3958333333333333,0.1771875,104.0,0.1538461538461538,0.233076923076923
5202,20240903,193,0.0725388601036269,0.3005181347150259,0.1657068062827225,0.0872524045529484,5.0,0.2,23.0,0.5652173913043478,0.1314285714285714,32.0,0.3125,0.1846875,33.0,0.5151515151515151,0.126060606060606,36.0,0.2777777777777778,0.1755555555555555,41.0,0.1219512195121951,0.1736585365853658,28.0,0.1071428571428571,0.1921428571428571
5203,20260810,699,0.0886981402002861,0.3834048640915594,0.1563180515759312,0.0623172099809832,5.0,0.4,72.0,0.7222222222222222,0.1716666666666666,111.0,0.4954954954954955,0.1719819819819819,144.0,0.4027777777777778,0.1560416666666666,125.0,0.344,0.14944,127.0,0.2519685039370078,0.1538582677165354,120.0,0.2333333333333333,0.1426050420168067
5204,20260810,376,0.0664893617021276,0.3271276595744681,0.1785294117647058,0.0766143753086328,5.0,0.4,36.0,0.5555555555555556,0.2113888888888889,62.0,0.4032258064516129,0.1829508196721311,58.0,0.4655172413793103,0.1727586206896551,67.0,0.3134328358208955,0.1728358208955223,82.0,0.1829268292682926,0.1793827160493827,71.0,0.2112676056338028,0.1671830985915492
5205,20260810,728,0.1923076923076923,0.5686813186813187,0.1710164835164835,0.0737817523581605,5.0,0.6,123.0,0.8211382113821138,0.1580487804878048,124.0,0.7016129032258065,0.1646774193548387,116.0,0.603448275862069,0.161551724137931,129.0,0.5813953488372093,0.1880620155038759,106.0,0.4056603773584906,0.1812264150943396,130.0,0.2923076923076923,0.1725384615384615
5206,20260712,679,0.0957290132547864,0.337260677466863,0.1457731958762886,0.0783084143920835,5.0,0.2,91.0,0.6263736263736264,0.1458241758241758,111.0,0.3873873873873873,0.1514414414414414,118.0,0.3898305084745763,0.1317796610169491,107.0,0.3925233644859813,0.1335514018691589,104.0,0.2788461538461538,0.1508653846153846,148.0,0.081081081081081,0.1579054054054054
5207,20260728,554,0.1010830324909747,0.3465703971119133,0.1664440433212996,0.0702868640553966,5.0,0.2,56.0,0.7321428571428571,0.1957142857142857,105.0,0.2666666666666666,0.1793333333333333,98.0,0.3673469387755102,0.1675510204081632,85.0,0.4,0.1645882352941176,111.0,0.3153153153153153,0.1536936936936936,99.0,0.1818181818181818,0.151010101010101
5208,20260706,645,0.0682170542635658,0.2697674418604651,0.1621240310077519,0.0796892226917061,5.0,0.6,65.0,0.5846153846153846,0.1492307692307692,94.0,0.3936170212765957,0.1534042553191489,106.0,0.3396226415094339,0.1417924528301886,110.0,0.3181818181818182,0.1497272727272727,114.0,0.1578947368421052,0.1609649122807017,156.0,0.0641025641025641,0.1961538461538461
5209,20260810,456,0.0285087719298245,0.2083333333333333,0.182043956043956,0.0900988360949707,5.0,0.2,34.0,0.3823529411764705,0.168235294117647,74.0,0.1756756756756756,0.1846575342465753,77.0,0.3116883116883117,0.1772727272727272,71.0,0.2957746478873239,0.2001408450704225,84.0,0.1428571428571428,0.1777380952380952,116.0,0.1034482758620689,0.1796551724137931
5210,20260810,659,0.1001517450682852,0.4294385432473445,0.1592389649923896,0.0701121029129783,5.0,0.6,70.0,0.7571428571428571,0.1565714285714285,90.0,0.5333333333333333,0.163,122.0,0.5163934426229508,0.1591735537190082,110.0,0.509090909090909,0.156697247706422,107.0,0.3831775700934579,0.1566355140186916,160.0,0.1375,0.1618125
5211,20260804,548,0.0310218978102189,0.2427007299270073,0.1798165137614679,0.0872072471041206,5.0,0.2,41.0,0.6097560975609756,0.1963414634146341,90.0,0.2444444444444444,0.1889887640449438,97.0,0.3402061855670103,0.1572916666666666,91.0,0.2527472527472527,0.163076923076923,103.0,0.174757281553398,0.1596116504854368,126.0,0.0952380952380952,0.214
5212,20260810,728,0.1085164835164835,0.4107142857142857,0.1565337001375515,0.0687505400688716,5.0,0.6,80.0,0.75,0.1375,121.0,0.512396694214876,0.1612396694214876,135.0,0.4222222222222222,0.1441044776119402,119.0,0.4705882352941176,0.1556302521008403,133.0,0.3007518796992481,0.1587218045112781,140.0,0.1714285714285714,0.1739285714285714
5213,20260723,683,0.1288433382137628,0.4363103953147877,0.190352422907489,0.0748401666294192,5.0,0.0,95.0,0.7263157894736842,0.1786170212765957,125.0,0.512,0.18968,119.0,0.5462184873949579,0.1794957983193277,110.0,0.4181818181818181,0.1996363636363636,134.0,0.2537313432835821,0.1903731343283582,100.0,0.2,0.205050505050505
5214,20260810,674,0.0756676557863501,0.3456973293768546,0.1873105497771174,0.0812589653994918,5.0,0.6,66.0,0.6666666666666666,0.1881818181818181,124.0,0.4838709677419355,0.1962903225806451,108.0,0.3888888888888889,0.1677777777777777,104.0,0.4326923076923077,0.1829807692307692,126.0,0.1984126984126984,0.198095238095238,146.0,0.1164383561643835,0.1875172413793103
5215,20250606,96,0.0625,0.3125,0.1647916666666666,0.1055144062702129,5.0,0.4,9.0,0.5555555555555556,0.1466666666666666,12.0,0.4166666666666667,0.1491666666666666,15.0,0.6,0.16,14.0,0.3571428571428571,0.18,23.0,0.217391304347826,0.1813043478260869,23.0,0.0434782608695652,0.157391304347826
5216,20260805,807,0.20817843866171,0.5254027261462205,0.1643866171003717,0.0690515617869014,5.0,0.4,138.0,0.7318840579710145,0.1835507246376811,135.0,0.5481481481481482,0.1844444444444444,155.0,0.5870967741935483,0.1666451612903225,131.0,0.5419847328244275,0.1403053435114503,135.0,0.4444444444444444,0.1432592592592592,113.0,0.2389380530973451,0.1670796460176991
5217,20260724,761,0.2654402102496714,0.6780551905387647,0.1519920844327176,0.0689890430720188,5.0,0.4,158.0,0.8924050632911392,0.1455414012738853,121.0,0.7272727272727273,0.1510833333333333,118.0,0.6186440677966102,0.1511864406779661,120.0,0.6583333333333333,0.1411666666666667,119.0,0.6386554621848739,0.1496610169491525,125.0,0.472,0.17432
5218,20260724,759,0.1844532279314888,0.538866930171278,0.159419525065963,0.0779769314293056,5.0,0.4,115.0,0.8608695652173913,0.1599999999999999,121.0,0.5619834710743802,0.14775,131.0,0.5801526717557252,0.1446564885496183,145.0,0.5379310344827586,0.1582758620689655,124.0,0.4193548387096774,0.1563709677419354,123.0,0.2926829268292683,0.1904065040650406
5219,20260810,536,0.0988805970149253,0.3395522388059701,0.1766791744840525,0.0801970151320577,5.0,0.6,49.0,0.6938775510204082,0.1981632653061224,69.0,0.4927536231884058,0.1821739130434782,82.0,0.4756097560975609,0.168170731707317,94.0,0.351063829787234,0.18,112.0,0.2589285714285714,0.1562162162162162,130.0,0.1,0.1862015503875969
5220,20260801,721,0.2385575589459084,0.5991678224687933,0.1497218358831711,0.075994513080395,5.0,1.0,127.0,0.8503937007874016,0.1509448818897638,122.0,0.6639344262295082,0.1545081967213115,134.0,0.6194029850746269,0.1688805970149254,133.0,0.631578947368421,0.1364885496183206,115.0,0.4434782608695652,0.1427826086956521,90.0,0.2777777777777778,0.1411111111111111
5221,20260723,767,0.2320730117340287,0.60625814863103,0.1531895424836601,0.07652773017287,5.0,0.8,154.0,0.8376623376623377,0.146038961038961,119.0,0.6386554621848739,0.1653389830508474,126.0,0.6666666666666666,0.1378571428571428,121.0,0.5041322314049587,0.1578512396694215,120.0,0.6,0.1624166666666666,127.0,0.3385826771653543,0.1526190476190476
5222,20260804,737,0.1573948439620081,0.5671641791044776,0.1628727770177838,0.0620794157136845,5.0,0.8,91.0,0.8571428571428571,0.1714444444444444,91.0,0.6373626373626373,0.1658241758241758,138.0,0.6594202898550725,0.1616296296296296,143.0,0.6363636363636364,0.1493706293706293,136.0,0.4191176470588235,0.1551470588235294,138.0,0.3115942028985507,0.1783823529411765
5223,20260810,698,0.0773638968481375,0.3022922636103152,0.184390243902439,0.0864090390422466,5.0,0.0,72.0,0.5833333333333334,0.1654166666666666,124.0,0.4354838709677419,0.1816935483870967,120.0,0.3166666666666666,0.1905833333333333,114.0,0.2982456140350877,0.1934210526315789,137.0,0.218978102189781,0.1737956204379561,131.0,0.099236641221374,0.195
5224,20260809,762,0.2191601049868766,0.6548556430446194,0.1550854139290407,0.0672827154262586,5.0,0.8,151.0,0.8874172185430463,0.1434,120.0,0.6833333333333333,0.1410833333333333,130.0,0.7307692307692307,0.1433076923076923,113.0,0.6194690265486725,0.1594690265486725,115.0,0.4956521739130435,0.1584347826086956,133.0,0.4586466165413533,0.1857894736842105
5225,20250115,212,0.0047169811320754,0.0235849056603773,0.2029245283018868,0.0874693151709535,5.0,0.0,22.0,0.1363636363636363,0.1877272727272727,35.0,0.0,0.2,31.0,0.0,0.2258064516129032,31.0,0.032258064516129,0.1780645161290322,31.0,0.032258064516129,0.2167741935483871,62.0,0.0,0.2040322580645161
5226,20260804,618,0.2168284789644013,0.5841423948220065,0.1529545454545454,0.0684762581767162,5.0,1.0,116.0,0.853448275862069,0.145,110.0,0.6818181818181818,0.1596363636363636,101.0,0.6138613861386139,0.1388,103.0,0.5728155339805825,0.1551456310679611,98.0,0.3775510204081632,0.1475257731958763,90.0,0.3222222222222222,0.1741111111111111
5227,20260728,332,0.0391566265060241,0.1656626506024096,0.1923780487804878,0.0946357767963642,5.0,0.2,22.0,0.5909090909090909,0.1645454545454545,36.0,0.2777777777777778,0.1686111111111111,52.0,0.2307692307692307,0.1744230769230769,56.0,0.1428571428571428,0.2067272727272727,73.0,0.1232876712328767,0.2066197183098591,93.0,0.032258064516129,0.1989130434782609
5228,20260804,625,0.2064,0.5776,0.1530128205128205,0.0674624289720874,5.0,0.6,104.0,0.8653846153846154,0.1561538461538461,103.0,0.6407766990291263,0.1560194174757281,110.0,0.5818181818181818,0.1443636363636363,111.0,0.5405405405405406,0.1464864864864865,98.0,0.4285714285714285,0.1511224489795918,99.0,0.3939393939393939,0.1655102040816326
5229,20260803,783,0.144316730523627,0.4559386973180077,0.1629246487867177,0.0677573854846237,5.0,0.6,112.0,0.7678571428571429,0.1671428571428571,128.0,0.4609375,0.173984375,132.0,0.5151515151515151,0.1802272727272727,130.0,0.4230769230769231,0.159,154.0,0.4090909090909091,0.1455844155844156,127.0,0.2047244094488189,0.1551181102362204
5230,20260805,506,0.067193675889328,0.2549407114624506,0.1777579365079365,0.0854930433011064,5.0,0.0,49.0,0.5510204081632653,0.1761224489795918,75.0,0.4,0.1797333333333333,76.0,0.3289473684210526,0.1918421052631579,82.0,0.2073170731707317,0.1682926829268292,107.0,0.1962616822429906,0.1726415094339622,117.0,0.0769230769230769,0.1793103448275862
5231,20260730,582,0.1254295532646048,0.3848797250859107,0.1891206896551724,0.0831642698448963,5.0,0.8,66.0,0.7727272727272727,0.156060606060606,78.0,0.6410256410256411,0.1792307692307692,84.0,0.4523809523809524,0.1810714285714285,104.0,0.375,0.1889423076923077,120.0,0.275,0.1971186440677966,130.0,0.1,0.2099230769230769
5232,20260810,648,0.0864197530864197,0.3780864197530864,0.1477125193199381,0.0681168026827297,5.0,0.6,78.0,0.6923076923076923,0.1581818181818181,97.0,0.4329896907216495,0.1591752577319587,92.0,0.5108695652173914,0.1420652173913043,103.0,0.3592233009708738,0.1317475728155339,135.0,0.2888888888888888,0.1431851851851852,143.0,0.1818181818181818,0.1537062937062937
5233,20230504,27,0.037037037037037,0.074074074074074,0.2233333333333333,0.1113552872566005,5.0,0.0,0.0,,,0.0,,,0.0,,,7.0,0.1428571428571428,0.2714285714285714,7.0,0.1428571428571428,0.2242857142857142,13.0,0.0,0.1969230769230769
5234,20260804,748,0.2045454545454545,0.5521390374331551,0.1606283422459893,0.0756717216937527,5.0,0.6,105.0,0.8571428571428571,0.1609523809523809,103.0,0.6504854368932039,0.1658252427184466,113.0,0.6460176991150443,0.1569026548672566,125.0,0.568,0.15632,135.0,0.4666666666666667,0.1588148148148148,167.0,0.2934131736526946,0.1644311377245509
5235,20260809,435,0.0344827586206896,0.1080459770114942,0.1928406466512702,0.0882051723858048,5.0,0.4,35.0,0.4285714285714285,0.1668571428571428,56.0,0.1607142857142857,0.2012499999999999,66.0,0.1818181818181818,0.1933333333333333,76.0,0.0789473684210526,0.2006578947368421,79.0,0.0379746835443038,0.1615384615384615,123.0,0.016260162601626,0.211311475409836
5236,20260727,700,0.03,0.2057142857142857,0.181,0.07506854011026,5.0,0.8,21.0,0.6666666666666666,0.159047619047619,34.0,0.3823529411764705,0.1688235294117647,49.0,0.5102040816326531,0.1546938775510204,124.0,0.314516129032258,0.1740322580645161,137.0,0.1605839416058394,0.1818978102189781,335.0,0.0925373134328358,0.1896716417910448
5237,20260805,521,0.0595009596928982,0.272552783109405,0.1671209213051823,0.0842635635488642,5.0,0.6,34.0,0.7352941176470589,0.1235294117647058,56.0,0.4821428571428571,0.1621428571428571,70.0,0.3714285714285714,0.1477142857142857,69.0,0.3478260869565217,0.1653623188405797,94.0,0.2340425531914893,0.1688297872340425,198.0,0.0909090909090909,0.1826767676767677
5238,20260728,704,0.1278409090909091,0.3735795454545454,0.1619176136363636,0.0693651326069373,5.0,0.2,69.0,0.8260869565217391,0.1636231884057971,71.0,0.5211267605633803,0.1638028169014084,77.0,0.5974025974025974,0.1490909090909091,129.0,0.4263565891472868,0.1432558139534883,132.0,0.303030303030303,0.1599242424242424,226.0,0.1238938053097345,0.1769911504424778
5239,20260728,551,0.0961887477313974,0.4010889292196007,0.1638939670932358,0.0823778897992187,5.0,0.8,60.0,0.7,0.1606779661016949,72.0,0.5277777777777778,0.1791666666666666,79.0,0.5316455696202531,0.1541025641025641,91.0,0.3516483516483517,0.1719780219780219,118.0,0.3305084745762712,0.1725,131.0,0.2137404580152671,0.1495419847328244
5240,20260726,602,0.0614617940199335,0.2724252491694352,0.1755666666666666,0.0890524876438359,5.0,0.0,56.0,0.5357142857142857,0.2041071428571428,85.0,0.4588235294117647,0.1587058823529411,92.0,0.391304347826087,0.1558241758241758,83.0,0.2048192771084337,0.1824390243902439,107.0,0.2242990654205607,0.1767289719626168,179.0,0.1005586592178771,0.1808379888268156
5241,20260730,675,0.0962962962962963,0.3703703703703703,0.1741456166419019,0.0866645745605316,5.0,0.6,80.0,0.6875,0.17375,92.0,0.5,0.1741304347826087,100.0,0.55,0.1649494949494949,104.0,0.2788461538461538,0.1736893203883495,134.0,0.2686567164179104,0.1778358208955224,165.0,0.1757575757575757,0.1771515151515151
5242,20260713,532,0.0432330827067669,0.2105263157894736,0.1848120300751879,0.1029186955824357,5.0,0.2,46.0,0.4782608695652174,0.148695652173913,79.0,0.3291139240506329,0.1737974683544303,85.0,0.2352941176470588,0.2028235294117646,75.0,0.1866666666666666,0.1486666666666666,104.0,0.2019230769230769,0.1889423076923077,143.0,0.0629370629370629,0.2077622377622377
5243,20260804,757,0.11889035667107,0.380449141347424,0.1682781456953642,0.0671162043520622,5.0,0.4,95.0,0.5894736842105263,0.1511702127659574,99.0,0.5151515151515151,0.1580612244897959,105.0,0.5047619047619047,0.1558095238095238,131.0,0.4580152671755725,0.1696946564885496,164.0,0.2560975609756097,0.1741463414634146,163.0,0.1595092024539877,0.1852760736196319
5244,20260809,550,0.049090909090909,0.2145454545454545,0.1596,0.0781317302555579,5.0,0.4,42.0,0.7380952380952381,0.1416666666666666,67.0,0.3432835820895522,0.1410447761194029,83.0,0.3493975903614458,0.1539759036144578,91.0,0.2197802197802197,0.1743956043956044,99.0,0.0808080808080808,0.1707070707070707,168.0,0.0416666666666666,0.1597023809523809
5245,20260808,596,0.0855704697986577,0.3087248322147651,0.182436974789916,0.0809893279260108,5.0,0.4,49.0,0.6326530612244898,0.196938775510204,66.0,0.5,0.1915151515151515,67.0,0.4776119402985074,0.1651515151515151,103.0,0.3009708737864077,0.1713592233009709,119.0,0.3361344537815126,0.1648739495798319,192.0,0.0885416666666666,0.1983854166666666
5246,20260809,613,0.1272430668841762,0.4061990212071778,0.1746241830065359,0.0769051444654228,5.0,0.4,76.0,0.7236842105263158,0.1748684210526316,85.0,0.5058823529411764,0.1704705882352941,94.0,0.5212765957446809,0.1632978723404255,108.0,0.3888888888888889,0.1619444444444444,116.0,0.3189655172413793,0.1641739130434782,134.0,0.1716417910447761,0.2042537313432836
5247,20260810,668,0.0419161676646706,0.281437125748503,0.184766917293233,0.0833200990489961,5.0,0.2,51.0,0.5098039215686274,0.1909803921568627,91.0,0.4615384615384615,0.1932222222222222,83.0,0.3253012048192771,0.1748192771084337,134.0,0.3432835820895522,0.1881060606060606,154.0,0.2142857142857142,0.1759090909090909,155.0,0.0903225806451612,0.1890967741935483
5248,20260728,567,0.0617283950617283,0.3439153439153439,0.1937742504409171,0.0866027756362054,5.0,0.4,53.0,0.4339622641509434,0.2194339622641509,80.0,0.5375,0.167125,92.0,0.532608695652174,0.1940217391304348,99.0,0.2828282828282828,0.2011111111111111,119.0,0.2689075630252101,0.1765546218487395,124.0,0.1612903225806451,0.2104838709677419
5249,20260810,630,0.0825396825396825,0.3428571428571428,0.1611746031746032,0.076298607131712,5.0,0.4,60.0,0.6333333333333333,0.1711666666666666,87.0,0.4712643678160919,0.1624137931034482,74.0,0.581081081081081,0.1475675675675675,91.0,0.3736263736263736,0.1636263736263736,121.0,0.2892561983471074,0.1588429752066115,197.0,0.1269035532994923,0.162994923857868
5250,20260802,509,0.0412573673870334,0.2180746561886051,0.2047047244094488,0.0947962559131966,5.0,0.0,32.0,0.59375,0.1759375,52.0,0.4038461538461538,0.2044230769230769,67.0,0.4328358208955223,0.1785074626865671,72.0,0.2083333333333333,0.1972222222222222,87.0,0.160919540229885,0.200919540229885,199.0,0.0653266331658291,0.2226767676767677
5251,20260730,450,0.0044444444444444,0.0644444444444444,0.1951006711409396,0.0911297532284979,5.0,0.2,28.0,0.25,0.1767857142857143,46.0,0.217391304347826,0.1858695652173913,45.0,0.0888888888888888,0.2095555555555555,61.0,0.0491803278688524,0.2090163934426229,97.0,0.0103092783505154,0.2081052631578947,173.0,0.0231213872832369,0.1846511627906976
5252,20260810,733,0.1364256480218281,0.4351978171896316,0.153077975376197,0.0663693449769729,5.0,0.4,83.0,0.7710843373493976,0.1331325301204819,119.0,0.5210084033613446,0.1531092436974789,106.0,0.5849056603773585,0.155188679245283,127.0,0.4094488188976378,0.1513385826771653,139.0,0.3381294964028777,0.1505072463768116,159.0,0.2012578616352201,0.165759493670886
5253,20260804,523,0.0573613766730401,0.1988527724665392,0.1998661567877629,0.1083589621876148,5.0,0.4,40.0,0.425,0.1835,56.0,0.3214285714285714,0.1841071428571428,53.0,0.3584905660377358,0.1711320754716981,82.0,0.1951219512195122,0.1942682926829268,99.0,0.1616161616161616,0.195050505050505,193.0,0.0932642487046632,0.2205699481865285
5254,20260724,448,0.0267857142857142,0.2120535714285714,0.1971428571428571,0.0944455490464949,5.0,0.0,27.0,0.5925925925925926,0.227037037037037,44.0,0.3636363636363636,0.1988636363636363,68.0,0.3823529411764705,0.1926470588235294,72.0,0.125,0.1901388888888889,106.0,0.1792452830188679,0.1975471698113207,131.0,0.0687022900763358,0.1962595419847328
5255,20260723,739,0.1745602165087956,0.5345060893098782,0.1690773405698779,0.0727812710896239,5.0,0.6,78.0,0.8974358974358975,0.1721794871794871,80.0,0.6375,0.1962025316455696,97.0,0.6288659793814433,0.1651546391752577,140.0,0.5214285714285715,0.1764285714285714,148.0,0.5135135135135135,0.1552380952380952,196.0,0.3265306122448979,0.1639795918367347
5256,20260723,766,0.2245430809399478,0.5718015665796344,0.1420445609436435,0.0625413151510499,5.0,1.0,129.0,0.8449612403100775,0.14703125,120.0,0.6,0.15975,131.0,0.6870229007633588,0.1430769230769231,132.0,0.4393939393939394,0.1284848484848484,139.0,0.5323741007194245,0.140863309352518,115.0,0.3043478260869565,0.1337719298245614
5257,20260810,825,0.1793939393939393,0.509090909090909,0.1656484848484848,0.0741716114982664,5.0,0.6,109.0,0.8440366972477065,0.1625688073394495,89.0,0.797752808988764,0.1712359550561797,101.0,0.6633663366336634,0.1552475247524752,161.0,0.5341614906832298,0.1585093167701863,169.0,0.3254437869822485,0.1670414201183432,196.0,0.25,0.1748469387755102
5258,20260810,531,0.0866290018832391,0.2994350282485876,0.174566037735849,0.0774298244508479,5.0,0.0,48.0,0.6458333333333334,0.1804166666666666,85.0,0.3411764705882353,0.1726190476190476,84.0,0.4404761904761904,0.1539285714285714,80.0,0.175,0.170875,118.0,0.3220338983050847,0.1673728813559322,116.0,0.0862068965517241,0.1983620689655172
5259,20260810,562,0.0284697508896797,0.1512455516014235,0.1747508896797153,0.0867812639117015,5.0,0.6,42.0,0.4047619047619047,0.1409523809523809,81.0,0.2222222222222222,0.1496296296296296,75.0,0.2,0.1616,85.0,0.2235294117647059,0.1701176470588235,109.0,0.091743119266055,0.181743119266055,170.0,0.0352941176470588,0.1987058823529411
5260,20240208,126,0.0158730158730158,0.0317460317460317,0.2176984126984127,0.1060784577745627,5.0,0.2,3.0,0.3333333333333333,0.3333333333333333,6.0,0.0,0.2166666666666666,6.0,0.1666666666666666,0.18,3.0,0.3333333333333333,0.0866666666666666,14.0,0.0,0.2071428571428571,94.0,0.0106382978723404,0.2222340425531914
5261,20260810,597,0.0720268006700167,0.2378559463986599,0.1846063651591289,0.0830232000815407,5.0,0.4,37.0,0.6216216216216216,0.1686486486486486,71.0,0.3943661971830985,0.1716901408450704,74.0,0.3513513513513513,0.1593243243243243,98.0,0.2959183673469387,0.1741836734693877,123.0,0.1626016260162601,0.1855284552845528,194.0,0.0824742268041237,0.206701030927835
5262,20260803,553,0.0361663652802893,0.2911392405063291,0.1889492753623188,0.0876462605718493,5.0,0.4,57.0,0.4210526315789473,0.1736842105263158,80.0,0.5,0.1736708860759493,83.0,0.3855421686746988,0.1553012048192771,88.0,0.2272727272727272,0.1993181818181818,114.0,0.2631578947368421,0.1948245614035088,131.0,0.1145038167938931,0.2140458015267175
5263,20260810,523,0.0535372848948374,0.2810707456978967,0.1702115384615384,0.0664755121305413,5.0,0.0,39.0,0.6153846153846154,0.1523684210526315,67.0,0.4328358208955223,0.1752238805970149,65.0,0.4769230769230769,0.1635384615384615,82.0,0.3658536585365853,0.1645679012345679,96.0,0.25,0.1838541666666666,174.0,0.0517241379310344,0.1697687861271676
5264,20260718,657,0.076103500761035,0.3089802130898021,0.1769710806697108,0.0890339874096002,5.0,0.4,50.0,0.64,0.1616,69.0,0.5507246376811594,0.1688405797101449,97.0,0.3608247422680412,0.1755670103092783,107.0,0.3644859813084112,0.177196261682243,141.0,0.2411347517730496,0.1682978723404255,193.0,0.1295336787564766,0.1907772020725388
5265,20260808,678,0.0412979351032448,0.1902654867256637,0.1716814159292035,0.0769580507291891,5.0,0.2,44.0,0.5,0.17,66.0,0.3333333333333333,0.1704545454545454,72.0,0.2777777777777778,0.1427777777777777,130.0,0.2923076923076923,0.1691538461538461,127.0,0.1102362204724409,0.1764566929133858,239.0,0.0543933054393305,0.1798744769874477
5266,20260810,544,0.0533088235294117,0.2077205882352941,0.1768382352941176,0.0884731781046924,5.0,0.2,49.0,0.6326530612244898,0.1493877551020408,63.0,0.3333333333333333,0.1752380952380952,64.0,0.28125,0.17734375,80.0,0.225,0.1866249999999999,93.0,0.1720430107526881,0.1565591397849462,195.0,0.0461538461538461,0.1897435897435897
5267,20260809,786,0.3027989821882951,0.6081424936386769,0.1431800766283525,0.0602631692225449,5.0,0.8,142.0,0.8380281690140845,0.1534507042253521,122.0,0.680327868852459,0.1500819672131147,119.0,0.680672268907563,0.1376470588235294,130.0,0.6,0.141640625,133.0,0.5488721804511278,0.1327067669172932,140.0,0.3142857142857143,0.1428057553956834
5268,20260810,507,0.0315581854043392,0.1420118343195266,0.2020355731225296,0.0894648490126779,5.0,0.2,27.0,0.3333333333333333,0.1833333333333333,50.0,0.28,0.1897959183673469,45.0,0.3111111111111111,0.1797777777777778,55.0,0.0909090909090909,0.1883636363636363,89.0,0.2022471910112359,0.1914606741573034,241.0,0.0497925311203319,0.2178008298755187
5269,20260802,689,0.1698113207547169,0.397677793904209,0.1575181422351233,0.0823921736601141,5.0,0.2,92.0,0.8043478260869565,0.1580434782608695,106.0,0.4150943396226415,0.1586792452830188,95.0,0.4736842105263157,0.1514736842105263,113.0,0.336283185840708,0.1557522123893805,120.0,0.3333333333333333,0.15975,163.0,0.2024539877300613,0.1595705521472392
5270,20260810,578,0.0519031141868512,0.2439446366782006,0.1692027729636048,0.081909969551299,5.0,0.0,44.0,0.4545454545454545,0.165,79.0,0.430379746835443,0.1583544303797468,69.0,0.391304347826087,0.1528985507246377,85.0,0.3058823529411765,0.1645882352941176,98.0,0.2346938775510204,0.1710309278350515,203.0,0.0541871921182266,0.180935960591133
5271,20260804,494,0.048582995951417,0.2267206477732793,0.1778701825557809,0.0783250585089676,5.0,0.0,39.0,0.4615384615384615,0.1742105263157894,69.0,0.3623188405797101,0.1653623188405797,66.0,0.3181818181818182,0.163030303030303,75.0,0.2133333333333333,0.1676,92.0,0.217391304347826,0.1703260869565217,153.0,0.0784313725490196,0.200392156862745
5272,20260724,476,0.0714285714285714,0.2415966386554622,0.1849159663865546,0.0796011147922372,5.0,0.2,45.0,0.5777777777777777,0.1948888888888889,60.0,0.55,0.16,56.0,0.3035714285714285,0.20375,77.0,0.2337662337662337,0.1742857142857143,92.0,0.1304347826086956,0.1870652173913043,146.0,0.0616438356164383,0.1891095890410959
5273,20260810,670,0.0656716417910447,0.2522388059701492,0.180865671641791,0.079488081435021,5.0,0.2,59.0,0.559322033898305,0.1854237288135593,83.0,0.3493975903614458,0.182289156626506,81.0,0.4320987654320987,0.1543209876543209,112.0,0.1964285714285714,0.2024999999999999,149.0,0.261744966442953,0.1787919463087248,186.0,0.0591397849462365,0.1789784946236559
5274,20260701,565,0.1150442477876106,0.3380530973451327,0.1884070796460177,0.0909611058735381,5.0,0.4,47.0,0.7659574468085106,0.1848936170212765,63.0,0.5079365079365079,0.1804761904761904,76.0,0.4868421052631579,0.1676315789473684,102.0,0.3235294117647059,0.183235294117647,116.0,0.2758620689655172,0.1944827586206896,161.0,0.1304347826086956,0.2012422360248447
5275,20260723,678,0.1460176991150442,0.415929203539823,0.1526331360946745,0.0779177329186537,5.0,0.6,65.0,0.7692307692307693,0.1427692307692307,70.0,0.6,0.1685507246376811,66.0,0.5909090909090909,0.1439393939393939,143.0,0.3706293706293706,0.1612587412587412,149.0,0.4496644295302013,0.143581081081081,185.0,0.1675675675675675,0.1538378378378378
5276,20260810,683,0.0849194729136164,0.3865300146412884,0.1683823529411764,0.0668890717821336,5.0,0.6,69.0,0.6956521739130435,0.1591304347826087,91.0,0.5054945054945055,0.1572527472527472,94.0,0.6382978723404256,0.1759574468085106,104.0,0.3557692307692308,0.16875,119.0,0.3529411764705882,0.1705084745762712,206.0,0.1504854368932038,0.1715686274509804
5277,20260810,654,0.0840978593272171,0.345565749235474,0.1712098009188361,0.0775697508305355,5.0,0.2,59.0,0.7457627118644068,0.1691525423728813,80.0,0.625,0.166625,102.0,0.3823529411764705,0.1677227722772277,101.0,0.4356435643564356,0.1738613861386138,141.0,0.2127659574468085,0.1734042553191489,171.0,0.1111111111111111,0.1727485380116959
5278,20260724,671,0.2444113263785395,0.563338301043219,0.157913561847988,0.0731826918632845,5.0,0.4,97.0,0.9175257731958762,0.1427835051546391,96.0,0.6458333333333334,0.1464583333333333,87.0,0.7241379310344828,0.1545977011494252,111.0,0.5225225225225225,0.1605405405405405,129.0,0.4728682170542636,0.1573643410852713,151.0,0.2980132450331126,0.175364238410596
5279,20260810,674,0.1513353115727003,0.4732937685459941,0.1527529761904761,0.0730786329804078,5.0,0.6,88.0,0.7954545454545454,0.1433333333333333,107.0,0.5794392523364486,0.1627102803738317,109.0,0.5779816513761468,0.1548148148148148,116.0,0.3793103448275862,0.1469827586206896,118.0,0.4491525423728814,0.1510169491525423,136.0,0.1985294117647058,0.155735294117647
5280,20260804,695,0.1410071942446043,0.4964028776978417,0.196075036075036,0.0824316945633009,5.0,0.8,76.0,0.9078947368421052,0.1642105263157894,84.0,0.6666666666666666,0.1560240963855421,64.0,0.71875,0.175,128.0,0.5390625,0.2037795275590551,152.0,0.4407894736842105,0.1946710526315789,191.0,0.1989528795811518,0.2292146596858638
5281,20260810,690,0.144927536231884,0.4507246376811594,0.1502612481857765,0.0718706402761971,5.0,0.4,79.0,0.7721518987341772,0.1373417721518987,76.0,0.5789473684210527,0.1477631578947368,86.0,0.5930232558139535,0.1386046511627907,111.0,0.4414414414414414,0.15,145.0,0.4,0.1514583333333333,193.0,0.2487046632124352,0.1609844559585492
5282,20260804,540,0.0944444444444444,0.3037037037037037,0.1752037037037037,0.0899225756743666,5.0,0.4,47.0,0.723404255319149,0.1606382978723404,72.0,0.375,0.1730555555555555,74.0,0.4729729729729729,0.1659459459459459,77.0,0.2597402597402597,0.1654545454545454,90.0,0.3111111111111111,0.1666666666666666,180.0,0.1111111111111111,0.1921111111111111
5283,20260728,344,0.0319767441860465,0.1104651162790697,0.1972886297376093,0.0965555237726391,5.0,0.6,17.0,0.2941176470588235,0.1858823529411764,32.0,0.125,0.195,35.0,0.1714285714285714,0.1834285714285714,64.0,0.171875,0.1936507936507936,75.0,0.12,0.1917333333333333,121.0,0.024793388429752,0.2088429752066115
5284,20260803,530,0.020754716981132,0.1056603773584905,0.1725330812854442,0.0746764371584983,5.0,0.4,17.0,0.3529411764705882,0.189375,39.0,0.2307692307692307,0.1617948717948718,35.0,0.2285714285714285,0.1465714285714285,78.0,0.1923076923076923,0.1606410256410256,96.0,0.1458333333333333,0.1605208333333333,265.0,0.0150943396226415,0.184377358490566
5285,20260729,591,0.0253807106598984,0.1218274111675127,0.1896610169491525,0.0740331144802363,5.0,0.0,42.0,0.4047619047619047,0.1738095238095238,57.0,0.1228070175438596,0.1752631578947368,58.0,0.1724137931034483,0.175,98.0,0.1530612244897959,0.1880612244897959,116.0,0.0948275862068965,0.180948275862069,220.0,0.0545454545454545,0.205662100456621
5286,20260810,638,0.0689655172413793,0.2899686520376175,0.1562225705329153,0.070386265168901,5.0,0.8,55.0,0.5818181818181818,0.1678181818181818,90.0,0.4222222222222222,0.1541111111111111,85.0,0.4823529411764706,0.1590588235294117,90.0,0.3111111111111111,0.147,108.0,0.2129629629629629,0.1488888888888889,210.0,0.1095238095238095,0.1606666666666666
5287,20260727,523,0.0305927342256214,0.1912045889101338,0.1761612284069098,0.0944579693754285,5.0,0.4,35.0,0.4,0.1708571428571428,57.0,0.3333333333333333,0.1678947368421052,57.0,0.2456140350877192,0.1578947368421052,93.0,0.2903225806451613,0.1690217391304347,104.0,0.2019230769230769,0.1795192307692307,177.0,0.0282485875706214,0.1875568181818181
5288,20260804,416,0.0360576923076923,0.1634615384615384,0.1791084337349397,0.0929123193419399,5.0,0.0,29.0,0.3793103448275862,0.1737931034482758,40.0,0.225,0.1574358974358974,51.0,0.1764705882352941,0.176078431372549,59.0,0.2542372881355932,0.1801694915254237,78.0,0.2307692307692307,0.1539743589743589,159.0,0.0377358490566037,0.1983018867924528
5289,20260804,707,0.0806223479490806,0.3946251768033946,0.1710339943342776,0.0733626289853176,5.0,0.6,52.0,0.8076923076923077,0.1407692307692307,74.0,0.4594594594594595,0.1793243243243243,74.0,0.4594594594594595,0.1754054054054054,93.0,0.5268817204301075,0.1643010752688172,151.0,0.4039735099337748,0.1681333333333333,263.0,0.2243346007604562,0.1774904942965779
5290,20260714,559,0.0196779964221824,0.1144901610017889,0.1802146690518783,0.0809798473098631,5.0,0.4,35.0,0.2857142857142857,0.1442857142857142,51.0,0.196078431372549,0.1978431372549019,52.0,0.2692307692307692,0.1846153846153846,103.0,0.174757281553398,0.1683495145631068,95.0,0.0842105263157894,0.1733684210526315,223.0,0.0179372197309417,0.1891928251121076
5291,20260805,578,0.0190311418685121,0.1626297577854671,0.2155536332179931,0.0795127118449069,5.0,0.4,25.0,0.56,0.162,47.0,0.425531914893617,0.1851063829787234,47.0,0.3191489361702128,0.1904255319148936,82.0,0.2560975609756097,0.2215853658536585,130.0,0.1,0.210076923076923,247.0,0.0445344129554655,0.2324291497975708
5292,20260801,567,0.0388007054673721,0.2116402116402116,0.2146725663716814,0.1006480279517779,5.0,0.2,51.0,0.5294117647058824,0.2266666666666666,82.0,0.2804878048780488,0.2134146341463414,73.0,0.410958904109589,0.1915068493150685,75.0,0.1333333333333333,0.2030666666666666,108.0,0.1851851851851851,0.205607476635514,178.0,0.0561797752808988,0.2317514124293785
5293,20260810,476,0.0357142857142857,0.1512605042016806,0.1931434599156118,0.0961847756395066,5.0,0.8,24.0,0.5,0.1766666666666666,47.0,0.2127659574468085,0.2078723404255319,51.0,0.2745098039215686,0.1598,56.0,0.1785714285714285,0.1530357142857143,101.0,0.1584158415841584,0.1793,197.0,0.0507614213197969,0.2185279187817258
5294,20260726,607,0.0444810543657331,0.1894563426688632,0.1711221122112211,0.0768311869830756,5.0,0.2,47.0,0.5319148936170213,0.1576595744680851,81.0,0.2716049382716049,0.1802469135802469,79.0,0.3670886075949367,0.1596202531645569,107.0,0.1962616822429906,0.1645794392523364,110.0,0.1,0.1738181818181818,183.0,0.0382513661202185,0.1777472527472527
5295,20260712,577,0.0450606585788561,0.1681109185441941,0.1986828422876949,0.089920039196576,5.0,0.0,29.0,0.4827586206896552,0.1948275862068965,37.0,0.2432432432432432,0.2383783783783783,46.0,0.2391304347826087,0.1982608695652174,80.0,0.25,0.194125,116.0,0.1896551724137931,0.1988793103448276,269.0,0.0780669144981412,0.1949814126394052
5296,20260712,605,0.0611570247933884,0.2132231404958677,0.2105794701986754,0.0907775206426346,5.0,0.4,29.0,0.5862068965517241,0.2248275862068965,44.0,0.3863636363636363,0.1954545454545454,76.0,0.4342105263157895,0.2028947368421052,94.0,0.2234042553191489,0.2034042553191489,125.0,0.24,0.2040322580645161,237.0,0.0464135021097046,0.220379746835443
5297,20260810,604,0.0149006622516556,0.097682119205298,0.2110596026490066,0.0912452652704741,5.0,0.0,22.0,0.5454545454545454,0.2236363636363636,37.0,0.3243243243243243,0.204054054054054,53.0,0.2641509433962264,0.1930188679245283,76.0,0.1184210526315789,0.2118421052631579,118.0,0.0677966101694915,0.2056779661016949,298.0,0.0134228187919463,0.2161409395973154
5298,20260809,690,0.1913043478260869,0.4985507246376812,0.153463768115942,0.0723760469044244,5.0,0.8,82.0,0.8658536585365854,0.1614634146341463,77.0,0.5454545454545454,0.1584415584415584,77.0,0.6623376623376623,0.1484415584415584,95.0,0.5684210526315789,0.1614736842105263,103.0,0.5242718446601942,0.1520388349514563,256.0,0.28125,0.148515625
5299,20260804,623,0.1011235955056179,0.3756019261637239,0.177174959871589,0.0853923804248905,5.0,0.6,45.0,0.8444444444444444,0.1646666666666666,63.0,0.5079365079365079,0.1671428571428571,66.0,0.5151515151515151,0.1569696969696969,100.0,0.47,0.1704,103.0,0.3786407766990291,0.1620388349514563,246.0,0.1788617886178861,0.1965447154471545
5300,20260803,554,0.0216606498194945,0.0776173285198556,0.1852983725135623,0.100321145886591,5.0,0.0,30.0,0.2333333333333333,0.1926666666666666,44.0,0.1136363636363636,0.167906976744186,52.0,0.173076923076923,0.160576923076923,83.0,0.072289156626506,0.1985542168674698,126.0,0.0634920634920634,0.1888888888888888,219.0,0.0365296803652968,0.1864840182648402
5301,20260809,675,0.0637037037037037,0.2562962962962963,0.177373887240356,0.0594191940685984,5.0,0.6,52.0,0.6346153846153846,0.1629411764705882,72.0,0.4027777777777778,0.1816666666666666,78.0,0.3205128205128205,0.1679487179487179,91.0,0.3296703296703296,0.1686813186813186,100.0,0.24,0.1666,282.0,0.1134751773049645,0.1881205673758865
5302,20260726,479,0.0334029227557411,0.1565762004175365,0.2009812108559499,0.0999398444420108,5.0,0.0,26.0,0.7307692307692307,0.1634615384615384,43.0,0.2558139534883721,0.1732558139534883,46.0,0.3043478260869565,0.1647826086956521,35.0,0.1714285714285714,0.1877142857142857,60.0,0.1833333333333333,0.1643333333333333,269.0,0.0520446096654275,0.2251301115241635
5303,20260810,652,0.1012269938650306,0.406441717791411,0.1712269938650306,0.0784162482078025,5.0,0.8,65.0,0.8307692307692308,0.1592307692307692,68.0,0.5735294117647058,0.1652941176470588,78.0,0.5384615384615384,0.1711538461538461,117.0,0.4786324786324786,0.1738461538461538,116.0,0.3362068965517241,0.1668103448275862,208.0,0.1682692307692307,0.1779326923076923
5304,20260809,268,0.0111940298507462,0.0485074626865671,0.2077902621722846,0.1121728911465286,5.0,0.0,12.0,0.1666666666666666,0.1691666666666667,19.0,0.1578947368421052,0.2026315789473684,13.0,0.2307692307692307,0.2115384615384615,29.0,0.0,0.1968965517241379,46.0,0.0,0.2124444444444444,149.0,0.0335570469798657,0.2119463087248322
5305,20260624,479,0.0083507306889352,0.0542797494780793,0.1896242171189979,0.0920031355447497,5.0,0.4,25.0,0.24,0.2064,43.0,0.0697674418604651,0.1588372093023256,45.0,0.1555555555555555,0.1913333333333333,56.0,0.0714285714285714,0.1517857142857142,67.0,0.044776119402985,0.1828358208955224,243.0,0.0123456790123456,0.2036213991769547
5306,20260623,564,0.0106382978723404,0.0939716312056737,0.2070035460992907,0.0923879040249328,5.0,0.2,36.0,0.1944444444444444,0.205,55.0,0.0909090909090909,0.2127272727272727,58.0,0.2758620689655172,0.198103448275862,88.0,0.1477272727272727,0.1921590909090909,97.0,0.0927835051546391,0.1918556701030928,230.0,0.0130434782608695,0.2202608695652174
5307,20260810,594,0.0774410774410774,0.3114478114478115,0.1874410774410774,0.0871790452005036,5.0,0.6,53.0,0.6981132075471698,0.1616981132075471,86.0,0.4534883720930232,0.1967441860465116,90.0,0.4666666666666667,0.1762222222222222,74.0,0.2702702702702703,0.1804054054054054,107.0,0.2897196261682243,0.2021495327102803,184.0,0.0869565217391304,0.1902717391304347
5308,20260810,545,0.0348623853211009,0.2293577981651376,0.1876697247706421,0.0834127633124002,5.0,0.2,34.0,0.4705882352941176,0.2070588235294117,61.0,0.3770491803278688,0.1893442622950819,66.0,0.4242424242424242,0.1653030303030303,79.0,0.240506329113924,0.1831645569620253,104.0,0.2307692307692307,0.1798076923076923,201.0,0.0746268656716417,0.1970646766169154
5309,20260801,498,0.0140562248995983,0.0682730923694779,0.1658433734939759,0.0771726248248333,5.0,0.0,13.0,0.6153846153846154,0.1361538461538461,28.0,0.1785714285714285,0.1539285714285714,26.0,0.2692307692307692,0.1542307692307692,50.0,0.0,0.1708,84.0,0.1071428571428571,0.1629761904761904,297.0,0.0168350168350168,0.1692592592592592
5310,20260810,407,0.0319410319410319,0.199017199017199,0.2098518518518518,0.0881971852398077,5.0,0.4,22.0,0.6363636363636364,0.2004545454545454,33.0,0.303030303030303,0.2084848484848485,34.0,0.4705882352941176,0.1673529411764706,60.0,0.2333333333333333,0.2081666666666666,71.0,0.2394366197183098,0.201,187.0,0.053475935828877,0.2228494623655914
5311,20260728,534,0.0767790262172284,0.2808988764044944,0.1798314606741573,0.0835504829727664,5.0,0.4,30.0,0.7666666666666667,0.179,37.0,0.4324324324324324,0.1802702702702702,44.0,0.5,0.1695454545454545,84.0,0.3571428571428571,0.1730952380952381,97.0,0.2989690721649484,0.1769072164948453,242.0,0.1239669421487603,0.1852479338842975
5312,20260810,458,0.0327510917030567,0.1288209606986899,0.1832314410480349,0.0896063378339916,5.0,0.2,25.0,0.56,0.1804,41.0,0.2926829268292683,0.1885365853658536,47.0,0.1489361702127659,0.1561702127659574,48.0,0.1666666666666666,0.20125,62.0,0.0806451612903225,0.157258064516129,235.0,0.0553191489361702,0.1911914893617021
5313,20260725,437,0.0389016018306636,0.2242562929061785,0.1698855835240274,0.0848513881790868,5.0,0.2,18.0,0.5555555555555556,0.1216666666666666,30.0,0.6,0.1533333333333333,25.0,0.32,0.1592,50.0,0.2,0.1908,78.0,0.282051282051282,0.1652564102564102,236.0,0.1271186440677966,0.1738983050847457
5314,20260810,400,0.015,0.09,0.201859296482412,0.1066109269740154,5.0,0.0,17.0,0.4117647058823529,0.1376470588235294,22.0,0.3181818181818182,0.1740909090909091,24.0,0.25,0.1779166666666666,68.0,0.1323529411764706,0.1944117647058823,71.0,0.0704225352112676,0.1905633802816901,198.0,0.0101010101010101,0.2201530612244898
5315,20260810,447,0.0313199105145413,0.116331096196868,0.1892376681614349,0.0989602992278322,5.0,0.6,33.0,0.3939393939393939,0.1672727272727273,42.0,0.1428571428571428,0.2080487804878049,51.0,0.1764705882352941,0.19,64.0,0.109375,0.17421875,70.0,0.1285714285714285,0.1738571428571428,187.0,0.0427807486631016,0.1996791443850267
5316,20260801,502,0.0577689243027888,0.3386454183266932,0.1608366533864542,0.0720757763814682,5.0,0.4,20.0,0.75,0.166,22.0,0.5909090909090909,0.1618181818181818,28.0,0.5714285714285714,0.1392857142857143,106.0,0.4150943396226415,0.1415094339622641,120.0,0.4083333333333333,0.1580833333333333,206.0,0.1601941747572815,0.1747087378640776
5317,20260810,573,0.0418848167539267,0.3106457242582897,0.1972027972027972,0.084262789026671,5.0,0.4,33.0,0.7878787878787878,0.1821212121212121,48.0,0.4791666666666667,0.1691489361702127,64.0,0.5,0.171875,115.0,0.3565217391304348,0.1902608695652173,106.0,0.2924528301886792,0.1875471698113207,207.0,0.1207729468599033,0.2226086956521739
5318,20260810,498,0.0240963855421686,0.1365461847389558,0.1845582329317269,0.0880780141054792,5.0,0.4,19.0,0.5263157894736842,0.1505263157894736,31.0,0.1290322580645161,0.1741935483870967,47.0,0.2765957446808511,0.1768085106382979,81.0,0.1481481481481481,0.1932098765432098,99.0,0.2121212121212121,0.1825252525252525,221.0,0.0361990950226244,0.1883257918552036
5319,20260706,455,0.0923076923076923,0.3120879120879121,0.1709670329670329,0.0889841880693505,5.0,0.6,35.0,0.7714285714285715,0.1602857142857142,46.0,0.5652173913043478,0.1458695652173913,46.0,0.4565217391304347,0.1580434782608695,55.0,0.4,0.1365454545454545,84.0,0.3095238095238095,0.1595238095238095,189.0,0.1058201058201058,0.1973015873015872
5320,20260729,447,0.017897091722595,0.0827740492170022,0.1801121076233184,0.0834337952763304,5.0,0.2,27.0,0.2592592592592592,0.1759259259259259,40.0,0.1,0.211,46.0,0.2391304347826087,0.1732608695652173,56.0,0.125,0.1632142857142857,85.0,0.0470588235294117,0.1651764705882353,193.0,0.0207253886010362,0.1874479166666667
5321,20260728,439,0.0865603644646924,0.3485193621867881,0.1943507972665148,0.0857658779766445,5.0,0.4,36.0,0.5555555555555556,0.1847222222222222,48.0,0.4166666666666667,0.1958333333333333,53.0,0.5094339622641509,0.180188679245283,56.0,0.5,0.1832142857142857,87.0,0.4022988505747126,0.1795402298850575,159.0,0.1446540880503144,0.2128301886792453
5322,20260810,397,0.017632241813602,0.08816120906801,0.1880100755667506,0.0834055969420142,5.0,0.6,24.0,0.2916666666666667,0.2116666666666666,39.0,0.2051282051282051,0.213076923076923,46.0,0.108695652173913,0.2047826086956521,52.0,0.0769230769230769,0.1882692307692307,79.0,0.0886075949367088,0.1763291139240506,157.0,0.0254777070063694,0.1790445859872611
5323,20260801,463,0.0626349892008639,0.3066954643628509,0.1756371490280777,0.0880136824361737,5.0,0.6,32.0,0.78125,0.1578125,45.0,0.4,0.182,40.0,0.425,0.16325,74.0,0.3648648648648648,0.1810810810810811,68.0,0.3970588235294117,0.1694117647058823,204.0,0.1372549019607843,0.1795588235294117
5324,20260810,386,0.0103626943005181,0.038860103626943,0.2151295336787564,0.0966839239402663,5.0,0.4,21.0,0.238095238095238,0.1919047619047619,28.0,0.1071428571428571,0.1942857142857143,22.0,0.0909090909090909,0.2031818181818181,51.0,0.0784313725490196,0.2190196078431372,70.0,0.0142857142857142,0.1931428571428571,194.0,0.0,0.2289175257731959
5325,20260727,530,0.0584905660377358,0.2943396226415094,0.1639811320754717,0.0721986229330961,5.0,0.8,25.0,0.8,0.1752,29.0,0.7241379310344828,0.1758620689655172,30.0,0.6666666666666666,0.135,77.0,0.4155844155844156,0.1615584415584415,92.0,0.3043478260869565,0.1489130434782608,277.0,0.1263537906137184,0.1705415162454873
5326,20260730,540,0.0537037037037037,0.1981481481481481,0.1823518518518518,0.0778116570833196,5.0,0.4,29.0,0.4827586206896552,0.2120689655172414,37.0,0.5675675675675675,0.1632432432432432,38.0,0.4210526315789473,0.1747368421052631,83.0,0.2891566265060241,0.1914457831325301,102.0,0.1764705882352941,0.1741176470588235,251.0,0.0557768924302788,0.1832270916334661
5327,20260726,364,0.0,0.0137362637362637,0.2247527472527472,0.1025991579776721,5.0,0.2,13.0,0.0,0.183076923076923,22.0,0.0454545454545454,0.2095454545454545,18.0,0.0,0.1866666666666666,60.0,0.05,0.2328333333333333,80.0,0.0,0.224375,171.0,0.0058479532163742,0.2312280701754386
5328,20260810,447,0.029082774049217,0.1677852348993288,0.179372197309417,0.0766978846190512,5.0,0.4,17.0,0.5294117647058824,0.1588235294117647,25.0,0.36,0.188,21.0,0.4285714285714285,0.1971428571428571,87.0,0.2413793103448276,0.1657471264367816,93.0,0.1720430107526881,0.176195652173913,204.0,0.0539215686274509,0.1854411764705882
5329,20260810,451,0.0576496674057649,0.2882483370288248,0.1712472160356347,0.0834621336198294,5.0,0.6,17.0,0.8235294117647058,0.1705882352941176,28.0,0.4285714285714285,0.1646428571428571,21.0,0.4761904761904761,0.1355,93.0,0.2903225806451613,0.1868478260869565,100.0,0.31,0.1714,192.0,0.1875,0.1684375
5330,20260810,586,0.1621160409556314,0.4539249146757679,0.1573162393162393,0.0677108797798265,5.0,0.8,58.0,0.8103448275862069,0.1389473684210526,69.0,0.5652173913043478,0.153623188405797,70.0,0.5571428571428572,0.1421428571428571,95.0,0.4947368421052631,0.1585263157894736,99.0,0.494949494949495,0.1456565656565656,195.0,0.2307692307692307,0.1747692307692307
5331,20260810,420,0.1,0.2619047619047619,0.1456937799043062,0.0757490316679427,5.0,0.6,40.0,0.625,0.1585,42.0,0.238095238095238,0.1759523809523809,54.0,0.3333333333333333,0.139074074074074,54.0,0.3333333333333333,0.1290566037735849,53.0,0.2452830188679245,0.1418867924528302,177.0,0.1468926553672316,0.14375
5332,20260727,482,0.0518672199170124,0.2385892116182572,0.1645228215767634,0.0777422628798639,5.0,0.6,41.0,0.5853658536585366,0.1751219512195121,50.0,0.36,0.171,68.0,0.3970588235294117,0.1545588235294117,69.0,0.2318840579710145,0.1702898550724637,86.0,0.1976744186046511,0.156860465116279,168.0,0.0773809523809523,0.1655952380952381
5333,20260810,445,0.0606741573033707,0.195505617977528,0.197191011235955,0.0818382724680233,5.0,0.0,13.0,0.9230769230769232,0.1869230769230769,27.0,0.1851851851851851,0.1877777777777778,26.0,0.4230769230769231,0.1769230769230769,72.0,0.1666666666666666,0.2055555555555555,91.0,0.3076923076923077,0.1841758241758242,216.0,0.0879629629629629,0.2041203703703704
5334,20260719,544,0.0183823529411764,0.1139705882352941,0.2060036832412523,0.0801819752669168,5.0,0.4,29.0,0.3793103448275862,0.1617241379310345,43.0,0.3255813953488372,0.1890697674418605,57.0,0.1929824561403508,0.1967857142857142,83.0,0.108433734939759,0.2046987951807229,109.0,0.091743119266055,0.2101834862385321,223.0,0.0313901345291479,0.2157847533632287
5335,20260801,510,0.0215686274509803,0.1333333333333333,0.189271653543307,0.0884738329549378,5.0,0.2,13.0,0.4615384615384615,0.1633333333333333,22.0,0.0454545454545454,0.2195454545454545,48.0,0.2916666666666667,0.1770833333333333,68.0,0.1764705882352941,0.1920588235294117,90.0,0.2111111111111111,0.1658426966292134,269.0,0.0594795539033457,0.197174721189591
5336,20260727,448,0.015625,0.0803571428571428,0.2012723214285714,0.0960419223102054,5.0,0.2,18.0,0.5555555555555556,0.1822222222222222,35.0,0.2571428571428571,0.18,38.0,0.1842105263157894,0.1313157894736842,65.0,0.0461538461538461,0.2001538461538461,84.0,0.0714285714285714,0.2019047619047619,208.0,0.0048076923076923,0.219375
5337,20260727,472,0.0423728813559322,0.1949152542372881,0.1898726114649681,0.0789580817688711,5.0,0.4,0.0,,,0.0,,,1.0,0.0,0.31,86.0,0.3837209302325581,0.172906976744186,110.0,0.3,0.178440366972477,275.0,0.0945454545454545,0.1992727272727272
5338,20260810,391,0.0358056265984654,0.2020460358056266,0.1726086956521739,0.0961927297372775,5.0,0.4,11.0,0.6363636363636364,0.1572727272727272,16.0,0.625,0.1275,16.0,0.5,0.169375,60.0,0.2833333333333333,0.1523333333333333,88.0,0.2272727272727272,0.1693181818181818,200.0,0.085,0.18485
5339,20260722,383,0.0809399477806788,0.3629242819843342,0.1644502617801047,0.0774365904245575,5.0,0.6,17.0,0.4117647058823529,0.2058823529411764,21.0,0.6190476190476191,0.1980952380952381,22.0,0.6363636363636364,0.1436363636363636,65.0,0.4769230769230769,0.1681538461538461,90.0,0.4444444444444444,0.1628888888888889,168.0,0.2023809523809523,0.1581437125748503
5340,20260805,462,0.0259740259740259,0.2207792207792207,0.1849565217391304,0.0831930590023144,5.0,0.8,8.0,0.5,0.19,18.0,0.4444444444444444,0.1575,38.0,0.4473684210526316,0.1555263157894736,80.0,0.3875,0.167125,102.0,0.2549019607843137,0.1940196078431372,216.0,0.074074074074074,0.1943055555555555
5341,20260727,315,0.0126984126984126,0.0698412698412698,0.2048407643312102,0.0996177733070332,5.0,0.4,6.0,0.5,0.13,6.0,0.1666666666666666,0.2033333333333333,6.0,0.3333333333333333,0.1366666666666667,27.0,0.1111111111111111,0.2018518518518518,33.0,0.0909090909090909,0.203030303030303,237.0,0.0421940928270042,0.2091101694915254
5342,20260802,322,0.0062111801242236,0.0527950310559006,0.1859190031152648,0.0892326912643762,5.0,0.2,3.0,1.0,0.15,7.0,0.1428571428571428,0.15,7.0,0.2857142857142857,0.2042857142857142,48.0,0.0416666666666666,0.170625,65.0,0.0769230769230769,0.1815384615384615,192.0,0.0208333333333333,0.1924607329842931
5343,20260810,400,0.015,0.215,0.1746616541353383,0.093180092468035,5.0,0.2,6.0,0.5,0.1849999999999999,11.0,0.4545454545454545,0.1790909090909091,12.0,0.6666666666666666,0.165,57.0,0.2456140350877192,0.1703508771929824,54.0,0.4259259259259259,0.1656603773584905,260.0,0.1269230769230769,0.1774615384615384
5344,20260801,386,0.0595854922279792,0.2202072538860103,0.1524935064935065,0.0763553931410904,5.0,0.8,14.0,0.6428571428571429,0.1471428571428571,18.0,0.3888888888888889,0.1622222222222222,36.0,0.3611111111111111,0.1555555555555555,43.0,0.4651162790697674,0.1323809523809523,80.0,0.2625,0.14425,195.0,0.0769230769230769,0.1591282051282051
5345,20260804,407,0.0122850122850122,0.0786240786240786,0.2119410319410319,0.0841924580181709,5.0,0.0,13.0,0.6153846153846154,0.1684615384615384,20.0,0.25,0.1595,27.0,0.1481481481481481,0.1681481481481481,65.0,0.0769230769230769,0.2104615384615384,71.0,0.0704225352112676,0.2107042253521126,211.0,0.0236966824644549,0.2260663507109004
5346,20260804,318,0.0,0.0628930817610062,0.2080817610062893,0.0788105337716782,5.0,0.0,6.0,0.3333333333333333,0.1433333333333333,6.0,0.0,0.2216666666666666,9.0,0.2222222222222222,0.2144444444444444,45.0,0.1333333333333333,0.2013333333333333,64.0,0.140625,0.2203125,188.0,0.0053191489361702,0.2068617021276595
5347,20260810,329,0.0,0.0151975683890577,0.2200914634146341,0.0917894139456863,5.0,0.0,0.0,,,0.0,,,6.0,0.0,0.2333333333333333,41.0,0.024390243902439,0.2304878048780487,78.0,0.0256410256410256,0.2175324675324675,204.0,0.0098039215686274,0.218578431372549
5348,20260804,305,0.0491803278688524,0.2655737704918032,0.1654125412541254,0.0740110470824572,5.0,0.4,4.0,0.25,0.1699999999999999,3.0,0.3333333333333333,0.24,13.0,0.6923076923076923,0.1592307692307692,39.0,0.5641025641025641,0.1526315789473684,42.0,0.5238095238095238,0.1463414634146341,204.0,0.1274509803921568,0.1708333333333333
5349,20260716,308,0.0032467532467532,0.0162337662337662,0.2074025974025974,0.0968417184627159,5.0,0.0,3.0,0.0,0.3033333333333333,4.0,0.25,0.1375,6.0,0.0,0.225,49.0,0.0,0.2044897959183673,62.0,0.032258064516129,0.1943548387096774,184.0,0.0108695652173913,0.2119565217391304
5350,20260809,370,0.0648648648648648,0.2972972972972973,0.1746612466124661,0.0865005076324306,5.0,0.4,29.0,0.5517241379310345,0.1579310344827586,40.0,0.35,0.1771794871794871,39.0,0.4358974358974359,0.1517948717948718,48.0,0.4166666666666667,0.1739583333333333,69.0,0.2463768115942029,0.1760869565217391,145.0,0.1793103448275862,0.1830344827586207
5351,20260810,419,0.0572792362768496,0.2601431980906921,0.161909307875895,0.085056103255163,5.0,0.6,21.0,0.8095238095238095,0.1619047619047619,37.0,0.4594594594594595,0.1675675675675675,24.0,0.4166666666666667,0.1466666666666666,50.0,0.24,0.1448,62.0,0.3709677419354839,0.1590322580645161,225.0,0.1333333333333333,0.1672
5352,20260804,412,0.0606796116504854,0.2694174757281553,0.1778640776699029,0.0847514983736363,5.0,0.0,24.0,0.6666666666666666,0.1729166666666667,35.0,0.4,0.1831428571428571,26.0,0.5384615384615384,0.1696153846153846,58.0,0.3620689655172414,0.146551724137931,60.0,0.3833333333333333,0.1618333333333333,209.0,0.1100478468899521,0.191866028708134
5353,20260810,327,0.0152905198776758,0.0795107033639143,0.1807645259938838,0.0819358455030039,5.0,0.2,2.0,1.0,0.09,5.0,0.2,0.144,10.0,0.2,0.181,19.0,0.2105263157894736,0.1784210526315789,61.0,0.1311475409836065,0.1768852459016393,230.0,0.0391304347826087,0.1835652173913043
5354,20260809,307,0.0260586319218241,0.1237785016286645,0.1970358306188925,0.0912633481533893,5.0,0.0,5.0,0.8,0.148,9.0,0.3333333333333333,0.1855555555555555,11.0,0.5454545454545454,0.1627272727272727,44.0,0.2045454545454545,0.1947727272727272,44.0,0.1590909090909091,0.1865909090909091,194.0,0.0463917525773195,0.2036597938144329
5355,20260805,338,0.0118343195266272,0.0621301775147929,0.1846153846153846,0.0807142670127673,5.0,0.0,8.0,0.125,0.145,20.0,0.1,0.187,30.0,0.0333333333333333,0.2003333333333333,37.0,0.1351351351351351,0.1694594594594594,50.0,0.1,0.1708,193.0,0.0362694300518134,0.1900518134715026
5356,20260803,358,0.0865921787709497,0.3184357541899441,0.1553501400560224,0.0736233360370479,5.0,0.2,19.0,0.7894736842105263,0.1573684210526316,23.0,0.4347826086956521,0.1408695652173913,28.0,0.4642857142857143,0.1646428571428571,49.0,0.3673469387755102,0.153469387755102,70.0,0.4285714285714285,0.1434285714285714,169.0,0.165680473372781,0.1610714285714285
5357,20260726,321,0.0,0.0186915887850467,0.2063949843260188,0.1027056272472932,5.0,0.0,11.0,0.0909090909090909,0.2209090909090909,12.0,0.0,0.2258333333333333,17.0,0.0,0.1835294117647058,36.0,0.0555555555555555,0.1925714285714286,47.0,0.0212765957446808,0.1787234042553191,198.0,0.0101010101010101,0.2154314720812182
5358,20260808,286,0.0104895104895104,0.1153846153846153,0.2030526315789473,0.0884534610616032,5.0,0.0,12.0,0.5833333333333334,0.1591666666666666,18.0,0.1111111111111111,0.2227777777777778,35.0,0.1428571428571428,0.1714285714285714,36.0,0.1388888888888889,0.2028571428571428,43.0,0.1860465116279069,0.1923255813953488,142.0,0.0422535211267605,0.2153521126760563
5359,20260803,369,0.062330623306233,0.2086720867208672,0.1815531335149863,0.0876302411609737,5.0,0.0,27.0,0.4814814814814814,0.1851851851851851,41.0,0.3414634146341463,0.1519512195121951,39.0,0.3076923076923077,0.1507894736842105,54.0,0.2037037037037037,0.1914814814814814,60.0,0.2166666666666666,0.1740677966101695,148.0,0.0945945945945946,0.1963513513513513
5360,20260805,336,0.0148809523809523,0.125,0.1881024096385542,0.0911391184390999,5.0,0.6,10.0,0.5,0.119,18.0,0.2222222222222222,0.1955555555555555,17.0,0.5882352941176471,0.2135294117647058,62.0,0.0967741935483871,0.1881967213114754,73.0,0.1095890410958904,0.1915277777777777,156.0,0.0576923076923076,0.1872727272727272
5361,20260810,323,0.0030959752321981,0.0804953560371517,0.2139687499999999,0.09147847573849,5.0,0.2,5.0,0.6,0.3379999999999999,10.0,0.2,0.208,12.0,0.1666666666666666,0.1775,46.0,0.1521739130434782,0.2122222222222222,60.0,0.0833333333333333,0.2110169491525423,190.0,0.0368421052631578,0.2146560846560846
5362,20260730,331,0.0090634441087613,0.0604229607250755,0.2134138972809667,0.0922239867624362,5.0,0.2,7.0,0.4285714285714285,0.2371428571428571,12.0,0.25,0.1883333333333333,13.0,0.1538461538461538,0.2561538461538462,33.0,0.0909090909090909,0.19,67.0,0.0746268656716417,0.1946268656716417,199.0,0.0201005025125628,0.2215075376884422
5363,20260505,196,0.0051020408163265,0.0051020408163265,0.2081122448979591,0.1097353386286296,5.0,0.0,0.0,,,0.0,,,1.0,0.0,0.13,0.0,,,7.0,0.1428571428571428,0.2357142857142857,188.0,0.0,0.2075
5364,20260804,265,0.0075471698113207,0.060377358490566,0.1737358490566037,0.0833678257796285,5.0,0.2,1.0,0.0,0.12,1.0,0.0,0.12,2.0,0.5,0.155,35.0,0.1142857142857142,0.1785714285714286,44.0,0.1590909090909091,0.1579545454545454,182.0,0.0219780219780219,0.1774175824175824
5365,20260804,247,0.0080971659919028,0.0566801619433198,0.2137246963562753,0.0903294303606541,5.0,0.2,2.0,0.5,0.2599999999999999,7.0,0.1428571428571428,0.2328571428571428,4.0,0.0,0.2025,35.0,0.0857142857142857,0.2034285714285714,62.0,0.064516129032258,0.1891935483870968,137.0,0.0364963503649635,0.2261313868613138
5366,20260727,238,0.0042016806722689,0.0126050420168067,0.1917647058823529,0.0990131733772047,5.0,0.2,4.0,0.25,0.1025,6.0,0.0,0.1433333333333333,10.0,0.0,0.236,20.0,0.1,0.202,20.0,0.0,0.1689999999999999,178.0,0.0,0.1943258426966292
5367,20260731,244,0.0081967213114754,0.0286885245901639,0.184139344262295,0.0881252662429435,5.0,0.0,0.0,,,0.0,,,8.0,0.0,0.18875,23.0,0.1739130434782608,0.1791304347826087,48.0,0.0416666666666666,0.1814583333333333,165.0,0.006060606060606,0.1853939393939394
5368,20260804,286,0.1153846153846153,0.3391608391608391,0.1766783216783216,0.0789517070590173,5.0,0.8,16.0,0.875,0.14125,17.0,0.8235294117647058,0.16,16.0,0.5625,0.15375,32.0,0.75,0.1665625,42.0,0.3333333333333333,0.1638095238095238,163.0,0.1349693251533742,0.1894478527607362
5369,20260809,271,0.029520295202952,0.1623616236162361,0.1771003717472119,0.090342970833618,5.0,0.4,17.0,0.5294117647058824,0.1235294117647058,27.0,0.4074074074074074,0.1888888888888888,26.0,0.2692307692307692,0.175,29.0,0.1379310344827586,0.1692857142857143,36.0,0.1666666666666666,0.164,136.0,0.0514705882352941,0.1868382352941176
5370,20260810,244,0.0,0.0163934426229508,0.1994262295081967,0.0930080128782132,5.0,0.0,0.0,,,0.0,,,1.0,0.0,0.16,28.0,0.0714285714285714,0.1457142857142857,40.0,0.025,0.197,175.0,0.0057142857142857,0.2087999999999999
5371,20260810,258,0.0077519379844961,0.0348837209302325,0.201046511627907,0.0982564561237672,5.0,0.2,0.0,,,0.0,,,1.0,0.0,0.11,53.0,0.0566037735849056,0.2158490566037735,53.0,0.0188679245283018,0.2062264150943396,151.0,0.0331125827814569,0.194635761589404
5372,20260803,232,0.0043103448275862,0.0344827586206896,0.1704329004329004,0.0843964236218509,5.0,0.0,0.0,,,0.0,,,0.0,,,5.0,0.2,0.212,21.0,0.0952380952380952,0.1914285714285714,206.0,0.0242718446601941,0.1672682926829268
5373,20260801,208,0.0,0.1057692307692307,0.2196116504854369,0.1029131251132568,5.0,0.4,1.0,1.0,0.16,3.0,0.6666666666666666,0.3033333333333333,5.0,0.0,0.266,34.0,0.1764705882352941,0.238235294117647,46.0,0.1739130434782608,0.225,119.0,0.042016806722689,0.2084615384615384
5374,20260810,255,0.0039215686274509,0.1098039215686274,0.1600392156862745,0.0920677416382374,5.0,0.6,0.0,,,0.0,,,0.0,,,51.0,0.2156862745098039,0.1547058823529412,58.0,0.1551724137931034,0.1229310344827586,146.0,0.0547945205479452,0.1766438356164383
5375,20260808,271,0.003690036900369,0.077490774907749,0.2014391143911439,0.0816558059612798,5.0,0.2,0.0,,,0.0,,,0.0,,,31.0,0.1290322580645161,0.1774193548387097,52.0,0.0769230769230769,0.180576923076923,188.0,0.0691489361702127,0.2111702127659574
5376,20260804,330,0.0818181818181818,0.3424242424242424,0.1676969696969697,0.0757797785646151,5.0,0.6,23.0,0.8260869565217391,0.1465217391304347,37.0,0.5405405405405406,0.1616216216216216,29.0,0.5862068965517241,0.1468965517241379,43.0,0.4418604651162791,0.1930232558139535,52.0,0.3461538461538461,0.1736538461538461,146.0,0.136986301369863,0.1671232876712328
5377,20260803,256,0.05859375,0.26171875,0.159921875,0.0740934386196536,5.0,0.6,6.0,0.8333333333333334,0.145,10.0,0.6,0.163,7.0,0.7142857142857143,0.1228571428571428,39.0,0.4102564102564102,0.1741025641025641,48.0,0.3333333333333333,0.17,146.0,0.1301369863013698,0.155
5378,20260727,241,0.0,0.0290456431535269,0.2171784232365145,0.1096407057060528,5.0,0.0,0.0,,,0.0,,,3.0,0.0,0.2166666666666666,22.0,0.0909090909090909,0.2159090909090909,50.0,0.04,0.205,166.0,0.0180722891566265,0.2210240963855421
5379,20260804,262,0.015267175572519,0.0954198473282442,0.2001908396946565,0.0935779557867052,5.0,0.2,12.0,0.5,0.1533333333333333,21.0,0.0476190476190476,0.2161904761904761,18.0,0.1111111111111111,0.1705555555555555,16.0,0.375,0.21,21.0,0.1428571428571428,0.1666666666666666,174.0,0.0402298850574712,0.2077011494252873
5380,20260730,238,0.0,0.0,0.2697899159663866,0.0983581497009676,5.0,0.0,0.0,,,0.0,,,0.0,,,28.0,0.0,0.2585714285714285,34.0,0.0,0.2829411764705882,176.0,0.0,0.2690340909090909
5381,20260717,249,0.0281124497991967,0.1285140562248996,0.1712903225806451,0.0912190534526595,5.0,0.2,6.0,0.6666666666666666,0.1316666666666666,11.0,0.2727272727272727,0.1645454545454545,10.0,0.3,0.15,41.0,0.1951219512195122,0.1753658536585366,53.0,0.1698113207547169,0.1822641509433962,128.0,0.0390625,0.1695275590551181
5382,20260810,285,0.0105263157894736,0.1157894736842105,0.1785815602836879,0.08310534680193,5.0,0.2,0.0,,,0.0,,,14.0,0.2142857142857142,0.1771428571428571,46.0,0.1521739130434782,0.1726086956521739,56.0,0.1428571428571428,0.1852727272727272,169.0,0.0887573964497041,0.1781437125748503
5383,20260805,253,0.0039525691699604,0.0434782608695652,0.1778260869565217,0.0892238014786454,5.0,0.4,0.0,,,0.0,,,0.0,,,30.0,0.0333333333333333,0.1776666666666666,49.0,0.1224489795918367,0.1616326530612245,174.0,0.0229885057471264,0.1824137931034482
5384,20260810,258,0.0155038759689922,0.0348837209302325,0.2174806201550387,0.0920579191440627,5.0,0.0,1.0,0.0,0.28,1.0,0.0,0.58,10.0,0.0,0.208,27.0,0.0,0.2281481481481481,31.0,0.064516129032258,0.2135483870967742,188.0,0.0372340425531914,0.2148404255319149
5385,20260727,282,0.0035460992907801,0.0815602836879432,0.1644326241134751,0.0770870195367371,5.0,0.2,0.0,,,1.0,0.0,0.34,2.0,0.0,0.125,39.0,0.2051282051282051,0.1587179487179487,50.0,0.16,0.1424,190.0,0.0368421052631578,0.1708947368421052
5386,20260810,291,0.0240549828178694,0.1305841924398625,0.1805862068965517,0.0743013515639725,5.0,0.0,16.0,0.375,0.1825,18.0,0.2777777777777778,0.1772222222222222,19.0,0.3684210526315789,0.1694736842105263,35.0,0.2285714285714285,0.1777142857142857,53.0,0.0754716981132075,0.1783018867924528,150.0,0.0533333333333333,0.1836912751677852
5387,20260810,246,0.0,0.008130081300813,0.2057723577235772,0.0908810365980732,5.0,0.0,0.0,,,0.0,,,0.0,,,18.0,0.0,0.2244444444444444,29.0,0.0344827586206896,0.1924137931034482,199.0,0.0050251256281407,0.2060301507537688
5388,20260810,263,0.0418250950570342,0.2737642585551331,0.1579770992366412,0.0866428102890925,5.0,0.0,0.0,,,1.0,1.0,0.13,3.0,0.6666666666666666,0.1033333333333333,44.0,0.5,0.1368181818181818,46.0,0.3478260869565217,0.1488888888888889,169.0,0.1834319526627219,0.1670414201183432
5389,20260810,319,0.0031347962382445,0.0532915360501567,0.1832288401253918,0.0833877954781443,5.0,0.2,0.0,,,0.0,,,0.0,,,26.0,0.1923076923076923,0.1996153846153845,45.0,0.1111111111111111,0.1835555555555555,248.0,0.0282258064516129,0.1814516129032258
5390,20260805,228,0.0043859649122807,0.0394736842105263,0.1682894736842105,0.0756211962864458,5.0,0.4,0.0,,,0.0,,,0.0,,,16.0,0.125,0.1475,34.0,0.088235294117647,0.1488235294117647,178.0,0.0224719101123595,0.173876404494382
5391,20260731,237,0.0,0.0295358649789029,0.1982700421940928,0.0964384921772211,5.0,0.0,0.0,,,0.0,,,0.0,,,31.0,0.1290322580645161,0.2170967741935484,35.0,0.0,0.1854285714285714,171.0,0.0175438596491228,0.197485380116959
5392,20260810,200,0.0,0.02,0.1914,0.097375767005965,5.0,0.0,0.0,,,0.0,,,0.0,,,23.0,0.0869565217391304,0.2121739130434782,30.0,0.0,0.1906666666666666,147.0,0.0136054421768707,0.1882993197278911
5393,20260720,181,0.0,0.0165745856353591,0.2135359116022099,0.1019841016906539,5.0,0.0,0.0,,,0.0,,,0.0,,,7.0,0.0,0.2142857142857142,13.0,0.0769230769230769,0.1669230769230769,161.0,0.0124223602484472,0.2172670807453416
5394,20260804,223,0.0134529147982062,0.179372197309417,0.1908558558558558,0.0849572597205351,5.0,0.2,0.0,,,0.0,,,0.0,,,34.0,0.1764705882352941,0.1796969696969697,43.0,0.2558139534883721,0.1748837209302325,146.0,0.1575342465753424,0.1980821917808219
5395,20260810,178,0.0224719101123595,0.0898876404494382,0.1997191011235955,0.0911563034442433,5.0,0.4,1.0,0.0,0.14,1.0,0.0,0.2,5.0,0.6,0.154,22.0,0.1818181818181818,0.1704545454545454,38.0,0.1052631578947368,0.1923684210526316,111.0,0.045045045045045,0.2106306306306306
5396,20260810,180,0.0055555555555555,0.05,0.2041666666666666,0.0896776635140174,5.0,0.0,0.0,,,0.0,,,4.0,0.0,0.165,19.0,0.2105263157894736,0.2052631578947368,24.0,0.0833333333333333,0.17125,133.0,0.0225563909774436,0.2111278195488722
5397,20260726,178,0.0,0.0112359550561797,0.1937640449438202,0.0941841994515802,5.0,0.0,0.0,,,0.0,,,0.0,,,1.0,0.0,0.3,31.0,0.0,0.2048387096774193,146.0,0.0136986301369863,0.1906849315068493
5398,20260810,256,0.04296875,0.2421875,0.1796875,0.0844600266028254,5.0,0.4,12.0,0.6666666666666666,0.1341666666666666,21.0,0.3809523809523809,0.1595238095238095,16.0,0.375,0.176875,38.0,0.2368421052631578,0.1752631578947368,46.0,0.3260869565217391,0.1619565217391304,123.0,0.1300813008130081,0.1959349593495935
5399,20260720,171,0.0,0.0350877192982456,0.2387134502923976,0.0916233377361905,5.0,0.0,0.0,,,0.0,,,0.0,,,11.0,0.0909090909090909,0.2463636363636363,9.0,0.0,0.2377777777777777,151.0,0.0331125827814569,0.2382119205298013
5400,20260727,196,0.010204081632653,0.0510204081632653,0.1833846153846153,0.0874178340616579,5.0,0.4,3.0,0.3333333333333333,0.18,4.0,0.25,0.16,7.0,0.1428571428571428,0.1428571428571428,20.0,0.0,0.187,24.0,0.0,0.1782608695652174,138.0,0.0507246376811594,0.1865217391304348
5401,20260505,131,0.015267175572519,0.0916030534351145,0.2051908396946564,0.0890436992386552,5.0,0.0,0.0,,,0.0,,,0.0,,,0.0,,,3.0,0.3333333333333333,0.1933333333333333,128.0,0.0859375,0.20546875
5402,20260720,156,0.0,0.0128205128205128,0.1991666666666666,0.1020806514561373,5.0,0.0,0.0,,,0.0,,,0.0,,,3.0,0.0,0.29,4.0,0.0,0.2075,149.0,0.0134228187919463,0.1971140939597315
5403,20260810,188,0.0,0.0691489361702127,0.1896808510638297,0.0782311377260614,5.0,0.2,0.0,,,0.0,,,0.0,,,11.0,0.1818181818181818,0.1772727272727272,28.0,0.1785714285714285,0.1567857142857142,149.0,0.0402684563758389,0.1967785234899328
5404,20260804,194,0.0103092783505154,0.0824742268041237,0.2111855670103093,0.0932082061226156,5.0,0.2,0.0,,,0.0,,,1.0,0.0,0.05,12.0,0.1666666666666666,0.1408333333333333,13.0,0.0,0.2084615384615384,168.0,0.0833333333333333,0.2173809523809524
5405,20260810,188,0.0106382978723404,0.0797872340425532,0.1897340425531914,0.0944887334871105,5.0,0.0,0.0,,,0.0,,,1.0,1.0,0.24,24.0,0.2083333333333333,0.18375,41.0,0.073170731707317,0.1921951219512195,122.0,0.0491803278688524,0.189672131147541
5406,20260731,195,0.0,0.0205128205128205,0.1977435897435897,0.103502933923167,5.0,0.2,0.0,,,0.0,,,0.0,,,4.0,0.25,0.115,19.0,0.0,0.1378947368421052,172.0,0.0174418604651162,0.2062790697674419
5407,20260804,188,0.0053191489361702,0.101063829787234,0.1920744680851064,0.0884046233702044,5.0,0.2,2.0,0.5,0.17,2.0,0.0,0.095,2.0,0.5,0.29,21.0,0.3333333333333333,0.1723809523809523,30.0,0.1333333333333333,0.163,131.0,0.0458015267175572,0.2022137404580153
5408,20260126,100,0.0,0.04,0.21,0.080548122262409,5.0,0.0,0.0,,,0.0,,,0.0,,,2.0,0.0,0.14,8.0,0.0,0.21625,90.0,0.0444444444444444,0.211
5409,20260805,179,0.0111731843575419,0.0558659217877094,0.1612849162011173,0.0993780791806775,5.0,0.6,0.0,,,0.0,,,0.0,,,6.0,0.1666666666666666,0.1266666666666666,21.0,0.0952380952380952,0.15,152.0,0.0460526315789473,0.1642105263157894
5410,20260810,143,0.0069930069930069,0.0349650349650349,0.1833566433566433,0.1139865288074521,5.0,0.0,0.0,,,0.0,,,0.0,,,0.0,,,5.0,0.0,0.194,138.0,0.036231884057971,0.1829710144927536
5411,20260810,184,0.0,0.0434782608695652,0.180327868852459,0.0962516149284391,5.0,0.4,0.0,,,0.0,,,0.0,,,9.0,0.1111111111111111,0.1522222222222222,15.0,0.2666666666666666,0.15,160.0,0.01875,0.1847798742138364
5412,20260810,191,0.0,0.0209424083769633,0.1852879581151832,0.1004742461936726,5.0,0.0,0.0,,,0.0,,,0.0,,,17.0,0.0588235294117647,0.2111764705882353,35.0,0.0285714285714285,0.176,139.0,0.014388489208633,0.1844604316546762
5413,20260810,188,0.0053191489361702,0.0585106382978723,0.1461497326203208,0.0868284868939459,5.0,0.0,0.0,,,0.0,,,0.0,,,0.0,,,37.0,0.1891891891891892,0.1569444444444444,151.0,0.0264900662251655,0.1435761589403973
5414,20251027,59,0.0,0.0169491525423728,0.2138983050847457,0.1000511216642762,5.0,0.0,0.0,,,0.0,,,0.0,,,0.0,,,0.0,,,59.0,0.0169491525423728,0.2138983050847457
5415,20260502,140,0.0,0.0071428571428571,0.2472857142857142,0.1164219104141905,5.0,0.0,0.0,,,0.0,,,0.0,,,0.0,,,11.0,0.0,0.2554545454545454,129.0,0.0077519379844961,0.2465891472868217
5416,20260805,181,0.0276243093922651,0.1270718232044199,0.1608839779005525,0.0788332937046968,5.0,0.4,0.0,,,0.0,,,0.0,,,20.0,0.25,0.1385,31.0,0.1612903225806451,0.157741935483871,130.0,0.1,0.1650769230769231
5417,20260709,175,0.0171428571428571,0.1771428571428571,0.1876436781609195,0.0853099119723141,5.0,0.2,0.0,,,0.0,,,7.0,0.4285714285714285,0.1483333333333333,20.0,0.5,0.1905,31.0,0.1935483870967742,0.1680645161290322,117.0,0.1025641025641025,0.1943589743589743
5418,20260731,171,0.0,0.0,0.202046783625731,0.0990239980876215,5.0,0.0,0.0,,,0.0,,,0.0,,,4.0,0.0,0.19,18.0,0.0,0.2272222222222222,149.0,0.0,0.1993288590604026
5419,20260809,196,0.0,0.0561224489795918,0.2300510204081632,0.0912246467377548,5.0,0.0,0.0,,,0.0,,,0.0,,,13.0,0.0,0.2176923076923076,10.0,0.1,0.21,173.0,0.0578034682080924,0.2321387283236994
5420,20260729,172,0.0,0.0348837209302325,0.1805813953488372,0.084459356554978,5.0,0.0,0.0,,,0.0,,,0.0,,,13.0,0.1538461538461538,0.1692307692307692,20.0,0.05,0.1565,139.0,0.0215827338129496,0.1851079136690647
5421,20260810,86,0.0,0.0348837209302325,0.2369767441860465,0.0860917542906494,5.0,0.0,0.0,,,0.0,,,0.0,,,7.0,0.1428571428571428,0.2114285714285714,7.0,0.1428571428571428,0.2128571428571428,72.0,0.0138888888888888,0.2418055555555555
5422,20260705,82,0.0,0.0121951219512195,0.1464634146341463,0.0799141605208671,5.0,0.0,0.0,,,0.0,,,0.0,,,4.0,0.25,0.1975,7.0,0.0,0.1271428571428571,71.0,0.0,0.1454929577464788
5423,20260810,83,0.0,0.0,0.2215662650602409,0.1219073510312147,5.0,0.0,0.0,,,0.0,,,0.0,,,0.0,,,1.0,0.0,0.15,82.0,0.0,0.2224390243902439
5424,20260810,88,0.0113636363636363,0.0113636363636363,0.2086363636363636,0.1019155378708474,5.0,0.0,0.0,,,0.0,,,0.0,,,8.0,0.0,0.1625,8.0,0.0,0.19125,72.0,0.0138888888888888,0.2156944444444444
5425,20260809,105,0.0,0.0095238095238095,0.2414285714285714,0.1220806023469238,5.0,0.0,0.0,,,0.0,,,0.0,,,4.0,0.25,0.165,10.0,0.0,0.1659999999999999,91.0,0.0,0.2530769230769231
5426,20260810,121,0.0,0.0826446280991735,0.1865289256198347,0.1095196932651625,5.0,0.4,0.0,,,0.0,,,0.0,,,5.0,0.0,0.1699999999999999,14.0,0.2142857142857142,0.1328571428571428,102.0,0.0686274509803921,0.1947058823529412
5427,20260808,139,0.0071942446043165,0.1223021582733813,0.2205035971223021,0.072551879141183,5.0,0.0,0.0,,,0.0,,,0.0,,,9.0,0.1111111111111111,0.2344444444444444,14.0,0.2142857142857142,0.2157142857142857,116.0,0.1120689655172413,0.22
5428,20260810,93,0.0,0.0,0.193010752688172,0.0994802076412021,5.0,0.0,0.0,,,0.0,,,0.0,,,0.0,,,3.0,0.0,0.13,90.0,0.0,0.1951111111111111
5429,20260802,93,0.0,0.010752688172043,0.2191397849462365,0.0971602812115889,5.0,0.0,0.0,,,0.0,,,0.0,,,0.0,,,4.0,0.25,0.185,89.0,0.0,0.2206741573033707
5430,20260810,89,0.0,0.0337078651685393,0.1803370786516853,0.0895864335410882,5.0,0.0,0.0,,,0.0,,,0.0,,,0.0,,,0.0,,,89.0,0.0337078651685393,0.1803370786516853
5431,20260722,102,0.0,0.0196078431372549,0.1675490196078431,0.0905044281714805,5.0,0.0,0.0,,,0.0,,,0.0,,,0.0,,,6.0,0.1666666666666666,0.1633333333333333,96.0,0.0104166666666666,0.1678125
5432,20260804,124,0.0161290322580645,0.1290322580645161,0.1668548387096774,0.0728162394981463,5.0,0.0,0.0,,,0.0,,,0.0,,,12.0,0.25,0.1391666666666667,18.0,0.2222222222222222,0.1722222222222222,94.0,0.0957446808510638,0.1693617021276595
5433,20260810,114,0.0,0.0526315789473684,0.2367543859649123,0.0822650361026714,5.0,0.2,0.0,,,0.0,,,0.0,,,8.0,0.0,0.26375,22.0,0.1818181818181818,0.2109090909090909,84.0,0.0238095238095238,0.2409523809523809
5434,20260804,125,0.024,0.208,0.1544799999999999,0.0779790330794118,5.0,0.4,0.0,,,0.0,,,0.0,,,9.0,0.3333333333333333,0.1055555555555555,22.0,0.2727272727272727,0.1277272727272727,94.0,0.1808510638297872,0.1654255319148936
5435,20260808,96,0.0,0.0,0.2269791666666666,0.0904631576903302,5.0,0.0,0.0,,,0.0,,,0.0,,,0.0,,,2.0,0.0,0.23,94.0,0.0,0.2269148936170212
5436,20260730,106,0.0,0.0094339622641509,0.21,0.0830775950088399,5.0,0.0,0.0,,,0.0,,,0.0,,,2.0,0.5,0.155,5.0,0.0,0.2,99.0,0.0,0.2116161616161616
5437,20260717,76,0.0,0.0394736842105263,0.2221052631578947,0.0994632408887254,5.0,0.2,0.0,,,0.0,,,0.0,,,0.0,,,1.0,0.0,0.12,75.0,0.04,0.2234666666666666
5438,20260731,102,0.0,0.0098039215686274,0.2097058823529412,0.1069584478816005,5.0,0.0,0.0,,,0.0,,,0.0,,,0.0,,,6.0,0.0,0.155,96.0,0.0104166666666666,0.213125
5439,20260719,104,0.0096153846153846,0.0288461538461538,0.2086538461538462,0.1019337802797981,5.0,0.0,0.0,,,0.0,,,0.0,,,2.0,0.0,0.12,6.0,0.0,0.2833333333333334,96.0,0.03125,0.2058333333333333
5440,20260810,101,0.0,0.0297029702970297,0.1865346534653465,0.0994881518749533,5.0,0.0,0.0,,,0.0,,,0.0,,,0.0,,,2.0,0.0,0.26,99.0,0.0303030303030303,0.185050505050505
5441,20260714,119,0.0504201680672268,0.2773109243697479,0.1755462184873949,0.0786193625411223,5.0,0.6,0.0,,,0.0,,,0.0,,,4.0,0.75,0.1775,8.0,0.25,0.185,107.0,0.2616822429906542,0.1747663551401869
5442,20260802,99,0.0,0.0404040404040404,0.2176767676767677,0.0959042902825654,5.0,0.2,0.0,,,0.0,,,0.0,,,0.0,,,0.0,,,99.0,0.0404040404040404,0.2176767676767677
5443,20260810,99,0.0,0.0202020202020202,0.227070707070707,0.0882747378582599,5.0,0.0,0.0,,,0.0,,,0.0,,,0.0,,,0.0,,,99.0,0.0202020202020202,0.227070707070707
5444,20260802,108,0.0,0.0185185185185185,0.198411214953271,0.0856765219665277,5.0,0.0,0.0,,,0.0,,,0.0,,,0.0,,,4.0,0.0,0.15,104.0,0.0192307692307692,0.1998076923076923
5445,20260723,31,0.0,0.0,0.162258064516129,0.0731198608304667,5.0,0.0,0.0,,,0.0,,,0.0,,,0.0,,,0.0,,,31.0,0.0,0.162258064516129
5446,20260810,30,0.0,0.0,0.2416666666666666,0.097231110704799,5.0,0.0,0.0,,,0.0,,,0.0,,,0.0,,,1.0,0.0,0.17,29.0,0.0,0.2441379310344827
5447,20260810,38,0.0,0.0,0.1957894736842105,0.081098756527146,5.0,0.0,0.0,,,0.0,,,0.0,,,0.0,,,0.0,,,38.0,0.0,0.1957894736842105
5448,20260729,37,0.0,0.0,0.2256756756756757,0.1003114215840804,5.0,0.0,0.0,,,0.0,,,0.0,,,0.0,,,0.0,,,37.0,0.0,0.2256756756756757
5449,20260714,29,0.0344827586206896,0.0689655172413793,0.1631034482758621,0.0855853455179082,5.0,0.0,0.0,,,0.0,,,0.0,,,0.0,,,0.0,,,29.0,0.0689655172413793,0.1631034482758621
5450,20260804,37,0.027027027027027,0.054054054054054,0.2089189189189189,0.0773473661314975,5.0,0.2,0.0,,,0.0,,,0.0,,,0.0,,,0.0,,,37.0,0.054054054054054,0.2089189189189189
5451,20260810,21,0.0,0.0476190476190476,0.3328571428571428,0.1185685599194008,5.0,0.0,0.0,,,0.0,,,0.0,,,0.0,,,1.0,0.0,0.4,20.0,0.05,0.3295
5452,20260803,41,0.0,0.0,0.1936585365853658,0.0794111283459409,5.0,0.0,0.0,,,0.0,,,0.0,,,0.0,,,0.0,,,41.0,0.0,0.1936585365853658
5453,20260809,46,0.0,0.0869565217391304,0.1767391304347826,0.0838231665556591,5.0,0.2,0.0,,,0.0,,,0.0,,,0.0,,,0.0,,,46.0,0.0869565217391304,0.1767391304347826
5454,20260805,40,0.0,0.025,0.21575,0.0861071280440823,5.0,0.0,0.0,,,0.0,,,0.0,,,0.0,,,0.0,,,40.0,0.025,0.21575
5455,20260727,40,0.0,0.025,0.199,0.1217949095816405,5.0,0.0,0.0,,,0.0,,,0.0,,,0.0,,,0.0,,,40.0,0.025,0.199
5456,20260810,45,0.0,0.0444444444444444,0.1465909090909091,0.0889060582304863,5.0,0.2,0.0,,,0.0,,,0.0,,,0.0,,,1.0,0.0,0.17,44.0,0.0454545454545454,0.146046511627907
5457,20260810,43,0.0,0.0,0.2147619047619047,0.1050903940886378,5.0,0.0,0.0,,,0.0,,,0.0,,,0.0,,,1.0,0.0,0.25,42.0,0.0,0.2139024390243902
5458,20260801,40,0.0,0.0,0.2137499999999999,0.1055387961841521,5.0,0.0,0.0,,,0.0,,,0.0,,,0.0,,,0.0,,,40.0,0.0,0.2137499999999999
5459,20260726,27,0.0,0.0,0.2381481481481481,0.1100853889802866,5.0,0.0,0.0,,,0.0,,,0.0,,,0.0,,,1.0,0.0,0.27,26.0,0.0,0.2369230769230769
5460,20260808,55,0.0,0.0545454545454545,0.1878181818181818,0.0887425471204285,5.0,0.0,0.0,,,0.0,,,0.0,,,0.0,,,0.0,,,55.0,0.0545454545454545,0.1878181818181818
5461,20260801,38,0.0,0.0,0.2089473684210526,0.0996253369190422,5.0,0.0,0.0,,,0.0,,,0.0,,,0.0,,,0.0,,,38.0,0.0,0.2089473684210526
5462,20260810,33,0.0,0.0303030303030303,0.226060606060606,0.1044158177364525,5.0,0.0,0.0,,,0.0,,,0.0,,,0.0,,,0.0,,,33.0,0.0303030303030303,0.226060606060606
5463,20260720,28,0.0,0.0,0.2107142857142857,0.0729935697475456,5.0,0.0,0.0,,,0.0,,,0.0,,,0.0,,,0.0,,,28.0,0.0,0.2107142857142857
5464,20260810,33,0.0,0.0,0.2193939393939393,0.1213794299866131,5.0,0.0,0.0,,,0.0,,,0.0,,,0.0,,,1.0,0.0,0.1,32.0,0.0,0.223125
5465,20260703,20,0.0,0.0,0.2339999999999999,0.1086922260329596,5.0,0.0,0.0,,,0.0,,,0.0,,,0.0,,,0.0,,,20.0,0.0,0.2339999999999999
5466,20260809,37,0.0,0.054054054054054,0.1937837837837838,0.0935588079650715,5.0,0.2,0.0,,,0.0,,,0.0,,,0.0,,,0.0,,,37.0,0.054054054054054,0.1937837837837838
5467,20260726,35,0.0,0.1714285714285714,0.1874285714285714,0.0818829428301805,5.0,0.2,0.0,,,0.0,,,0.0,,,0.0,,,0.0,,,35.0,0.1714285714285714,0.1874285714285714
5468,20260805,37,0.0,0.0,0.1905405405405405,0.0713175595657235,5.0,0.0,0.0,,,0.0,,,0.0,,,0.0,,,0.0,,,37.0,0.0,0.1905405405405405
5469,20260802,41,0.0,0.0,0.2348780487804878,0.1294664840557343,5.0,0.0,0.0,,,0.0,,,0.0,,,0.0,,,0.0,,,41.0,0.0,0.2348780487804878
5470,20260810,31,0.0,0.0,0.2219354838709677,0.1017720208346374,5.0,0.0,0.0,,,0.0,,,0.0,,,0.0,,,0.0,,,31.0,0.0,0.2219354838709677
5471,20260731,43,0.0,0.0,0.1976744186046511,0.0806323037954371,5.0,0.0,0.0,,,0.0,,,0.0,,,0.0,,,0.0,,,43.0,0.0,0.1976744186046511
5472,20260810,30,0.0,0.0,0.2536666666666666,0.0729147142595757,5.0,0.0,0.0,,,0.0,,,0.0,,,0.0,,,0.0,,,30.0,0.0,0.2536666666666666
